source,ticker,date,open,high,low,close,adjusted_close,volume,collected_at
YAHOO_FINANCE,PETR4.SA,2024-01-02,37.439998626708984,37.88999938964844,37.400001525878906,37.779998779296875,26.847414016723633,24043800,2026-07-21 07:17:47.497845-03:00
YAHOO_FINANCE,PETR4.SA,2024-01-03,37.79999923706055,39.119998931884766,37.66999816894531,38.959999084472656,27.685951232910156,52300200,2026-07-21 07:17:47.497845-03:00
YAHOO_FINANCE,PETR4.SA,2024-01-04,39.119998931884766,39.349998474121094,38.5099983215332,38.630001068115234,27.451444625854492,45344900,2026-07-21 07:17:47.497845-03:00
YAHOO_FINANCE,PETR4.SA,2024-01-05,38.869998931884766,39.13999938964844,38.40999984741211,38.720001220703125,27.515403747558594,35783700,2026-07-21 07:17:47.497845-03:00
YAHOO_FINANCE,PETR4.SA,2024-01-08,38.380001068115234,38.43000030517578,37.61000061035156,38.43000030517578,27.309322357177734,35158100,2026-07-21 07:17:47.497845-03:00
YAHOO_FINANCE,PETR4.SA,2024-01-09,38.66999816894531,38.75,38.029998779296875,38.099998474121094,27.07481575012207,27279000,2026-07-21 07:17:47.497845-03:00
YAHOO_FINANCE,PETR4.SA,2024-01-10,38.099998474121094,38.27000045776367,37.5099983215332,37.75,26.826101303100586,27382000,2026-07-21 07:17:47.497845-03:00
YAHOO_FINANCE,PETR4.SA,2024-01-11,37.97999954223633,38.150001525878906,37.70000076293945,38.06999969482422,27.053495407104492,26564400,2026-07-21 07:17:47.497845-03:00
YAHOO_FINANCE,PETR4.SA,2024-01-12,38.5,38.72999954223633,38.16999816894531,38.16999816894531,27.124555587768555,24479500,2026-07-21 07:17:47.497845-03:00
YAHOO_FINANCE,PETR4.SA,2024-01-15,37.9900016784668,38.619998931884766,37.86000061035156,38.58000183105469,27.415912628173828,13818300,2026-07-21 07:17:47.497845-03:00
YAHOO_FINANCE,PETR4.SA,2024-01-16,38.61000061035156,38.790000915527344,38.08000183105469,38.099998474121094,27.07481575012207,31277700,2026-07-21 07:17:47.497845-03:00
YAHOO_FINANCE,PETR4.SA,2024-01-17,37.970001220703125,38.150001525878906,37.81999969482422,37.880001068115234,26.918474197387695,27577300,2026-07-21 07:17:47.497845-03:00
YAHOO_FINANCE,PETR4.SA,2024-01-18,38.13999938964844,38.13999938964844,37.560001373291016,37.72999954223633,26.811878204345703,22987200,2026-07-21 07:17:47.497845-03:00
YAHOO_FINANCE,PETR4.SA,2024-01-19,37.810001373291016,37.900001525878906,37.22999954223633,37.529998779296875,26.66975212097168,31745200,2026-07-21 07:17:47.497845-03:00
YAHOO_FINANCE,PETR4.SA,2024-01-22,37.5,37.810001373291016,37.22999954223633,37.70000076293945,26.790569305419922,22753700,2026-07-21 07:17:47.497845-03:00
YAHOO_FINANCE,PETR4.SA,2024-01-23,37.84000015258789,38.369998931884766,37.43000030517578,38.16999816894531,27.124555587768555,32498500,2026-07-21 07:17:47.497845-03:00
YAHOO_FINANCE,PETR4.SA,2024-01-24,38.290000915527344,38.540000915527344,37.77000045776367,37.880001068115234,26.918474197387695,25415300,2026-07-21 07:17:47.497845-03:00
YAHOO_FINANCE,PETR4.SA,2024-01-25,38.2599983215332,39.279998779296875,38.130001068115234,39.279998779296875,27.913352966308594,48655300,2026-07-21 07:17:47.497845-03:00
YAHOO_FINANCE,PETR4.SA,2024-01-26,39.099998474121094,40.09000015258789,38.90999984741211,39.959999084472656,28.396574020385742,41378200,2026-07-21 07:17:47.497845-03:00
YAHOO_FINANCE,PETR4.SA,2024-01-29,40.0,40.59000015258789,39.83000183105469,40.56999969482422,28.830059051513672,30547500,2026-07-21 07:17:47.497845-03:00
YAHOO_FINANCE,PETR4.SA,2024-01-30,40.16999816894531,40.7400016784668,40.04999923706055,40.31999969482422,28.652402877807617,34829000,2026-07-21 07:17:47.497845-03:00
YAHOO_FINANCE,PETR4.SA,2024-01-31,40.22999954223633,41.2400016784668,40.18000030517578,40.7599983215332,28.965072631835938,57978900,2026-07-21 07:17:47.497845-03:00
YAHOO_FINANCE,PETR4.SA,2024-02-01,40.779998779296875,41.880001068115234,40.66999816894531,41.56999969482422,29.540679931640625,61629200,2026-07-21 07:17:47.497845-03:00
YAHOO_FINANCE,PETR4.SA,2024-02-02,41.58000183105469,41.779998779296875,41.02000045776367,41.029998779296875,29.156949996948242,36485600,2026-07-21 07:17:47.497845-03:00
YAHOO_FINANCE,PETR4.SA,2024-02-05,41.0099983215332,41.68000030517578,40.93000030517578,41.209999084472656,29.28485870361328,27703000,2026-07-21 07:17:47.497845-03:00
YAHOO_FINANCE,PETR4.SA,2024-02-06,41.45000076293945,42.349998474121094,41.27000045776367,41.59000015258789,29.554899215698242,35474600,2026-07-21 07:17:47.497845-03:00
YAHOO_FINANCE,PETR4.SA,2024-02-07,41.52000045776367,42.20000076293945,41.41999816894531,42.20000076293945,29.988370895385742,30648100,2026-07-21 07:17:47.497845-03:00
YAHOO_FINANCE,PETR4.SA,2024-02-08,42.29999923706055,42.45000076293945,41.86000061035156,41.86000061035156,29.746767044067383,25589100,2026-07-21 07:17:47.497845-03:00
YAHOO_FINANCE,PETR4.SA,2024-02-09,42.13999938964844,42.33000183105469,41.29999923706055,41.29999923706055,29.348814010620117,30388000,2026-07-21 07:17:47.497845-03:00
YAHOO_FINANCE,PETR4.SA,2024-02-14,41.099998474121094,41.400001525878906,40.86000061035156,40.9900016784668,29.128524780273438,18315300,2026-07-21 07:17:47.497845-03:00
YAHOO_FINANCE,PETR4.SA,2024-02-15,41.0099983215332,42.29999923706055,40.849998474121094,42.29999923706055,30.059436798095703,33246400,2026-07-21 07:17:47.497845-03:00
YAHOO_FINANCE,PETR4.SA,2024-02-16,42.09000015258789,42.88999938964844,42.060001373291016,42.689998626708984,30.336580276489258,37268900,2026-07-21 07:17:47.497845-03:00
YAHOO_FINANCE,PETR4.SA,2024-02-19,42.7599983215332,42.939998626708984,42.560001373291016,42.900001525878906,30.485816955566406,12826700,2026-07-21 07:17:47.497845-03:00
YAHOO_FINANCE,PETR4.SA,2024-02-20,42.77000045776367,42.81999969482422,42.099998474121094,42.45000076293945,30.166038513183594,42375400,2026-07-21 07:17:47.497845-03:00
YAHOO_FINANCE,PETR4.SA,2024-02-21,42.45000076293945,42.720001220703125,42.130001068115234,42.5099983215332,30.208663940429688,20873800,2026-07-21 07:17:47.497845-03:00
YAHOO_FINANCE,PETR4.SA,2024-02-22,42.66999816894531,42.68000030517578,41.79999923706055,42.189998626708984,29.981266021728516,32162800,2026-07-21 07:17:47.497845-03:00
YAHOO_FINANCE,PETR4.SA,2024-02-23,42.13999938964844,42.2400016784668,41.61000061035156,41.900001525878906,29.775192260742188,43924500,2026-07-21 07:17:47.497845-03:00
YAHOO_FINANCE,PETR4.SA,2024-02-26,41.900001525878906,42.72999954223633,41.83000183105469,42.689998626708984,30.336580276489258,25885700,2026-07-21 07:17:47.497845-03:00
YAHOO_FINANCE,PETR4.SA,2024-02-27,42.70000076293945,42.81999969482422,42.380001068115234,42.630001068115234,30.2939453125,27678100,2026-07-21 07:17:47.497845-03:00
YAHOO_FINANCE,PETR4.SA,2024-02-28,42.52000045776367,42.939998626708984,39.83000183105469,40.43000030517578,28.730567932128906,112322000,2026-07-21 07:17:47.497845-03:00
YAHOO_FINANCE,PETR4.SA,2024-02-29,40.59000015258789,41.2400016784668,39.849998474121094,40.13999938964844,28.52448844909668,61899800,2026-07-21 07:17:47.497845-03:00
YAHOO_FINANCE,PETR4.SA,2024-03-01,40.349998474121094,40.849998474121094,40.13999938964844,40.18000030517578,28.55291175842285,31248500,2026-07-21 07:17:47.497845-03:00
YAHOO_FINANCE,PETR4.SA,2024-03-04,40.27000045776367,40.75,40.02000045776367,40.08000183105469,28.481855392456055,21988000,2026-07-21 07:17:47.497845-03:00
YAHOO_FINANCE,PETR4.SA,2024-03-05,40.099998474121094,40.369998931884766,39.61000061035156,39.959999084472656,28.396574020385742,30293300,2026-07-21 07:17:47.497845-03:00
YAHOO_FINANCE,PETR4.SA,2024-03-06,40.20000076293945,40.84000015258789,40.11000061035156,40.84000015258789,29.021926879882812,45481000,2026-07-21 07:17:47.497845-03:00
YAHOO_FINANCE,PETR4.SA,2024-03-07,40.63999938964844,40.939998626708984,40.279998779296875,40.38999938964844,28.702146530151367,50199800,2026-07-21 07:17:47.497845-03:00
YAHOO_FINANCE,PETR4.SA,2024-03-08,35.900001525878906,37.060001373291016,35.099998474121094,36.70000076293945,26.079938888549805,230369800,2026-07-21 07:17:47.497845-03:00
YAHOO_FINANCE,PETR4.SA,2024-03-11,35.66999816894531,37.7400016784668,35.29999923706055,35.650001525878906,25.333784103393555,127528700,2026-07-21 07:17:47.497845-03:00
YAHOO_FINANCE,PETR4.SA,2024-03-12,36.349998474121094,37.22999954223633,36.15999984741211,36.81999969482422,26.165218353271484,76139100,2026-07-21 07:17:47.497845-03:00
YAHOO_FINANCE,PETR4.SA,2024-03-13,36.900001525878906,37.33000183105469,36.310001373291016,36.380001068115234,25.852542877197266,45140600,2026-07-21 07:17:47.497845-03:00
YAHOO_FINANCE,PETR4.SA,2024-03-14,36.7400016784668,36.91999816894531,36.150001525878906,36.220001220703125,25.738840103149414,39983400,2026-07-21 07:17:47.497845-03:00
YAHOO_FINANCE,PETR4.SA,2024-03-15,36.29999923706055,36.45000076293945,35.939998626708984,36.31999969482422,25.809904098510742,59362500,2026-07-21 07:17:47.497845-03:00
YAHOO_FINANCE,PETR4.SA,2024-03-18,36.40999984741211,36.720001220703125,35.5,36.34000015258789,25.82411003112793,35326100,2026-07-21 07:17:47.497845-03:00
YAHOO_FINANCE,PETR4.SA,2024-03-19,36.38999938964844,36.849998474121094,35.560001373291016,36.06999969482422,25.63224220275879,48540800,2026-07-21 07:17:47.497845-03:00
YAHOO_FINANCE,PETR4.SA,2024-03-20,36.22999954223633,36.7400016784668,35.810001373291016,36.70000076293945,26.079938888549805,39017900,2026-07-21 07:17:47.497845-03:00
YAHOO_FINANCE,PETR4.SA,2024-03-21,36.849998474121094,37.060001373291016,35.68000030517578,35.70000076293945,25.369314193725586,47220200,2026-07-21 07:17:47.497845-03:00
YAHOO_FINANCE,PETR4.SA,2024-03-22,35.900001525878906,36.220001220703125,35.43000030517578,36.04999923706055,25.618032455444336,34426800,2026-07-21 07:17:47.497845-03:00
YAHOO_FINANCE,PETR4.SA,2024-03-25,36.18000030517578,36.83000183105469,36.15999984741211,36.599998474121094,26.008874893188477,26951500,2026-07-21 07:17:47.497845-03:00
YAHOO_FINANCE,PETR4.SA,2024-03-26,36.66999816894531,36.66999816894531,36.16999816894531,36.2599983215332,25.767263412475586,24837800,2026-07-21 07:17:47.497845-03:00
YAHOO_FINANCE,PETR4.SA,2024-03-27,36.279998779296875,36.65999984741211,36.119998931884766,36.54999923706055,25.973344802856445,19995700,2026-07-21 07:17:47.497845-03:00
YAHOO_FINANCE,PETR4.SA,2024-03-28,36.5,37.52000045776367,36.470001220703125,37.36000061035156,26.548952102661133,31958200,2026-07-21 07:17:47.497845-03:00
YAHOO_FINANCE,PETR4.SA,2024-04-01,37.5,37.709999084472656,37.209999084472656,37.650001525878906,26.75503158569336,23697800,2026-07-21 07:17:47.497845-03:00
YAHOO_FINANCE,PETR4.SA,2024-04-02,37.81999969482422,38.650001525878906,37.77000045776367,38.619998931884766,27.444334030151367,45930700,2026-07-21 07:17:47.497845-03:00
YAHOO_FINANCE,PETR4.SA,2024-04-03,38.70000076293945,39.0099983215332,38.220001220703125,38.41999816894531,27.302215576171875,31437200,2026-07-21 07:17:47.497845-03:00
YAHOO_FINANCE,PETR4.SA,2024-04-04,38.470001220703125,39.47999954223633,37.43000030517578,37.97999954223633,26.98953628540039,165566800,2026-07-21 07:17:47.497845-03:00
YAHOO_FINANCE,PETR4.SA,2024-04-05,37.900001525878906,38.56999969482422,37.16999816894531,38.099998474121094,27.07481575012207,65469200,2026-07-21 07:17:47.497845-03:00
YAHOO_FINANCE,PETR4.SA,2024-04-08,38.029998779296875,39.060001373291016,37.72999954223633,38.630001068115234,27.451444625854492,36384400,2026-07-21 07:17:47.497845-03:00
YAHOO_FINANCE,PETR4.SA,2024-04-09,38.900001525878906,39.13999938964844,38.060001373291016,38.72999954223633,27.522510528564453,36989300,2026-07-21 07:17:47.497845-03:00
YAHOO_FINANCE,PETR4.SA,2024-04-10,38.72999954223633,39.72999954223633,38.65999984741211,39.59000015258789,28.13364601135254,55821500,2026-07-21 07:17:47.497845-03:00
YAHOO_FINANCE,PETR4.SA,2024-04-11,39.599998474121094,39.7599983215332,39.20000076293945,39.29999923706055,27.927566528320312,33195300,2026-07-21 07:17:47.497845-03:00
YAHOO_FINANCE,PETR4.SA,2024-04-12,39.720001220703125,40.04999923706055,38.70000076293945,38.939998626708984,27.671735763549805,39613500,2026-07-21 07:17:47.497845-03:00
YAHOO_FINANCE,PETR4.SA,2024-04-15,38.939998626708984,39.45000076293945,38.630001068115234,39.310001373291016,27.934667587280273,28692000,2026-07-21 07:17:47.497845-03:00
YAHOO_FINANCE,PETR4.SA,2024-04-16,39.0099983215332,39.709999084472656,38.95000076293945,39.4900016784668,28.062585830688477,37303000,2026-07-21 07:17:47.497845-03:00
YAHOO_FINANCE,PETR4.SA,2024-04-17,39.4900016784668,39.95000076293945,39.34000015258789,39.779998779296875,28.268665313720703,39221700,2026-07-21 07:17:47.497845-03:00
YAHOO_FINANCE,PETR4.SA,2024-04-18,40.0,40.59000015258789,39.650001525878906,39.849998474121094,28.318408966064453,45078800,2026-07-21 07:17:47.497845-03:00
YAHOO_FINANCE,PETR4.SA,2024-04-19,40.04999923706055,41.06999969482422,39.84000015258789,40.529998779296875,28.801633834838867,80546900,2026-07-21 07:17:47.497845-03:00
YAHOO_FINANCE,PETR4.SA,2024-04-22,40.7599983215332,41.59000015258789,40.52000045776367,41.5,29.490942001342773,51775500,2026-07-21 07:17:47.497845-03:00
YAHOO_FINANCE,PETR4.SA,2024-04-23,41.400001525878906,41.630001068115234,40.959999084472656,41.41999816894531,29.434083938598633,35456900,2026-07-21 07:17:47.497845-03:00
YAHOO_FINANCE,PETR4.SA,2024-04-24,41.54999923706055,41.9900016784668,41.209999084472656,41.22999954223633,29.299074172973633,45388300,2026-07-21 07:17:47.497845-03:00
YAHOO_FINANCE,PETR4.SA,2024-04-25,41.400001525878906,42.47999954223633,41.08000183105469,42.220001220703125,30.002588272094727,66372400,2026-07-21 07:17:47.497845-03:00
YAHOO_FINANCE,PETR4.SA,2024-04-26,41.290000915527344,41.779998779296875,41.06999969482422,41.650001525878906,30.42630958557129,31899100,2026-07-21 07:17:47.497845-03:00
YAHOO_FINANCE,PETR4.SA,2024-04-29,41.47999954223633,42.150001525878906,41.31999969482422,42.150001525878906,30.791568756103516,27886000,2026-07-21 07:17:47.497845-03:00
YAHOO_FINANCE,PETR4.SA,2024-04-30,42.0,42.209999084472656,41.619998931884766,42.02000045776367,30.69660758972168,36635400,2026-07-21 07:17:47.497845-03:00
YAHOO_FINANCE,PETR4.SA,2024-05-02,42.25,42.380001068115234,41.84000015258789,42.18000030517578,30.813488006591797,33244700,2026-07-21 07:17:47.497845-03:00
YAHOO_FINANCE,PETR4.SA,2024-05-03,40.689998626708984,40.689998626708984,39.45000076293945,39.88999938964844,30.421510696411133,45114200,2026-07-21 07:17:47.497845-03:00
YAHOO_FINANCE,PETR4.SA,2024-05-06,39.869998931884766,40.36000061035156,39.720001220703125,40.15999984741211,30.627422332763672,22977200,2026-07-21 07:17:47.497845-03:00
YAHOO_FINANCE,PETR4.SA,2024-05-07,40.150001525878906,40.650001525878906,40.0,40.650001525878906,31.001115798950195,23808600,2026-07-21 07:17:47.497845-03:00
YAHOO_FINANCE,PETR4.SA,2024-05-08,40.349998474121094,41.33000183105469,40.310001373291016,41.27000045776367,31.473947525024414,25352000,2026-07-21 07:17:47.497845-03:00
YAHOO_FINANCE,PETR4.SA,2024-05-09,41.060001373291016,41.84000015258789,40.939998626708984,41.66999816894531,31.77899932861328,27206400,2026-07-21 07:17:47.497845-03:00
YAHOO_FINANCE,PETR4.SA,2024-05-10,41.84000015258789,42.09000015258789,41.5,41.58000183105469,31.71036720275879,27968700,2026-07-21 07:17:47.497845-03:00
YAHOO_FINANCE,PETR4.SA,2024-05-13,41.7400016784668,41.970001220703125,41.5099983215332,41.619998931884766,31.74087142944336,18394300,2026-07-21 07:17:47.497845-03:00
YAHOO_FINANCE,PETR4.SA,2024-05-14,40.7599983215332,41.29999923706055,40.15999984741211,40.869998931884766,31.168895721435547,53613200,2026-07-21 07:17:47.497845-03:00
YAHOO_FINANCE,PETR4.SA,2024-05-15,37.599998474121094,38.810001373291016,37.5,38.400001525878906,29.285186767578125,131281100,2026-07-21 07:17:47.497845-03:00
YAHOO_FINANCE,PETR4.SA,2024-05-16,38.29999923706055,38.650001525878906,37.2400016784668,37.279998779296875,28.431032180786133,83168500,2026-07-21 07:17:47.497845-03:00
YAHOO_FINANCE,PETR4.SA,2024-05-17,37.349998474121094,37.41999816894531,36.5099983215332,36.689998626708984,27.981081008911133,67207900,2026-07-21 07:17:47.497845-03:00
YAHOO_FINANCE,PETR4.SA,2024-05-20,36.72999954223633,37.2400016784668,36.630001068115234,36.75,28.026836395263672,40400400,2026-07-21 07:17:47.497845-03:00
YAHOO_FINANCE,PETR4.SA,2024-05-21,36.790000915527344,37.09000015258789,36.56999969482422,36.68000030517578,27.973447799682617,27967400,2026-07-21 07:17:47.497845-03:00
YAHOO_FINANCE,PETR4.SA,2024-05-22,36.5,37.459999084472656,36.40999984741211,37.18000030517578,28.35477066040039,36528800,2026-07-21 07:17:47.497845-03:00
YAHOO_FINANCE,PETR4.SA,2024-05-23,37.439998626708984,37.709999084472656,36.56999969482422,36.810001373291016,28.072599411010742,47987800,2026-07-21 07:17:47.497845-03:00
YAHOO_FINANCE,PETR4.SA,2024-05-24,37.06999969482422,37.189998626708984,36.56999969482422,36.61000061035156,27.920068740844727,23684700,2026-07-21 07:17:47.497845-03:00
YAHOO_FINANCE,PETR4.SA,2024-05-27,36.720001220703125,37.08000183105469,36.689998626708984,37.0099983215332,28.225122451782227,13623300,2026-07-21 07:17:47.497845-03:00
YAHOO_FINANCE,PETR4.SA,2024-05-28,37.439998626708984,38.290000915527344,37.40999984741211,37.79999923706055,28.827594757080078,46437700,2026-07-21 07:17:47.497845-03:00
YAHOO_FINANCE,PETR4.SA,2024-05-29,37.709999084472656,37.91999816894531,37.439998626708984,37.75,28.789478302001953,29246800,2026-07-21 07:17:47.497845-03:00
YAHOO_FINANCE,PETR4.SA,2024-05-31,37.93000030517578,38.88999938964844,37.900001525878906,38.790000915527344,29.58261489868164,53929400,2026-07-21 07:17:47.497845-03:00
YAHOO_FINANCE,PETR4.SA,2024-06-03,38.83000183105469,38.93000030517578,38.439998626708984,38.58000183105469,29.422460556030273,43454500,2026-07-21 07:17:47.497845-03:00
YAHOO_FINANCE,PETR4.SA,2024-06-04,38.400001525878906,38.43000030517578,37.70000076293945,38.150001525878906,29.094526290893555,34090200,2026-07-21 07:17:47.497845-03:00
YAHOO_FINANCE,PETR4.SA,2024-06-05,38.2599983215332,38.43000030517578,38.06999969482422,38.20000076293945,29.132658004760742,18627100,2026-07-21 07:17:47.497845-03:00
YAHOO_FINANCE,PETR4.SA,2024-06-06,38.279998779296875,38.720001220703125,38.27000045776367,38.380001068115234,29.269933700561523,25944100,2026-07-21 07:17:47.497845-03:00
YAHOO_FINANCE,PETR4.SA,2024-06-07,38.220001220703125,38.470001220703125,36.86000061035156,36.939998626708984,28.171735763549805,46003600,2026-07-21 07:17:47.497845-03:00
YAHOO_FINANCE,PETR4.SA,2024-06-10,37.189998626708984,38.060001373291016,37.119998931884766,37.5,28.59881019592285,32560900,2026-07-21 07:17:47.497845-03:00
YAHOO_FINANCE,PETR4.SA,2024-06-11,37.810001373291016,38.0,37.5,37.65999984741211,28.720834732055664,31131300,2026-07-21 07:17:47.497845-03:00
YAHOO_FINANCE,PETR4.SA,2024-06-12,36.95000076293945,37.04999923706055,35.61000061035156,35.81999969482422,28.095890045166016,52182400,2026-07-21 07:17:47.497845-03:00
YAHOO_FINANCE,PETR4.SA,2024-06-13,35.900001525878906,36.189998626708984,34.849998474121094,35.459999084472656,27.81351661682129,46233500,2026-07-21 07:17:47.497845-03:00
YAHOO_FINANCE,PETR4.SA,2024-06-14,35.4900016784668,35.5,34.150001525878906,34.68000030517578,27.20171356201172,53534900,2026-07-21 07:17:47.497845-03:00
YAHOO_FINANCE,PETR4.SA,2024-06-17,34.40999984741211,35.130001068115234,34.27000045776367,34.810001373291016,27.30368423461914,40941800,2026-07-21 07:17:47.497845-03:00
YAHOO_FINANCE,PETR4.SA,2024-06-18,34.88999938964844,36.13999938964844,34.81999969482422,35.900001525878906,28.158639907836914,36180700,2026-07-21 07:17:47.497845-03:00
YAHOO_FINANCE,PETR4.SA,2024-06-19,35.900001525878906,36.119998931884766,35.56999969482422,35.93000030517578,28.182167053222656,20776200,2026-07-21 07:17:47.497845-03:00
YAHOO_FINANCE,PETR4.SA,2024-06-20,36.220001220703125,36.88999938964844,36.20000076293945,36.5,28.629255294799805,39442900,2026-07-21 07:17:47.497845-03:00
YAHOO_FINANCE,PETR4.SA,2024-06-21,36.54999923706055,36.959999084472656,36.380001068115234,36.689998626708984,28.77828598022461,43340200,2026-07-21 07:17:47.497845-03:00
YAHOO_FINANCE,PETR4.SA,2024-06-24,36.84000015258789,37.060001373291016,36.47999954223633,37.060001373291016,29.068500518798828,24599400,2026-07-21 07:17:47.497845-03:00
YAHOO_FINANCE,PETR4.SA,2024-06-25,37.04999923706055,37.119998931884766,36.7599983215332,37.029998779296875,29.04496192932129,18572600,2026-07-21 07:17:47.497845-03:00
YAHOO_FINANCE,PETR4.SA,2024-06-26,36.79999923706055,37.119998931884766,36.709999084472656,37.09000015258789,29.092029571533203,25553200,2026-07-21 07:17:47.497845-03:00
YAHOO_FINANCE,PETR4.SA,2024-06-27,37.5099983215332,37.959999084472656,37.31999969482422,37.709999084472656,29.578332901000977,37731000,2026-07-21 07:17:47.497845-03:00
YAHOO_FINANCE,PETR4.SA,2024-06-28,37.79999923706055,38.16999816894531,37.709999084472656,38.04999923706055,29.84501838684082,22019700,2026-07-21 07:17:47.497845-03:00
YAHOO_FINANCE,PETR4.SA,2024-07-01,38.310001373291016,38.7599983215332,38.18000030517578,38.630001068115234,30.29994773864746,24963500,2026-07-21 07:17:47.497845-03:00
YAHOO_FINANCE,PETR4.SA,2024-07-02,38.83000183105469,39.099998474121094,38.439998626708984,38.5099983215332,30.20582389831543,33346200,2026-07-21 07:17:47.497845-03:00
YAHOO_FINANCE,PETR4.SA,2024-07-03,38.70000076293945,38.790000915527344,37.7599983215332,37.84000015258789,29.680301666259766,38509400,2026-07-21 07:17:47.497845-03:00
YAHOO_FINANCE,PETR4.SA,2024-07-04,37.900001525878906,37.959999084472656,37.119998931884766,37.31999969482422,29.272432327270508,32698800,2026-07-21 07:17:47.497845-03:00
YAHOO_FINANCE,PETR4.SA,2024-07-05,37.45000076293945,37.650001525878906,37.11000061035156,37.52000045776367,29.429304122924805,32758800,2026-07-21 07:17:47.497845-03:00
YAHOO_FINANCE,PETR4.SA,2024-07-08,37.47999954223633,38.52000045776367,37.290000915527344,38.439998626708984,30.150915145874023,48845900,2026-07-21 07:17:47.497845-03:00
YAHOO_FINANCE,PETR4.SA,2024-07-09,38.45000076293945,38.70000076293945,38.27000045776367,38.43000030517578,30.143075942993164,34832500,2026-07-21 07:17:47.497845-03:00
YAHOO_FINANCE,PETR4.SA,2024-07-10,38.4900016784668,38.560001373291016,37.97999954223633,38.06999969482422,29.860702514648438,32899700,2026-07-21 07:17:47.497845-03:00
YAHOO_FINANCE,PETR4.SA,2024-07-11,38.15999984741211,38.45000076293945,38.11000061035156,38.33000183105469,30.064640045166016,17229400,2026-07-21 07:17:47.497845-03:00
YAHOO_FINANCE,PETR4.SA,2024-07-12,38.43000030517578,38.5099983215332,38.13999938964844,38.150001525878906,29.92345428466797,15779100,2026-07-21 07:17:47.497845-03:00
YAHOO_FINANCE,PETR4.SA,2024-07-15,38.29999923706055,38.72999954223633,38.20000076293945,38.5,30.19797706604004,22969200,2026-07-21 07:17:47.497845-03:00
YAHOO_FINANCE,PETR4.SA,2024-07-16,38.349998474121094,38.5,38.11000061035156,38.400001525878906,30.11954689025879,19637000,2026-07-21 07:17:47.497845-03:00
YAHOO_FINANCE,PETR4.SA,2024-07-17,38.43000030517578,38.689998626708984,38.34000015258789,38.599998474121094,30.27641487121582,24606100,2026-07-21 07:17:47.497845-03:00
YAHOO_FINANCE,PETR4.SA,2024-07-18,38.5,38.65999984741211,38.349998474121094,38.529998779296875,30.221508026123047,21315500,2026-07-21 07:17:47.497845-03:00
YAHOO_FINANCE,PETR4.SA,2024-07-19,38.5,38.77000045776367,38.38999938964844,38.689998626708984,30.347009658813477,30593100,2026-07-21 07:17:47.497845-03:00
YAHOO_FINANCE,PETR4.SA,2024-07-22,38.59000015258789,38.59000015258789,37.880001068115234,37.91999816894531,29.743045806884766,25807800,2026-07-21 07:17:47.497845-03:00
YAHOO_FINANCE,PETR4.SA,2024-07-23,37.91999816894531,38.0,37.43000030517578,37.43000030517578,29.35870933532715,25284700,2026-07-21 07:17:47.497845-03:00
YAHOO_FINANCE,PETR4.SA,2024-07-24,37.65999984741211,38.0,37.5,37.72999954223633,29.594022750854492,23863800,2026-07-21 07:17:47.497845-03:00
YAHOO_FINANCE,PETR4.SA,2024-07-25,37.560001373291016,37.75,37.27000045776367,37.68000030517578,29.554800033569336,19562600,2026-07-21 07:17:47.497845-03:00
YAHOO_FINANCE,PETR4.SA,2024-07-26,37.66999816894531,38.130001068115234,37.41999816894531,37.63999938964844,29.523426055908203,32043200,2026-07-21 07:17:47.497845-03:00
YAHOO_FINANCE,PETR4.SA,2024-07-29,37.5099983215332,37.720001220703125,36.41999816894531,36.880001068115234,28.92731475830078,39790000,2026-07-21 07:17:47.497845-03:00
YAHOO_FINANCE,PETR4.SA,2024-07-30,36.5099983215332,36.77000045776367,36.38999938964844,36.650001525878906,28.74691390991211,16040700,2026-07-21 07:17:47.497845-03:00
YAHOO_FINANCE,PETR4.SA,2024-07-31,37.04999923706055,37.40999984741211,36.959999084472656,37.40999984741211,29.34302520751953,28561100,2026-07-21 07:17:47.497845-03:00
YAHOO_FINANCE,PETR4.SA,2024-08-01,37.75,37.83000183105469,36.790000915527344,36.84000015258789,28.895938873291016,29756300,2026-07-21 07:17:47.497845-03:00
YAHOO_FINANCE,PETR4.SA,2024-08-02,36.720001220703125,36.79999923706055,35.72999954223633,35.72999954223633,28.025293350219727,36483900,2026-07-21 07:17:47.497845-03:00
YAHOO_FINANCE,PETR4.SA,2024-08-05,34.79999923706055,35.70000076293945,34.599998474121094,35.70000076293945,28.00176429748535,44765900,2026-07-21 07:17:47.497845-03:00
YAHOO_FINANCE,PETR4.SA,2024-08-06,35.599998474121094,36.65999984741211,35.34000015258789,36.31999969482422,28.488069534301758,36009000,2026-07-21 07:17:47.497845-03:00
YAHOO_FINANCE,PETR4.SA,2024-08-07,36.70000076293945,36.75,36.0,36.27000045776367,28.4488525390625,25020500,2026-07-21 07:17:47.497845-03:00
YAHOO_FINANCE,PETR4.SA,2024-08-08,36.349998474121094,36.95000076293945,36.15999984741211,36.849998474121094,28.903785705566406,29870300,2026-07-21 07:17:47.497845-03:00
YAHOO_FINANCE,PETR4.SA,2024-08-09,36.130001068115234,36.95000076293945,35.58000183105469,36.5099983215332,28.637094497680664,66082100,2026-07-21 07:17:47.497845-03:00
YAHOO_FINANCE,PETR4.SA,2024-08-12,36.79999923706055,37.810001373291016,36.79999923706055,37.34000015258789,29.288116455078125,39655100,2026-07-21 07:17:47.497845-03:00
YAHOO_FINANCE,PETR4.SA,2024-08-13,37.529998779296875,37.630001068115234,36.970001220703125,37.11000061035156,29.10771942138672,28557200,2026-07-21 07:17:47.497845-03:00
YAHOO_FINANCE,PETR4.SA,2024-08-14,37.189998626708984,38.0,37.15999984741211,37.7599983215332,29.617549896240234,37955500,2026-07-21 07:17:47.497845-03:00
YAHOO_FINANCE,PETR4.SA,2024-08-15,38.04999923706055,38.560001373291016,38.0,38.34000015258789,30.072484970092773,33409000,2026-07-21 07:17:47.497845-03:00
YAHOO_FINANCE,PETR4.SA,2024-08-16,38.16999816894531,38.77000045776367,38.029998779296875,38.5,30.19797706604004,35472700,2026-07-21 07:17:47.497845-03:00
YAHOO_FINANCE,PETR4.SA,2024-08-19,38.599998474121094,38.790000915527344,38.400001525878906,38.439998626708984,30.150915145874023,28138200,2026-07-21 07:17:47.497845-03:00
YAHOO_FINANCE,PETR4.SA,2024-08-20,38.5,38.68000030517578,37.88999938964844,38.290000915527344,30.033266067504883,27322600,2026-07-21 07:17:47.497845-03:00
YAHOO_FINANCE,PETR4.SA,2024-08-21,38.68000030517578,38.790000915527344,37.939998626708984,38.060001373291016,29.852863311767578,38491900,2026-07-21 07:17:47.497845-03:00
YAHOO_FINANCE,PETR4.SA,2024-08-22,37.279998779296875,37.29999923706055,36.86000061035156,37.119998931884766,29.944177627563477,26334300,2026-07-21 07:17:47.497845-03:00
YAHOO_FINANCE,PETR4.SA,2024-08-23,37.369998931884766,37.529998779296875,36.88999938964844,36.88999938964844,29.758642196655273,29239000,2026-07-21 07:17:47.497845-03:00
YAHOO_FINANCE,PETR4.SA,2024-08-26,37.86000061035156,39.61000061035156,37.709999084472656,39.56999969482422,31.92055320739746,102270300,2026-07-21 07:17:47.497845-03:00
YAHOO_FINANCE,PETR4.SA,2024-08-27,39.25,39.369998931884766,38.95000076293945,39.040000915527344,31.493019104003906,35073100,2026-07-21 07:17:47.497845-03:00
YAHOO_FINANCE,PETR4.SA,2024-08-28,38.939998626708984,39.86000061035156,38.779998779296875,39.599998474121094,31.94474983215332,43284500,2026-07-21 07:17:47.497845-03:00
YAHOO_FINANCE,PETR4.SA,2024-08-29,39.650001525878906,39.83000183105469,39.279998779296875,39.33000183105469,31.72695541381836,25356600,2026-07-21 07:17:47.497845-03:00
YAHOO_FINANCE,PETR4.SA,2024-08-30,39.220001220703125,39.650001525878906,38.880001068115234,39.369998931884766,31.75922393798828,84437200,2026-07-21 07:17:47.497845-03:00
YAHOO_FINANCE,PETR4.SA,2024-09-02,39.33000183105469,39.400001525878906,38.88999938964844,39.0,31.46074676513672,15288400,2026-07-21 07:17:47.497845-03:00
YAHOO_FINANCE,PETR4.SA,2024-09-03,38.790000915527344,38.81999969482422,38.380001068115234,38.529998779296875,31.081605911254883,35866300,2026-07-21 07:17:47.497845-03:00
YAHOO_FINANCE,PETR4.SA,2024-09-04,38.7400016784668,38.91999816894531,38.52000045776367,38.540000915527344,31.08966827392578,28851300,2026-07-21 07:17:47.497845-03:00
YAHOO_FINANCE,PETR4.SA,2024-09-05,38.650001525878906,38.88999938964844,38.29999923706055,38.29999923706055,30.896068572998047,26206600,2026-07-21 07:17:47.497845-03:00
YAHOO_FINANCE,PETR4.SA,2024-09-06,38.369998931884766,38.45000076293945,37.470001220703125,37.54999923706055,30.29105567932129,32971700,2026-07-21 07:17:47.497845-03:00
YAHOO_FINANCE,PETR4.SA,2024-09-09,37.84000015258789,38.25,37.61000061035156,37.959999084472656,30.621789932250977,30521800,2026-07-21 07:17:47.497845-03:00
YAHOO_FINANCE,PETR4.SA,2024-09-10,37.91999816894531,37.91999816894531,37.0,37.33000183105469,30.113582611083984,37263500,2026-07-21 07:17:47.497845-03:00
YAHOO_FINANCE,PETR4.SA,2024-09-11,37.7599983215332,37.83000183105469,36.869998931884766,37.290000915527344,30.081317901611328,32907000,2026-07-21 07:17:47.497845-03:00
YAHOO_FINANCE,PETR4.SA,2024-09-12,37.290000915527344,37.31999969482422,36.75,36.869998931884766,29.742507934570312,22103300,2026-07-21 07:17:47.497845-03:00
YAHOO_FINANCE,PETR4.SA,2024-09-13,37.11000061035156,37.54999923706055,36.59000015258789,36.70000076293945,29.60537338256836,34729600,2026-07-21 07:17:47.497845-03:00
YAHOO_FINANCE,PETR4.SA,2024-09-16,37.2400016784668,37.720001220703125,37.15999984741211,37.209999084472656,30.016780853271484,22614800,2026-07-21 07:17:47.497845-03:00
YAHOO_FINANCE,PETR4.SA,2024-09-17,37.16999816894531,37.189998626708984,36.70000076293945,37.040000915527344,29.87964630126953,23443700,2026-07-21 07:17:47.497845-03:00
YAHOO_FINANCE,PETR4.SA,2024-09-18,36.90999984741211,36.93000030517578,36.150001525878906,36.150001525878906,29.161691665649414,38777000,2026-07-21 07:17:47.497845-03:00
YAHOO_FINANCE,PETR4.SA,2024-09-19,36.56999969482422,36.779998779296875,36.189998626708984,36.27000045776367,29.258495330810547,25059700,2026-07-21 07:17:47.497845-03:00
YAHOO_FINANCE,PETR4.SA,2024-09-20,36.27000045776367,36.400001525878906,36.06999969482422,36.2599983215332,29.250429153442383,48336200,2026-07-21 07:17:47.497845-03:00
YAHOO_FINANCE,PETR4.SA,2024-09-23,36.38999938964844,36.959999084472656,36.220001220703125,36.630001068115234,29.548900604248047,28218500,2026-07-21 07:17:47.497845-03:00
YAHOO_FINANCE,PETR4.SA,2024-09-24,37.22999954223633,37.310001373291016,36.720001220703125,36.779998779296875,29.669906616210938,35104100,2026-07-21 07:17:47.497845-03:00
YAHOO_FINANCE,PETR4.SA,2024-09-25,37.099998474121094,37.43000030517578,36.959999084472656,37.04999923706055,29.88770866394043,38655300,2026-07-21 07:17:47.497845-03:00
YAHOO_FINANCE,PETR4.SA,2024-09-26,36.91999816894531,36.91999816894531,35.970001220703125,36.25,29.24236297607422,58048200,2026-07-21 07:17:47.497845-03:00
YAHOO_FINANCE,PETR4.SA,2024-09-27,36.380001068115234,36.380001068115234,35.93000030517578,36.11000061035156,29.129423141479492,34537400,2026-07-21 07:17:47.497845-03:00
YAHOO_FINANCE,PETR4.SA,2024-09-30,36.15999984741211,36.279998779296875,35.91999816894531,36.0099983215332,29.048757553100586,21146300,2026-07-21 07:17:47.497845-03:00
YAHOO_FINANCE,PETR4.SA,2024-10-01,36.0099983215332,37.52000045776367,35.83000183105469,36.970001220703125,29.82317543029785,49748200,2026-07-21 07:17:47.497845-03:00
YAHOO_FINANCE,PETR4.SA,2024-10-02,37.75,37.93000030517578,37.349998474121094,37.47999954223633,30.234588623046875,32014500,2026-07-21 07:17:47.497845-03:00
YAHOO_FINANCE,PETR4.SA,2024-10-03,37.439998626708984,38.040000915527344,37.209999084472656,37.939998626708984,30.60565948486328,31033000,2026-07-21 07:17:47.497845-03:00
YAHOO_FINANCE,PETR4.SA,2024-10-04,38.150001525878906,38.20000076293945,37.66999816894531,37.84000015258789,30.524995803833008,22526800,2026-07-21 07:17:47.497845-03:00
YAHOO_FINANCE,PETR4.SA,2024-10-07,38.040000915527344,38.380001068115234,37.900001525878906,38.369998931884766,30.952537536621094,36418000,2026-07-21 07:17:47.497845-03:00
YAHOO_FINANCE,PETR4.SA,2024-10-08,37.470001220703125,37.75,37.45000076293945,37.599998474121094,30.331384658813477,34142000,2026-07-21 07:17:47.497845-03:00
YAHOO_FINANCE,PETR4.SA,2024-10-09,37.369998931884766,37.52000045776367,37.0099983215332,37.220001220703125,30.024845123291016,30789800,2026-07-21 07:17:47.497845-03:00
YAHOO_FINANCE,PETR4.SA,2024-10-10,37.400001525878906,37.7400016784668,37.31999969482422,37.650001525878906,30.371721267700195,20630100,2026-07-21 07:17:47.497845-03:00
YAHOO_FINANCE,PETR4.SA,2024-10-11,37.599998474121094,37.650001525878906,37.31999969482422,37.619998931884766,30.347518920898438,16343000,2026-07-21 07:17:47.497845-03:00
YAHOO_FINANCE,PETR4.SA,2024-10-14,37.470001220703125,37.900001525878906,37.349998474121094,37.709999084472656,30.420122146606445,22279000,2026-07-21 07:17:47.497845-03:00
YAHOO_FINANCE,PETR4.SA,2024-10-15,37.209999084472656,37.40999984741211,37.060001373291016,37.400001525878906,30.170053482055664,28204600,2026-07-21 07:17:47.497845-03:00
YAHOO_FINANCE,PETR4.SA,2024-10-16,37.54999923706055,37.58000183105469,37.189998626708984,37.209999084472656,30.016780853271484,23041200,2026-07-21 07:17:47.497845-03:00
YAHOO_FINANCE,PETR4.SA,2024-10-17,37.209999084472656,37.209999084472656,36.689998626708984,36.93000030517578,29.790908813476562,22174300,2026-07-21 07:17:47.497845-03:00
YAHOO_FINANCE,PETR4.SA,2024-10-18,36.97999954223633,37.06999969482422,36.40999984741211,36.83000183105469,29.71023941040039,32000800,2026-07-21 07:17:47.497845-03:00
YAHOO_FINANCE,PETR4.SA,2024-10-21,37.0,37.04999923706055,36.20000076293945,36.25,29.24236297607422,28390000,2026-07-21 07:17:47.497845-03:00
YAHOO_FINANCE,PETR4.SA,2024-10-22,36.20000076293945,36.29999923706055,35.9900016784668,36.11000061035156,29.129423141479492,29144300,2026-07-21 07:17:47.497845-03:00
YAHOO_FINANCE,PETR4.SA,2024-10-23,35.90999984741211,35.939998626708984,35.56999969482422,35.65999984741211,28.76641845703125,30769100,2026-07-21 07:17:47.497845-03:00
YAHOO_FINANCE,PETR4.SA,2024-10-24,35.849998474121094,36.029998779296875,35.560001373291016,35.900001525878906,28.960023880004883,23058900,2026-07-21 07:17:47.497845-03:00
YAHOO_FINANCE,PETR4.SA,2024-10-25,35.959999084472656,36.4900016784668,35.849998474121094,36.150001525878906,29.161691665649414,32585900,2026-07-21 07:17:47.497845-03:00
YAHOO_FINANCE,PETR4.SA,2024-10-28,35.4900016784668,36.130001068115234,35.34000015258789,36.09000015258789,29.113290786743164,27507100,2026-07-21 07:17:47.497845-03:00
YAHOO_FINANCE,PETR4.SA,2024-10-29,36.33000183105469,36.41999816894531,35.79999923706055,36.0099983215332,29.048757553100586,26090200,2026-07-21 07:17:47.497845-03:00
YAHOO_FINANCE,PETR4.SA,2024-10-30,36.119998931884766,36.369998931884766,35.849998474121094,35.849998474121094,28.919687271118164,26144700,2026-07-21 07:17:47.497845-03:00
YAHOO_FINANCE,PETR4.SA,2024-10-31,35.869998931884766,36.04999923706055,35.630001068115234,35.90999984741211,28.968088150024414,25597000,2026-07-21 07:17:47.497845-03:00
YAHOO_FINANCE,PETR4.SA,2024-11-01,36.20000076293945,36.369998931884766,35.29999923706055,35.41999816894531,28.57280921936035,30605300,2026-07-21 07:17:47.497845-03:00
YAHOO_FINANCE,PETR4.SA,2024-11-04,35.900001525878906,35.95000076293945,35.380001068115234,35.5,28.637346267700195,24003600,2026-07-21 07:17:47.497845-03:00
YAHOO_FINANCE,PETR4.SA,2024-11-05,35.5,35.599998474121094,35.029998779296875,35.38999938964844,28.54861068725586,23990600,2026-07-21 07:17:47.497845-03:00
YAHOO_FINANCE,PETR4.SA,2024-11-06,35.04999923706055,35.459999084472656,35.040000915527344,35.400001525878906,28.55668067932129,28440800,2026-07-21 07:17:47.497845-03:00
YAHOO_FINANCE,PETR4.SA,2024-11-07,35.4900016784668,35.88999938964844,35.27000045776367,35.5099983215332,28.645414352416992,34081200,2026-07-21 07:17:47.497845-03:00
YAHOO_FINANCE,PETR4.SA,2024-11-08,35.849998474121094,36.31999969482422,35.540000915527344,36.18000030517578,29.18589210510254,49865100,2026-07-21 07:17:47.497845-03:00
YAHOO_FINANCE,PETR4.SA,2024-11-11,35.9900016784668,36.41999816894531,35.900001525878906,36.25,29.24236297607422,21446300,2026-07-21 07:17:47.497845-03:00
YAHOO_FINANCE,PETR4.SA,2024-11-12,36.36000061035156,37.11000061035156,36.34000015258789,36.93000030517578,29.790908813476562,39412300,2026-07-21 07:17:47.497845-03:00
YAHOO_FINANCE,PETR4.SA,2024-11-13,36.95000076293945,37.06999969482422,36.529998779296875,36.880001068115234,29.75057029724121,34090000,2026-07-21 07:17:47.497845-03:00
YAHOO_FINANCE,PETR4.SA,2024-11-14,36.91999816894531,37.33000183105469,36.86000061035156,37.27000045776367,30.065181732177734,30262100,2026-07-21 07:17:47.497845-03:00
YAHOO_FINANCE,PETR4.SA,2024-11-18,37.20000076293945,38.29999923706055,37.20000076293945,38.20000076293945,30.815399169921875,39004100,2026-07-21 07:17:47.497845-03:00
YAHOO_FINANCE,PETR4.SA,2024-11-19,38.099998474121094,38.29999923706055,37.650001525878906,37.79999923706055,30.492721557617188,26002700,2026-07-21 07:17:47.497845-03:00
YAHOO_FINANCE,PETR4.SA,2024-11-21,37.970001220703125,38.130001068115234,37.54999923706055,37.90999984741211,30.581464767456055,36048400,2026-07-21 07:17:47.497845-03:00
YAHOO_FINANCE,PETR4.SA,2024-11-22,38.709999084472656,39.83000183105469,38.470001220703125,39.41999816894531,31.79955291748047,85234900,2026-07-21 07:17:47.497845-03:00
YAHOO_FINANCE,PETR4.SA,2024-11-25,39.380001068115234,39.86000061035156,39.150001525878906,39.18000030517578,31.6059513092041,41119500,2026-07-21 07:17:47.497845-03:00
YAHOO_FINANCE,PETR4.SA,2024-11-26,39.36000061035156,39.5099983215332,39.060001373291016,39.130001068115234,31.565614700317383,35188200,2026-07-21 07:17:47.497845-03:00
YAHOO_FINANCE,PETR4.SA,2024-11-27,39.20000076293945,39.36000061035156,38.75,38.9900016784668,31.452686309814453,30600700,2026-07-21 07:17:47.497845-03:00
YAHOO_FINANCE,PETR4.SA,2024-11-28,38.810001373291016,39.29999923706055,38.380001068115234,38.59000015258789,31.1300048828125,33113500,2026-07-21 07:17:47.497845-03:00
YAHOO_FINANCE,PETR4.SA,2024-11-29,38.5,39.220001220703125,38.40999984741211,38.900001525878906,31.38007926940918,44011700,2026-07-21 07:17:47.497845-03:00
YAHOO_FINANCE,PETR4.SA,2024-12-02,38.900001525878906,39.400001525878906,38.77000045776367,39.150001525878906,31.581754684448242,31711800,2026-07-21 07:17:47.497845-03:00
YAHOO_FINANCE,PETR4.SA,2024-12-03,39.400001525878906,39.5,39.08000183105469,39.5,31.864093780517578,22536200,2026-07-21 07:17:47.497845-03:00
YAHOO_FINANCE,PETR4.SA,2024-12-04,39.5,39.86000061035156,38.97999954223633,39.25,31.66242027282715,31584400,2026-07-21 07:17:47.497845-03:00
YAHOO_FINANCE,PETR4.SA,2024-12-05,39.38999938964844,39.810001373291016,39.209999084472656,39.63999938964844,31.977025985717773,25214200,2026-07-21 07:17:47.497845-03:00
YAHOO_FINANCE,PETR4.SA,2024-12-06,39.63999938964844,39.70000076293945,38.959999084472656,39.029998779296875,31.484947204589844,31118500,2026-07-21 07:17:47.497845-03:00
YAHOO_FINANCE,PETR4.SA,2024-12-09,39.380001068115234,40.16999816894531,39.36000061035156,40.040000915527344,32.29970169067383,28548700,2026-07-21 07:17:47.497845-03:00
YAHOO_FINANCE,PETR4.SA,2024-12-10,40.29999923706055,40.43000030517578,40.11000061035156,40.189998626708984,32.42070007324219,21837600,2026-07-21 07:17:47.497845-03:00
YAHOO_FINANCE,PETR4.SA,2024-12-11,40.349998474121094,40.7599983215332,39.95000076293945,40.59000015258789,32.74337387084961,46900900,2026-07-21 07:17:47.497845-03:00
YAHOO_FINANCE,PETR4.SA,2024-12-12,38.720001220703125,38.88999938964844,38.119998931884766,38.34000015258789,32.15771484375,38310600,2026-07-21 07:17:47.497845-03:00
YAHOO_FINANCE,PETR4.SA,2024-12-13,38.599998474121094,38.72999954223633,37.91999816894531,38.099998474121094,31.95641326904297,23235400,2026-07-21 07:17:47.497845-03:00
YAHOO_FINANCE,PETR4.SA,2024-12-16,38.189998626708984,38.2599983215332,37.83000183105469,37.939998626708984,31.822214126586914,21349400,2026-07-21 07:17:47.497845-03:00
YAHOO_FINANCE,PETR4.SA,2024-12-17,37.939998626708984,38.4900016784668,37.83000183105469,38.29999923706055,32.124168395996094,39617200,2026-07-21 07:17:47.497845-03:00
YAHOO_FINANCE,PETR4.SA,2024-12-18,38.279998779296875,38.400001525878906,37.310001373291016,37.310001373291016,31.293800354003906,58126400,2026-07-21 07:17:47.497845-03:00
YAHOO_FINANCE,PETR4.SA,2024-12-19,37.65999984741211,37.93000030517578,36.97999954223633,37.15999984741211,31.167991638183594,43268400,2026-07-21 07:17:47.497845-03:00
YAHOO_FINANCE,PETR4.SA,2024-12-20,37.15999984741211,37.349998474121094,36.709999084472656,36.849998474121094,30.90797233581543,59277400,2026-07-21 07:17:47.497845-03:00
YAHOO_FINANCE,PETR4.SA,2024-12-23,37.0,37.04999923706055,36.720001220703125,36.86000061035156,30.916362762451172,43785600,2026-07-21 07:17:47.497845-03:00
YAHOO_FINANCE,PETR4.SA,2024-12-26,35.630001068115234,36.0,35.599998474121094,35.77000045776367,31.148773193359375,22920700,2026-07-21 07:17:47.497845-03:00
YAHOO_FINANCE,PETR4.SA,2024-12-27,36.0,36.0,35.61000061035156,35.65999984741211,31.05298614501953,24167200,2026-07-21 07:17:47.497845-03:00
YAHOO_FINANCE,PETR4.SA,2024-12-30,35.779998779296875,36.369998931884766,35.77000045776367,36.189998626708984,31.514507293701172,22355600,2026-07-21 07:17:47.497845-03:00
YAHOO_FINANCE,PETR4.SA,2025-01-02,36.41999816894531,37.09000015258789,36.189998626708984,36.77000045776367,32.01958084106445,30046800,2026-07-21 07:17:47.497845-03:00
YAHOO_FINANCE,PETR4.SA,2025-01-03,36.880001068115234,37.040000915527344,36.31999969482422,36.380001068115234,31.679969787597656,23314200,2026-07-21 07:17:47.497845-03:00
YAHOO_FINANCE,PETR4.SA,2025-01-06,36.599998474121094,36.689998626708984,36.060001373291016,36.209999084472656,31.53192710876465,23760200,2026-07-21 07:17:47.497845-03:00
YAHOO_FINANCE,PETR4.SA,2025-01-07,36.54999923706055,37.25,36.29999923706055,36.97999954223633,32.202449798583984,37753300,2026-07-21 07:17:47.497845-03:00
YAHOO_FINANCE,PETR4.SA,2025-01-08,36.9900016784668,37.119998931884766,36.43000030517578,36.68000030517578,31.94120979309082,24483500,2026-07-21 07:17:47.497845-03:00
YAHOO_FINANCE,PETR4.SA,2025-01-09,36.70000076293945,36.970001220703125,36.70000076293945,36.84000015258789,32.08053970336914,11526600,2026-07-21 07:17:47.497845-03:00
YAHOO_FINANCE,PETR4.SA,2025-01-10,37.25,37.52000045776367,36.900001525878906,36.939998626708984,32.1676139831543,40328800,2026-07-21 07:17:47.497845-03:00
YAHOO_FINANCE,PETR4.SA,2025-01-13,37.29999923706055,37.529998779296875,36.970001220703125,37.06999969482422,32.280826568603516,22897100,2026-07-21 07:17:47.497845-03:00
YAHOO_FINANCE,PETR4.SA,2025-01-14,37.11000061035156,37.130001068115234,36.58000183105469,36.81999969482422,32.0631217956543,29173100,2026-07-21 07:17:47.497845-03:00
YAHOO_FINANCE,PETR4.SA,2025-01-15,36.93000030517578,37.31999969482422,36.79999923706055,37.290000915527344,32.4724006652832,32512700,2026-07-21 07:17:47.497845-03:00
YAHOO_FINANCE,PETR4.SA,2025-01-16,37.209999084472656,37.2400016784668,36.77000045776367,37.04999923706055,32.26340103149414,26733200,2026-07-21 07:17:47.497845-03:00
YAHOO_FINANCE,PETR4.SA,2025-01-17,37.0099983215332,37.400001525878906,36.849998474121094,37.20000076293945,32.3940315246582,39941100,2026-07-21 07:17:47.497845-03:00
YAHOO_FINANCE,PETR4.SA,2025-01-20,37.220001220703125,37.43000030517578,37.11000061035156,37.290000915527344,32.4724006652832,13912800,2026-07-21 07:17:47.497845-03:00
YAHOO_FINANCE,PETR4.SA,2025-01-21,37.099998474121094,37.349998474121094,36.720001220703125,37.29999923706055,32.481109619140625,23612200,2026-07-21 07:17:47.497845-03:00
YAHOO_FINANCE,PETR4.SA,2025-01-22,37.36000061035156,37.630001068115234,37.029998779296875,37.09000015258789,32.29823684692383,21832200,2026-07-21 07:17:47.497845-03:00
YAHOO_FINANCE,PETR4.SA,2025-01-23,37.119998931884766,37.40999984741211,36.70000076293945,36.83000183105469,32.07183074951172,26725700,2026-07-21 07:17:47.497845-03:00
YAHOO_FINANCE,PETR4.SA,2025-01-24,36.880001068115234,36.900001525878906,36.400001525878906,36.63999938964844,31.906373977661133,16216500,2026-07-21 07:17:47.497845-03:00
YAHOO_FINANCE,PETR4.SA,2025-01-27,36.56999969482422,37.29999923706055,36.470001220703125,37.18000030517578,32.376609802246094,29809700,2026-07-21 07:17:47.497845-03:00
YAHOO_FINANCE,PETR4.SA,2025-01-28,37.400001525878906,37.4900016784668,36.880001068115234,37.130001068115234,32.333072662353516,27621700,2026-07-21 07:17:47.497845-03:00
YAHOO_FINANCE,PETR4.SA,2025-01-29,37.20000076293945,37.33000183105469,36.7599983215332,36.900001525878906,32.13278579711914,18204400,2026-07-21 07:17:47.497845-03:00
YAHOO_FINANCE,PETR4.SA,2025-01-30,37.040000915527344,37.5099983215332,36.79999923706055,37.38999938964844,32.55948257446289,30916000,2026-07-21 07:17:47.497845-03:00
YAHOO_FINANCE,PETR4.SA,2025-01-31,37.38999938964844,38.369998931884766,37.25,37.689998626708984,32.82072067260742,37044800,2026-07-21 07:17:47.497845-03:00
YAHOO_FINANCE,PETR4.SA,2025-02-03,37.7599983215332,37.810001373291016,37.380001068115234,37.5,32.6552734375,24877600,2026-07-21 07:17:47.497845-03:00
YAHOO_FINANCE,PETR4.SA,2025-02-04,37.29999923706055,37.349998474121094,36.81999969482422,37.130001068115234,32.333072662353516,34290300,2026-07-21 07:17:47.497845-03:00
YAHOO_FINANCE,PETR4.SA,2025-02-05,37.04999923706055,37.06999969482422,36.75,36.86000061035156,32.09794998168945,20539800,2026-07-21 07:17:47.497845-03:00
YAHOO_FINANCE,PETR4.SA,2025-02-06,36.84000015258789,37.119998931884766,36.70000076293945,36.790000915527344,32.03699493408203,17512400,2026-07-21 07:17:47.497845-03:00
YAHOO_FINANCE,PETR4.SA,2025-02-07,36.86000061035156,37.029998779296875,36.369998931884766,36.58000183105469,31.854127883911133,21438700,2026-07-21 07:17:47.497845-03:00
YAHOO_FINANCE,PETR4.SA,2025-02-10,36.810001373291016,37.029998779296875,36.720001220703125,36.83000183105469,32.07183074951172,17483300,2026-07-21 07:17:47.497845-03:00
YAHOO_FINANCE,PETR4.SA,2025-02-11,37.0099983215332,37.09000015258789,36.68000030517578,36.83000183105469,32.07183074951172,16624300,2026-07-21 07:17:47.497845-03:00
YAHOO_FINANCE,PETR4.SA,2025-02-12,36.650001525878906,36.75,36.11000061035156,36.279998779296875,31.592884063720703,37364500,2026-07-21 07:17:47.497845-03:00
YAHOO_FINANCE,PETR4.SA,2025-02-13,36.20000076293945,36.33000183105469,36.02000045776367,36.31999969482422,31.62771987915039,15351300,2026-07-21 07:17:47.497845-03:00
YAHOO_FINANCE,PETR4.SA,2025-02-14,36.439998626708984,37.58000183105469,36.400001525878906,37.439998626708984,32.603023529052734,40322000,2026-07-21 07:17:47.497845-03:00
YAHOO_FINANCE,PETR4.SA,2025-02-17,37.63999938964844,37.91999816894531,37.470001220703125,37.66999816894531,32.803306579589844,22615200,2026-07-21 07:17:47.497845-03:00
YAHOO_FINANCE,PETR4.SA,2025-02-18,37.720001220703125,38.439998626708984,37.709999084472656,38.36000061035156,33.4041633605957,44062600,2026-07-21 07:17:47.497845-03:00
YAHOO_FINANCE,PETR4.SA,2025-02-19,38.11000061035156,38.65999984741211,37.869998931884766,38.439998626708984,33.47382736206055,32648200,2026-07-21 07:17:47.497845-03:00
YAHOO_FINANCE,PETR4.SA,2025-02-20,38.41999816894531,38.56999969482422,38.310001373291016,38.5,33.52607345581055,26641200,2026-07-21 07:17:47.497845-03:00
YAHOO_FINANCE,PETR4.SA,2025-02-21,38.529998779296875,38.529998779296875,38.16999816894531,38.38999938964844,33.43029022216797,30115200,2026-07-21 07:17:47.497845-03:00
YAHOO_FINANCE,PETR4.SA,2025-02-24,38.5,38.5099983215332,37.79999923706055,38.119998931884766,33.195167541503906,27830300,2026-07-21 07:17:47.497845-03:00
YAHOO_FINANCE,PETR4.SA,2025-02-25,38.119998931884766,38.439998626708984,37.83000183105469,37.95000076293945,33.0471305847168,31960900,2026-07-21 07:17:47.497845-03:00
YAHOO_FINANCE,PETR4.SA,2025-02-26,38.25,38.25,37.75,37.95000076293945,33.0471305847168,27420200,2026-07-21 07:17:47.497845-03:00
YAHOO_FINANCE,PETR4.SA,2025-02-27,36.36000061035156,36.7400016784668,35.47999954223633,36.61000061035156,31.880252838134766,129693500,2026-07-21 07:17:47.497845-03:00
YAHOO_FINANCE,PETR4.SA,2025-02-28,36.4900016784668,36.54999923706055,35.810001373291016,35.93000030517578,31.288101196289062,55476800,2026-07-21 07:17:47.497845-03:00
YAHOO_FINANCE,PETR4.SA,2025-03-05,35.02000045776367,35.11000061035156,34.54999923706055,34.619998931884766,30.1473445892334,48552000,2026-07-21 07:17:47.497845-03:00
YAHOO_FINANCE,PETR4.SA,2025-03-06,34.810001373291016,35.119998931884766,34.029998779296875,34.2599983215332,29.83385467529297,47749600,2026-07-21 07:17:47.497845-03:00
YAHOO_FINANCE,PETR4.SA,2025-03-07,34.290000915527344,34.93000030517578,34.22999954223633,34.630001068115234,30.15605354309082,28074700,2026-07-21 07:17:47.497845-03:00
YAHOO_FINANCE,PETR4.SA,2025-03-10,34.58000183105469,34.619998931884766,34.0,34.619998931884766,30.1473445892334,35037200,2026-07-21 07:17:47.497845-03:00
YAHOO_FINANCE,PETR4.SA,2025-03-11,34.75,34.900001525878906,33.90999984741211,34.099998474121094,29.69452476501465,28805400,2026-07-21 07:17:47.497845-03:00
YAHOO_FINANCE,PETR4.SA,2025-03-12,34.15999984741211,34.400001525878906,33.959999084472656,34.099998474121094,29.69452476501465,20149100,2026-07-21 07:17:47.497845-03:00
YAHOO_FINANCE,PETR4.SA,2025-03-13,34.18000030517578,34.540000915527344,34.040000915527344,34.439998626708984,29.990598678588867,19263600,2026-07-21 07:17:47.497845-03:00
YAHOO_FINANCE,PETR4.SA,2025-03-14,34.599998474121094,35.7599983215332,34.369998931884766,35.5,30.913654327392578,41529400,2026-07-21 07:17:47.497845-03:00
YAHOO_FINANCE,PETR4.SA,2025-03-17,35.61000061035156,36.40999984741211,35.599998474121094,36.15999984741211,31.488386154174805,31175900,2026-07-21 07:17:47.497845-03:00
YAHOO_FINANCE,PETR4.SA,2025-03-18,36.189998626708984,36.40999984741211,35.90999984741211,36.189998626708984,31.514507293701172,15086400,2026-07-21 07:17:47.497845-03:00
YAHOO_FINANCE,PETR4.SA,2025-03-19,36.27000045776367,36.33000183105469,36.029998779296875,36.15999984741211,31.488386154174805,21180500,2026-07-21 07:17:47.497845-03:00
YAHOO_FINANCE,PETR4.SA,2025-03-20,36.15999984741211,36.47999954223633,35.7599983215332,36.2400016784668,31.55805206298828,46921900,2026-07-21 07:17:47.497845-03:00
YAHOO_FINANCE,PETR4.SA,2025-03-21,36.220001220703125,37.029998779296875,36.18000030517578,36.79999923706055,32.04570770263672,61175700,2026-07-21 07:17:47.497845-03:00
YAHOO_FINANCE,PETR4.SA,2025-03-24,36.70000076293945,36.939998626708984,36.5,36.75,32.002166748046875,20348000,2026-07-21 07:17:47.497845-03:00
YAHOO_FINANCE,PETR4.SA,2025-03-25,36.849998474121094,37.52000045776367,36.630001068115234,37.040000915527344,32.25469970703125,28036100,2026-07-21 07:17:47.497845-03:00
YAHOO_FINANCE,PETR4.SA,2025-03-26,37.150001525878906,37.630001068115234,37.150001525878906,37.38999938964844,32.55948257446289,26870300,2026-07-21 07:17:47.497845-03:00
YAHOO_FINANCE,PETR4.SA,2025-03-27,37.43000030517578,37.970001220703125,37.38999938964844,37.66999816894531,32.803306579589844,28444400,2026-07-21 07:17:47.497845-03:00
YAHOO_FINANCE,PETR4.SA,2025-03-28,37.650001525878906,37.880001068115234,37.09000015258789,37.43000030517578,32.59431457519531,22057700,2026-07-21 07:17:47.497845-03:00
YAHOO_FINANCE,PETR4.SA,2025-03-31,37.349998474121094,37.63999938964844,37.08000183105469,37.15999984741211,32.35919952392578,26049400,2026-07-21 07:17:47.497845-03:00
YAHOO_FINANCE,PETR4.SA,2025-04-01,37.29999923706055,37.970001220703125,37.20000076293945,37.29999923706055,32.481109619140625,19075600,2026-07-21 07:17:47.497845-03:00
YAHOO_FINANCE,PETR4.SA,2025-04-02,37.27000045776367,37.29999923706055,36.83000183105469,37.20000076293945,32.3940315246582,16959200,2026-07-21 07:17:47.497845-03:00
YAHOO_FINANCE,PETR4.SA,2025-04-03,36.150001525878906,36.29999923706055,35.61000061035156,36.0,31.34906005859375,65896000,2026-07-21 07:17:47.497845-03:00
YAHOO_FINANCE,PETR4.SA,2025-04-04,34.7400016784668,35.0099983215332,33.810001373291016,34.54999923706055,30.08638572692871,87263200,2026-07-21 07:17:47.497845-03:00
YAHOO_FINANCE,PETR4.SA,2025-04-07,33.91999816894531,34.54999923706055,33.11000061035156,33.18000030517578,28.893383026123047,85724900,2026-07-21 07:17:47.497845-03:00
YAHOO_FINANCE,PETR4.SA,2025-04-08,33.70000076293945,33.939998626708984,31.8799991607666,32.0,27.86583137512207,62128500,2026-07-21 07:17:47.497845-03:00
YAHOO_FINANCE,PETR4.SA,2025-04-09,31.309999465942383,33.58000183105469,31.040000915527344,33.29999923706055,28.997879028320312,106391600,2026-07-21 07:17:47.497845-03:00
YAHOO_FINANCE,PETR4.SA,2025-04-10,33.0,33.02000045776367,31.200000762939453,31.229999542236328,27.1953067779541,71250600,2026-07-21 07:17:47.497845-03:00
YAHOO_FINANCE,PETR4.SA,2025-04-11,31.5,32.29999923706055,30.780000686645508,31.850000381469727,27.735210418701172,65329400,2026-07-21 07:17:47.497845-03:00
YAHOO_FINANCE,PETR4.SA,2025-04-14,32.599998474121094,32.880001068115234,31.440000534057617,31.729999542236328,27.630714416503906,56015200,2026-07-21 07:17:47.497845-03:00
YAHOO_FINANCE,PETR4.SA,2025-04-15,31.729999542236328,31.8700008392334,30.979999542236328,31.0,26.995023727416992,58276900,2026-07-21 07:17:47.497845-03:00
YAHOO_FINANCE,PETR4.SA,2025-04-16,31.290000915527344,31.469999313354492,30.850000381469727,31.0,26.995023727416992,73227700,2026-07-21 07:17:47.497845-03:00
YAHOO_FINANCE,PETR4.SA,2025-04-17,30.670000076293945,31.18000030517578,30.459999084472656,30.850000381469727,27.528759002685547,65752700,2026-07-21 07:17:47.497845-03:00
YAHOO_FINANCE,PETR4.SA,2025-04-22,30.799999237060547,31.25,30.329999923706055,30.920000076293945,27.591224670410156,41683900,2026-07-21 07:17:47.497845-03:00
YAHOO_FINANCE,PETR4.SA,2025-04-23,31.350000381469727,31.780000686645508,30.5,30.56999969482422,27.27890396118164,71566500,2026-07-21 07:17:47.497845-03:00
YAHOO_FINANCE,PETR4.SA,2025-04-24,30.809999465942383,30.84000015258789,30.059999465942383,30.43000030517578,27.153974533081055,61589200,2026-07-21 07:17:47.497845-03:00
YAHOO_FINANCE,PETR4.SA,2025-04-25,30.34000015258789,30.729999542236328,30.200000762939453,30.520000457763672,27.234289169311523,35581500,2026-07-21 07:17:47.497845-03:00
YAHOO_FINANCE,PETR4.SA,2025-04-28,30.559999465942383,30.780000686645508,30.25,30.399999618530273,27.127206802368164,27362000,2026-07-21 07:17:47.497845-03:00
YAHOO_FINANCE,PETR4.SA,2025-04-29,30.299999237060547,30.809999465942383,30.149999618530273,30.559999465942383,27.269981384277344,33041100,2026-07-21 07:17:47.497845-03:00
YAHOO_FINANCE,PETR4.SA,2025-04-30,30.40999984741211,30.579999923706055,29.959999084472656,29.989999771118164,26.76134490966797,52798300,2026-07-21 07:17:47.497845-03:00
YAHOO_FINANCE,PETR4.SA,2025-05-02,30.200000762939453,30.809999465942383,29.969999313354492,30.809999465942383,27.493066787719727,33146600,2026-07-21 07:17:47.497845-03:00
YAHOO_FINANCE,PETR4.SA,2025-05-05,30.56999969482422,30.6200008392334,29.65999984741211,29.65999984741211,26.466873168945312,59011700,2026-07-21 07:17:47.497845-03:00
YAHOO_FINANCE,PETR4.SA,2025-05-06,30.110000610351562,30.389999389648438,29.959999084472656,30.149999618530273,26.90411949157715,52751300,2026-07-21 07:17:47.497845-03:00
YAHOO_FINANCE,PETR4.SA,2025-05-07,30.299999237060547,30.299999237060547,29.899999618530273,30.290000915527344,27.029048919677734,35050400,2026-07-21 07:17:47.497845-03:00
YAHOO_FINANCE,PETR4.SA,2025-05-08,30.59000015258789,31.030000686645508,30.450000762939453,30.709999084472656,27.40382957458496,44665000,2026-07-21 07:17:47.497845-03:00
YAHOO_FINANCE,PETR4.SA,2025-05-09,31.100000381469727,31.18000030517578,30.639999389648438,30.90999984741211,27.58230209350586,25075600,2026-07-21 07:17:47.497845-03:00
YAHOO_FINANCE,PETR4.SA,2025-05-12,31.899999618530273,32.16999816894531,31.649999618530273,31.649999618530273,28.242633819580078,53493600,2026-07-21 07:17:47.497845-03:00
YAHOO_FINANCE,PETR4.SA,2025-05-13,31.770000457763672,32.25,31.350000381469727,32.130001068115234,28.67095947265625,56165300,2026-07-21 07:17:47.497845-03:00
YAHOO_FINANCE,PETR4.SA,2025-05-14,32.0,32.119998931884766,31.700000762939453,31.90999984741211,28.474641799926758,28060100,2026-07-21 07:17:47.497845-03:00
YAHOO_FINANCE,PETR4.SA,2025-05-15,31.700000762939453,32.09000015258789,31.59000015258789,31.8700008392334,28.438949584960938,32468300,2026-07-21 07:17:47.497845-03:00
YAHOO_FINANCE,PETR4.SA,2025-05-16,31.84000015258789,32.15999984741211,31.65999984741211,32.02000045776367,28.572799682617188,48111800,2026-07-21 07:17:47.497845-03:00
YAHOO_FINANCE,PETR4.SA,2025-05-19,31.84000015258789,32.099998474121094,31.700000762939453,31.979999542236328,28.537107467651367,30200500,2026-07-21 07:17:47.497845-03:00
YAHOO_FINANCE,PETR4.SA,2025-05-20,32.04999923706055,32.40999984741211,31.950000762939453,32.11000061035156,28.65311050415039,33485800,2026-07-21 07:17:47.497845-03:00
YAHOO_FINANCE,PETR4.SA,2025-05-21,32.209999084472656,32.38999938964844,31.690000534057617,31.75,28.33186912536621,28724100,2026-07-21 07:17:47.497845-03:00
YAHOO_FINANCE,PETR4.SA,2025-05-22,31.639999389648438,31.649999618530273,31.209999084472656,31.329999923706055,27.957082748413086,42207300,2026-07-21 07:17:47.497845-03:00
YAHOO_FINANCE,PETR4.SA,2025-05-23,31.09000015258789,31.399999618530273,30.8700008392334,31.399999618530273,28.019548416137695,25732400,2026-07-21 07:17:47.497845-03:00
YAHOO_FINANCE,PETR4.SA,2025-05-26,31.459999084472656,31.530000686645508,31.139999389648438,31.299999237060547,27.930313110351562,21277100,2026-07-21 07:17:47.497845-03:00
YAHOO_FINANCE,PETR4.SA,2025-05-27,31.520000457763672,31.670000076293945,31.360000610351562,31.530000686645508,28.13555335998535,34361500,2026-07-21 07:17:47.497845-03:00
YAHOO_FINANCE,PETR4.SA,2025-05-28,31.670000076293945,31.719999313354492,31.43000030517578,31.43000030517578,28.046316146850586,30516200,2026-07-21 07:17:47.497845-03:00
YAHOO_FINANCE,PETR4.SA,2025-05-29,31.479999542236328,31.5,31.049999237060547,31.239999771118164,27.876773834228516,20778800,2026-07-21 07:17:47.497845-03:00
YAHOO_FINANCE,PETR4.SA,2025-05-30,31.149999618530273,31.270000457763672,30.899999618530273,30.899999618530273,27.57337760925293,45127700,2026-07-21 07:17:47.497845-03:00
YAHOO_FINANCE,PETR4.SA,2025-06-02,31.639999389648438,31.649999618530273,31.010000228881836,31.079999923706055,27.733997344970703,35111000,2026-07-21 07:17:47.497845-03:00
YAHOO_FINANCE,PETR4.SA,2025-06-03,29.8799991607666,30.299999237060547,29.389999389648438,30.18000030517578,27.7424259185791,59828700,2026-07-21 07:17:47.497845-03:00
YAHOO_FINANCE,PETR4.SA,2025-06-04,30.239999771118164,30.450000762939453,29.270000457763672,29.350000381469727,26.979461669921875,41952900,2026-07-21 07:17:47.497845-03:00
YAHOO_FINANCE,PETR4.SA,2025-06-05,29.5,29.639999389648438,29.209999084472656,29.360000610351562,26.98865509033203,23774000,2026-07-21 07:17:47.497845-03:00
YAHOO_FINANCE,PETR4.SA,2025-06-06,29.450000762939453,29.829999923706055,29.360000610351562,29.670000076293945,27.273616790771484,28069300,2026-07-21 07:17:47.497845-03:00
YAHOO_FINANCE,PETR4.SA,2025-06-09,29.219999313354492,29.469999313354492,28.860000610351562,29.170000076293945,26.814001083374023,43834800,2026-07-21 07:17:47.497845-03:00
YAHOO_FINANCE,PETR4.SA,2025-06-10,29.40999984741211,30.219999313354492,29.350000381469727,30.049999237060547,27.622922897338867,46241800,2026-07-21 07:17:47.497845-03:00
YAHOO_FINANCE,PETR4.SA,2025-06-11,30.299999237060547,31.15999984741211,30.299999237060547,31.049999237060547,28.542158126831055,52432400,2026-07-21 07:17:47.497845-03:00
YAHOO_FINANCE,PETR4.SA,2025-06-12,30.799999237060547,31.90999984741211,30.729999542236328,31.75,29.185619354248047,51729500,2026-07-21 07:17:47.497845-03:00
YAHOO_FINANCE,PETR4.SA,2025-06-13,33.11000061035156,33.16999816894531,32.16999816894531,32.529998779296875,29.902618408203125,74902600,2026-07-21 07:17:47.497845-03:00
YAHOO_FINANCE,PETR4.SA,2025-06-16,32.529998779296875,32.93000030517578,32.06999969482422,32.209999084472656,29.60846519470215,45972200,2026-07-21 07:17:47.497845-03:00
YAHOO_FINANCE,PETR4.SA,2025-06-17,32.380001068115234,33.09000015258789,32.369998931884766,32.939998626708984,30.279504776000977,57633400,2026-07-21 07:17:47.497845-03:00
YAHOO_FINANCE,PETR4.SA,2025-06-18,32.959999084472656,33.209999084472656,32.4900016784668,32.90999984741211,30.251930236816406,49342900,2026-07-21 07:17:47.497845-03:00
YAHOO_FINANCE,PETR4.SA,2025-06-20,32.72999954223633,33.15999984741211,32.630001068115234,32.81999969482422,30.16919708251953,85062700,2026-07-21 07:17:47.497845-03:00
YAHOO_FINANCE,PETR4.SA,2025-06-23,33.290000915527344,33.34000015258789,31.809999465942383,32.0,29.415428161621094,54592400,2026-07-21 07:17:47.497845-03:00
YAHOO_FINANCE,PETR4.SA,2025-06-24,31.290000915527344,31.84000015258789,31.139999389648438,31.3700008392334,28.83631134033203,48728300,2026-07-21 07:17:47.497845-03:00
YAHOO_FINANCE,PETR4.SA,2025-06-25,31.31999969482422,31.540000915527344,31.209999084472656,31.209999084472656,28.689231872558594,23127700,2026-07-21 07:17:47.497845-03:00
YAHOO_FINANCE,PETR4.SA,2025-06-26,31.350000381469727,31.600000381469727,31.309999465942383,31.459999084472656,28.91904067993164,17227000,2026-07-21 07:17:47.497845-03:00
YAHOO_FINANCE,PETR4.SA,2025-06-27,31.389999389648438,31.450000762939453,31.139999389648438,31.209999084472656,28.689231872558594,16482100,2026-07-21 07:17:47.497845-03:00
YAHOO_FINANCE,PETR4.SA,2025-06-30,31.209999084472656,31.489999771118164,31.100000381469727,31.3799991607666,28.845502853393555,23091100,2026-07-21 07:17:47.497845-03:00
YAHOO_FINANCE,PETR4.SA,2025-07-01,31.450000762939453,31.56999969482422,31.260000228881836,31.489999771118164,28.946619033813477,17014100,2026-07-21 07:17:47.497845-03:00
YAHOO_FINANCE,PETR4.SA,2025-07-02,31.579999923706055,32.2400016784668,31.479999542236328,32.04999923706055,29.46138572692871,28311600,2026-07-21 07:17:47.497845-03:00
YAHOO_FINANCE,PETR4.SA,2025-07-03,32.0,32.38999938964844,31.940000534057617,32.15999984741211,29.562503814697266,14322300,2026-07-21 07:17:47.497845-03:00
YAHOO_FINANCE,PETR4.SA,2025-07-04,32.0,32.310001373291016,31.969999313354492,32.119998931884766,29.525733947753906,9356900,2026-07-21 07:17:47.497845-03:00
YAHOO_FINANCE,PETR4.SA,2025-07-07,32.119998931884766,32.2599983215332,31.899999618530273,32.060001373291016,29.4705810546875,17938800,2026-07-21 07:17:47.497845-03:00
YAHOO_FINANCE,PETR4.SA,2025-07-08,32.06999969482422,32.59000015258789,32.029998779296875,32.52000045776367,29.8934268951416,28778300,2026-07-21 07:17:47.497845-03:00
YAHOO_FINANCE,PETR4.SA,2025-07-09,32.56999969482422,32.630001068115234,32.060001373291016,32.31999969482422,29.70958137512207,22338900,2026-07-21 07:17:47.497845-03:00
YAHOO_FINANCE,PETR4.SA,2025-07-10,32.0099983215332,32.43000030517578,31.719999313354492,32.2400016784668,29.636045455932617,23102800,2026-07-21 07:17:47.497845-03:00
YAHOO_FINANCE,PETR4.SA,2025-07-11,32.20000076293945,32.70000076293945,32.150001525878906,32.630001068115234,29.994543075561523,23946700,2026-07-21 07:17:47.497845-03:00
YAHOO_FINANCE,PETR4.SA,2025-07-14,32.630001068115234,32.77000045776367,32.119998931884766,32.20000076293945,29.599273681640625,24106300,2026-07-21 07:17:47.497845-03:00
YAHOO_FINANCE,PETR4.SA,2025-07-15,32.2400016784668,32.380001068115234,31.809999465942383,31.950000762939453,29.36946678161621,18688300,2026-07-21 07:17:47.497845-03:00
YAHOO_FINANCE,PETR4.SA,2025-07-16,31.899999618530273,31.950000762939453,31.469999313354492,31.790000915527344,29.222389221191406,27588900,2026-07-21 07:17:47.497845-03:00
YAHOO_FINANCE,PETR4.SA,2025-07-17,31.770000457763672,31.770000457763672,31.399999618530273,31.469999313354492,28.928234100341797,27497600,2026-07-21 07:17:47.497845-03:00
YAHOO_FINANCE,PETR4.SA,2025-07-18,31.399999618530273,31.600000381469727,30.600000381469727,30.989999771118164,28.487003326416016,57635000,2026-07-21 07:17:47.497845-03:00
YAHOO_FINANCE,PETR4.SA,2025-07-21,30.889999389648438,31.280000686645508,30.770000457763672,31.049999237060547,28.542158126831055,16412000,2026-07-21 07:17:47.497845-03:00
YAHOO_FINANCE,PETR4.SA,2025-07-22,31.049999237060547,31.579999923706055,30.989999771118164,31.350000381469727,28.81792640686035,24557100,2026-07-21 07:17:47.497845-03:00
YAHOO_FINANCE,PETR4.SA,2025-07-23,31.350000381469727,32.029998779296875,31.299999237060547,31.989999771118164,29.406234741210938,27418600,2026-07-21 07:17:47.497845-03:00
YAHOO_FINANCE,PETR4.SA,2025-07-24,31.93000030517578,32.02000045776367,31.649999618530273,31.940000534057617,29.360273361206055,17856300,2026-07-21 07:17:47.497845-03:00
YAHOO_FINANCE,PETR4.SA,2025-07-25,31.989999771118164,32.18000030517578,31.90999984741211,31.979999542236328,29.397043228149414,13341000,2026-07-21 07:17:47.497845-03:00
YAHOO_FINANCE,PETR4.SA,2025-07-28,32.15999984741211,32.43000030517578,31.68000030517578,32.02000045776367,29.43381118774414,27972800,2026-07-21 07:17:47.497845-03:00
YAHOO_FINANCE,PETR4.SA,2025-07-29,32.189998626708984,32.599998474121094,31.989999771118164,32.439998626708984,29.819887161254883,33284000,2026-07-21 07:17:47.497845-03:00
YAHOO_FINANCE,PETR4.SA,2025-07-30,32.29999923706055,32.83000183105469,32.27000045776367,32.77000045776367,30.12323570251465,27110400,2026-07-21 07:17:47.497845-03:00
YAHOO_FINANCE,PETR4.SA,2025-07-31,32.45000076293945,32.75,32.41999816894531,32.63999938964844,30.003734588623047,23544900,2026-07-21 07:17:47.497845-03:00
YAHOO_FINANCE,PETR4.SA,2025-08-01,32.79999923706055,32.90999984741211,32.040000915527344,32.209999084472656,29.60846519470215,24191800,2026-07-21 07:17:47.497845-03:00
YAHOO_FINANCE,PETR4.SA,2025-08-04,32.209999084472656,32.27000045776367,31.959999084472656,32.15999984741211,29.562503814697266,15215600,2026-07-21 07:17:47.497845-03:00
YAHOO_FINANCE,PETR4.SA,2025-08-05,32.130001068115234,32.40999984741211,32.029998779296875,32.310001373291016,29.700389862060547,20635500,2026-07-21 07:17:47.497845-03:00
YAHOO_FINANCE,PETR4.SA,2025-08-06,32.599998474121094,32.939998626708984,32.189998626708984,32.349998474121094,29.73715591430664,32854600,2026-07-21 07:17:47.497845-03:00
YAHOO_FINANCE,PETR4.SA,2025-08-07,32.63999938964844,32.849998474121094,32.43000030517578,32.529998779296875,29.902618408203125,21111400,2026-07-21 07:17:47.497845-03:00
YAHOO_FINANCE,PETR4.SA,2025-08-08,31.5,32.04999923706055,30.530000686645508,30.530000686645508,28.06415557861328,107235300,2026-07-21 07:17:47.497845-03:00
YAHOO_FINANCE,PETR4.SA,2025-08-11,30.709999084472656,31.030000686645508,30.579999923706055,30.719999313354492,28.238807678222656,28045800,2026-07-21 07:17:47.497845-03:00
YAHOO_FINANCE,PETR4.SA,2025-08-12,30.790000915527344,31.270000457763672,30.649999618530273,30.799999237060547,28.312347412109375,37973300,2026-07-21 07:17:47.497845-03:00
YAHOO_FINANCE,PETR4.SA,2025-08-13,30.799999237060547,30.860000610351562,30.40999984741211,30.56999969482422,28.10092544555664,38340700,2026-07-21 07:17:47.497845-03:00
YAHOO_FINANCE,PETR4.SA,2025-08-14,30.729999542236328,30.729999542236328,30.020000457763672,30.18000030517578,27.7424259185791,43087500,2026-07-21 07:17:47.497845-03:00
YAHOO_FINANCE,PETR4.SA,2025-08-15,30.100000381469727,30.219999313354492,29.739999771118164,30.170000076293945,27.733232498168945,55416100,2026-07-21 07:17:47.497845-03:00
YAHOO_FINANCE,PETR4.SA,2025-08-18,30.25,30.549999237060547,30.020000457763672,30.360000610351562,27.907886505126953,31498100,2026-07-21 07:17:47.497845-03:00
YAHOO_FINANCE,PETR4.SA,2025-08-19,30.200000762939453,30.229999542236328,29.850000381469727,30.040000915527344,27.613733291625977,39294300,2026-07-21 07:17:47.497845-03:00
YAHOO_FINANCE,PETR4.SA,2025-08-20,30.1200008392334,30.360000610351562,30.100000381469727,30.219999313354492,27.779193878173828,23706600,2026-07-21 07:17:47.497845-03:00
YAHOO_FINANCE,PETR4.SA,2025-08-21,30.219999313354492,30.43000030517578,30.010000228881836,30.290000915527344,27.84354019165039,23327000,2026-07-21 07:17:47.497845-03:00
YAHOO_FINANCE,PETR4.SA,2025-08-22,29.889999389648438,30.469999313354492,29.799999237060547,30.469999313354492,28.644418716430664,49813600,2026-07-21 07:17:47.497845-03:00
YAHOO_FINANCE,PETR4.SA,2025-08-25,30.469999313354492,30.780000686645508,30.420000076293945,30.649999618530273,28.813636779785156,21075300,2026-07-21 07:17:47.497845-03:00
YAHOO_FINANCE,PETR4.SA,2025-08-26,30.479999542236328,30.579999923706055,30.229999542236328,30.43000030517578,28.6068172454834,21789700,2026-07-21 07:17:47.497845-03:00
YAHOO_FINANCE,PETR4.SA,2025-08-27,30.450000762939453,30.68000030517578,30.360000610351562,30.65999984741211,28.823036193847656,16349100,2026-07-21 07:17:47.497845-03:00
YAHOO_FINANCE,PETR4.SA,2025-08-28,30.780000686645508,31.1299991607666,30.709999084472656,30.93000030517578,29.076862335205078,25802500,2026-07-21 07:17:47.497845-03:00
YAHOO_FINANCE,PETR4.SA,2025-08-29,30.93000030517578,31.350000381469727,30.850000381469727,31.100000381469727,29.236675262451172,27713400,2026-07-21 07:17:47.497845-03:00
YAHOO_FINANCE,PETR4.SA,2025-09-01,31.200000762939453,31.3700008392334,31.049999237060547,31.170000076293945,29.302480697631836,9889700,2026-07-21 07:17:47.497845-03:00
YAHOO_FINANCE,PETR4.SA,2025-09-02,31.0,31.440000534057617,31.0,31.329999923706055,29.45289421081543,19812000,2026-07-21 07:17:47.497845-03:00
YAHOO_FINANCE,PETR4.SA,2025-09-03,31.1200008392334,31.350000381469727,30.920000076293945,31.059999465942383,29.19906997680664,29788800,2026-07-21 07:17:47.497845-03:00
YAHOO_FINANCE,PETR4.SA,2025-09-04,31.0,31.31999969482422,30.93000030517578,31.059999465942383,29.19906997680664,24816500,2026-07-21 07:17:47.497845-03:00
YAHOO_FINANCE,PETR4.SA,2025-09-05,31.079999923706055,31.09000015258789,30.190000534057617,30.59000015258789,28.757230758666992,46121900,2026-07-21 07:17:47.497845-03:00
YAHOO_FINANCE,PETR4.SA,2025-09-08,30.829999923706055,30.969999313354492,30.510000228881836,30.709999084472656,28.870040893554688,18164200,2026-07-21 07:17:47.497845-03:00
YAHOO_FINANCE,PETR4.SA,2025-09-09,30.860000610351562,31.149999618530273,30.809999465942383,30.950000762939453,29.09566307067871,31283900,2026-07-21 07:17:47.497845-03:00
YAHOO_FINANCE,PETR4.SA,2025-09-10,30.959999084472656,31.540000915527344,30.920000076293945,31.510000228881836,29.62211036682129,35949600,2026-07-21 07:17:47.497845-03:00
YAHOO_FINANCE,PETR4.SA,2025-09-11,31.299999237060547,31.479999542236328,31.270000457763672,31.389999389648438,29.509300231933594,17607900,2026-07-21 07:17:47.497845-03:00
YAHOO_FINANCE,PETR4.SA,2025-09-12,31.450000762939453,31.700000762939453,31.15999984741211,31.18000030517578,29.31188201904297,19318400,2026-07-21 07:17:47.497845-03:00
YAHOO_FINANCE,PETR4.SA,2025-09-15,31.299999237060547,31.549999237060547,31.059999465942383,31.450000762939453,29.565706253051758,21978400,2026-07-21 07:17:47.497845-03:00
YAHOO_FINANCE,PETR4.SA,2025-09-16,31.600000381469727,31.68000030517578,31.34000015258789,31.530000686645508,29.640913009643555,19154700,2026-07-21 07:17:47.497845-03:00
YAHOO_FINANCE,PETR4.SA,2025-09-17,31.540000915527344,31.790000915527344,31.459999084472656,31.719999313354492,29.81952667236328,29148100,2026-07-21 07:17:47.497845-03:00
YAHOO_FINANCE,PETR4.SA,2025-09-18,31.770000457763672,31.81999969482422,31.190000534057617,31.40999984741211,29.52810287475586,25702900,2026-07-21 07:17:47.497845-03:00
YAHOO_FINANCE,PETR4.SA,2025-09-19,31.43000030517578,31.450000762939453,30.90999984741211,31.059999465942383,29.19906997680664,48871300,2026-07-21 07:17:47.497845-03:00
YAHOO_FINANCE,PETR4.SA,2025-09-22,31.0,31.469999313354492,30.84000015258789,31.3700008392334,29.49049949645996,22016100,2026-07-21 07:17:47.497845-03:00
YAHOO_FINANCE,PETR4.SA,2025-09-23,31.489999771118164,32.09000015258789,31.459999084472656,31.899999618530273,29.98874282836914,39895300,2026-07-21 07:17:47.497845-03:00
YAHOO_FINANCE,PETR4.SA,2025-09-24,32.15999984741211,32.630001068115234,32.060001373291016,32.619998931884766,30.665603637695312,36414400,2026-07-21 07:17:47.497845-03:00
YAHOO_FINANCE,PETR4.SA,2025-09-25,32.70000076293945,32.79999923706055,32.2400016784668,32.36000061035156,30.421186447143555,29556300,2026-07-21 07:17:47.497845-03:00
YAHOO_FINANCE,PETR4.SA,2025-09-26,32.4900016784668,32.7400016784668,32.150001525878906,32.25,30.317773818969727,27819700,2026-07-21 07:17:47.497845-03:00
YAHOO_FINANCE,PETR4.SA,2025-09-29,32.2599983215332,32.540000915527344,31.729999542236328,31.809999465942383,29.904136657714844,35720000,2026-07-21 07:17:47.497845-03:00
YAHOO_FINANCE,PETR4.SA,2025-09-30,31.690000534057617,31.899999618530273,31.15999984741211,31.459999084472656,29.575105667114258,48611500,2026-07-21 07:17:47.497845-03:00
YAHOO_FINANCE,PETR4.SA,2025-10-01,31.450000762939453,31.549999237060547,31.299999237060547,31.3799991607666,29.49989891052246,24817000,2026-07-21 07:17:47.497845-03:00
YAHOO_FINANCE,PETR4.SA,2025-10-02,31.3799991607666,31.40999984741211,31.020000457763672,31.079999923706055,29.217872619628906,25497100,2026-07-21 07:17:47.497845-03:00
YAHOO_FINANCE,PETR4.SA,2025-10-03,31.15999984741211,31.329999923706055,31.0,31.0,29.14266586303711,19756800,2026-07-21 07:17:47.497845-03:00
YAHOO_FINANCE,PETR4.SA,2025-10-06,31.200000762939453,31.229999542236328,30.700000762939453,30.719999313354492,28.879440307617188,21245400,2026-07-21 07:17:47.497845-03:00
YAHOO_FINANCE,PETR4.SA,2025-10-07,30.719999313354492,30.860000610351562,30.350000381469727,30.829999923706055,28.982851028442383,29068800,2026-07-21 07:17:47.497845-03:00
YAHOO_FINANCE,PETR4.SA,2025-10-08,31.079999923706055,31.079999923706055,30.5,30.649999618530273,28.813636779785156,17687400,2026-07-21 07:17:47.497845-03:00
YAHOO_FINANCE,PETR4.SA,2025-10-09,30.65999984741211,30.84000015258789,30.190000534057617,30.209999084472656,28.39999771118164,22879700,2026-07-21 07:17:47.497845-03:00
YAHOO_FINANCE,PETR4.SA,2025-10-10,30.100000381469727,30.15999984741211,29.8700008392334,29.940000534057617,28.146175384521484,50214400,2026-07-21 07:17:47.497845-03:00
YAHOO_FINANCE,PETR4.SA,2025-10-13,30.149999618530273,30.270000457763672,29.969999313354492,30.229999542236328,28.418798446655273,13890500,2026-07-21 07:17:47.497845-03:00
YAHOO_FINANCE,PETR4.SA,2025-10-14,29.950000762939453,30.459999084472656,29.8799991607666,30.020000457763672,28.22138214111328,28138200,2026-07-21 07:17:47.497845-03:00
YAHOO_FINANCE,PETR4.SA,2025-10-15,30.049999237060547,30.170000076293945,29.670000076293945,29.75,27.967557907104492,40261000,2026-07-21 07:17:47.497845-03:00
YAHOO_FINANCE,PETR4.SA,2025-10-16,29.739999771118164,29.809999465942383,29.40999984741211,29.450000762939453,27.68553352355957,28660900,2026-07-21 07:17:47.497845-03:00
YAHOO_FINANCE,PETR4.SA,2025-10-17,29.5,29.950000762939453,29.309999465942383,29.729999542236328,27.94875717163086,36238600,2026-07-21 07:17:47.497845-03:00
YAHOO_FINANCE,PETR4.SA,2025-10-20,29.700000762939453,29.899999618530273,29.479999542236328,29.75,27.967557907104492,31442800,2026-07-21 07:17:47.497845-03:00
YAHOO_FINANCE,PETR4.SA,2025-10-21,29.959999084472656,29.989999771118164,29.469999313354492,29.510000228881836,27.7419376373291,25509900,2026-07-21 07:17:47.497845-03:00
YAHOO_FINANCE,PETR4.SA,2025-10-22,29.760000228881836,30.030000686645508,29.6200008392334,29.850000381469727,28.061569213867188,27088800,2026-07-21 07:17:47.497845-03:00
YAHOO_FINANCE,PETR4.SA,2025-10-23,30.520000457763672,30.719999313354492,30.110000610351562,30.190000534057617,28.381196975708008,40060800,2026-07-21 07:17:47.497845-03:00
YAHOO_FINANCE,PETR4.SA,2025-10-24,30.299999237060547,30.450000762939453,29.809999465942383,29.84000015258789,28.052167892456055,24370300,2026-07-21 07:17:47.497845-03:00
YAHOO_FINANCE,PETR4.SA,2025-10-27,30.15999984741211,30.15999984741211,29.690000534057617,30.0,28.202579498291016,24771400,2026-07-21 07:17:47.497845-03:00
YAHOO_FINANCE,PETR4.SA,2025-10-28,29.899999618530273,30.350000381469727,29.760000228881836,29.989999771118164,28.193180084228516,25324800,2026-07-21 07:17:47.497845-03:00
YAHOO_FINANCE,PETR4.SA,2025-10-29,30.09000015258789,30.15999984741211,29.799999237060547,30.020000457763672,28.22138214111328,24854900,2026-07-21 07:17:47.497845-03:00
YAHOO_FINANCE,PETR4.SA,2025-10-30,29.920000076293945,30.15999984741211,29.760000228881836,29.889999389648438,28.099170684814453,22657200,2026-07-21 07:17:47.497845-03:00
YAHOO_FINANCE,PETR4.SA,2025-10-31,30.0,30.09000015258789,29.549999237060547,29.75,27.967557907104492,29516300,2026-07-21 07:17:47.497845-03:00
YAHOO_FINANCE,PETR4.SA,2025-11-03,29.8799991607666,30.469999313354492,29.799999237060547,30.100000381469727,28.296588897705078,54977300,2026-07-21 07:17:47.497845-03:00
YAHOO_FINANCE,PETR4.SA,2025-11-04,30.0,30.260000228881836,29.90999984741211,30.25,28.43760108947754,35035200,2026-07-21 07:17:47.497845-03:00
YAHOO_FINANCE,PETR4.SA,2025-11-05,30.25,30.950000762939453,30.209999084472656,30.850000381469727,29.00165367126465,40375900,2026-07-21 07:17:47.497845-03:00
YAHOO_FINANCE,PETR4.SA,2025-11-06,30.979999542236328,31.280000686645508,30.899999618530273,31.010000228881836,29.152069091796875,43435700,2026-07-21 07:17:47.497845-03:00
YAHOO_FINANCE,PETR4.SA,2025-11-07,31.219999313354492,32.18000030517578,30.850000381469727,32.18000030517578,30.251968383789062,97315600,2026-07-21 07:17:47.497845-03:00
YAHOO_FINANCE,PETR4.SA,2025-11-10,32.29999923706055,32.54999923706055,31.93000030517578,32.36000061035156,30.421186447143555,41064200,2026-07-21 07:17:47.497845-03:00
YAHOO_FINANCE,PETR4.SA,2025-11-11,32.540000915527344,33.439998626708984,32.45000076293945,33.20000076293945,31.210857391357422,68221300,2026-07-21 07:17:47.497845-03:00
YAHOO_FINANCE,PETR4.SA,2025-11-12,33.2599983215332,33.2599983215332,32.08000183105469,32.349998474121094,30.411781311035156,67646400,2026-07-21 07:17:47.497845-03:00
YAHOO_FINANCE,PETR4.SA,2025-11-13,32.36000061035156,32.939998626708984,32.31999969482422,32.4900016784668,30.543397903442383,38517200,2026-07-21 07:17:47.497845-03:00
YAHOO_FINANCE,PETR4.SA,2025-11-14,32.599998474121094,33.16999816894531,32.58000183105469,32.70000076293945,30.740814208984375,27371300,2026-07-21 07:17:47.497845-03:00
YAHOO_FINANCE,PETR4.SA,2025-11-17,32.7599983215332,33.08000183105469,32.72999954223633,32.880001068115234,30.9100284576416,63708200,2026-07-21 07:17:47.497845-03:00
YAHOO_FINANCE,PETR4.SA,2025-11-18,32.70000076293945,33.16999816894531,32.66999816894531,32.9900016784668,31.013437271118164,26520500,2026-07-21 07:17:47.497845-03:00
YAHOO_FINANCE,PETR4.SA,2025-11-19,32.79999923706055,32.97999954223633,32.540000915527344,32.81999969482422,30.853622436523438,48719300,2026-07-21 07:17:47.497845-03:00
YAHOO_FINANCE,PETR4.SA,2025-11-21,32.560001373291016,32.7400016784668,32.36000061035156,32.56999969482422,30.618602752685547,40869300,2026-07-21 07:17:47.497845-03:00
YAHOO_FINANCE,PETR4.SA,2025-11-24,32.560001373291016,32.75,32.36000061035156,32.540000915527344,30.59039878845215,38665600,2026-07-21 07:17:47.497845-03:00
YAHOO_FINANCE,PETR4.SA,2025-11-25,32.349998474121094,32.439998626708984,32.09000015258789,32.279998779296875,30.345975875854492,28431100,2026-07-21 07:17:47.497845-03:00
YAHOO_FINANCE,PETR4.SA,2025-11-26,32.380001068115234,32.40999984741211,32.099998474121094,32.22999954223633,30.29897117614746,25042100,2026-07-21 07:17:47.497845-03:00
YAHOO_FINANCE,PETR4.SA,2025-11-27,32.279998779296875,32.400001525878906,32.20000076293945,32.400001525878906,30.45878791809082,16087400,2026-07-21 07:17:47.497845-03:00
YAHOO_FINANCE,PETR4.SA,2025-11-28,32.27000045776367,32.310001373291016,31.290000915527344,31.790000915527344,29.88533592224121,60420500,2026-07-21 07:17:47.497845-03:00
YAHOO_FINANCE,PETR4.SA,2025-12-01,31.950000762939453,32.16999816894531,31.56999969482422,31.850000381469727,29.941741943359375,29489100,2026-07-21 07:17:47.497845-03:00
YAHOO_FINANCE,PETR4.SA,2025-12-02,31.93000030517578,32.06999969482422,31.440000534057617,32.06999969482422,30.148557662963867,25574100,2026-07-21 07:17:47.497845-03:00
YAHOO_FINANCE,PETR4.SA,2025-12-03,32.150001525878906,32.5,32.150001525878906,32.310001373291016,30.37417984008789,36630000,2026-07-21 07:17:47.497845-03:00
YAHOO_FINANCE,PETR4.SA,2025-12-04,32.4900016784668,32.75,32.45000076293945,32.52000045776367,30.571596145629883,33009700,2026-07-21 07:17:47.497845-03:00
YAHOO_FINANCE,PETR4.SA,2025-12-05,32.5,32.90999984741211,31.3700008392334,31.3700008392334,29.49049949645996,74495100,2026-07-21 07:17:47.497845-03:00
YAHOO_FINANCE,PETR4.SA,2025-12-08,31.56999969482422,31.989999771118164,31.489999771118164,31.65999984741211,29.76312255859375,30271600,2026-07-21 07:17:47.497845-03:00
YAHOO_FINANCE,PETR4.SA,2025-12-09,31.610000610351562,31.899999618530273,31.329999923706055,31.860000610351562,29.951141357421875,23863000,2026-07-21 07:17:47.497845-03:00
YAHOO_FINANCE,PETR4.SA,2025-12-10,31.8799991607666,31.989999771118164,31.540000915527344,31.940000534057617,30.026348114013672,22123700,2026-07-21 07:17:47.497845-03:00
YAHOO_FINANCE,PETR4.SA,2025-12-11,31.8799991607666,31.899999618530273,31.25,31.40999984741211,29.52810287475586,64927900,2026-07-21 07:17:47.497845-03:00
YAHOO_FINANCE,PETR4.SA,2025-12-12,31.40999984741211,31.719999313354492,31.34000015258789,31.59000015258789,29.697317123413086,39659900,2026-07-21 07:17:47.497845-03:00
YAHOO_FINANCE,PETR4.SA,2025-12-15,31.68000030517578,31.899999618530273,31.59000015258789,31.700000762939453,29.80072593688965,31898900,2026-07-21 07:17:47.497845-03:00
YAHOO_FINANCE,PETR4.SA,2025-12-16,31.530000686645508,31.530000686645508,30.610000610351562,30.739999771118164,28.898242950439453,52661900,2026-07-21 07:17:47.497845-03:00
YAHOO_FINANCE,PETR4.SA,2025-12-17,30.860000610351562,31.079999923706055,30.81999969482422,31.079999923706055,29.217872619628906,39337100,2026-07-21 07:17:47.497845-03:00
YAHOO_FINANCE,PETR4.SA,2025-12-18,31.200000762939453,31.280000686645508,30.829999923706055,30.899999618530273,29.04865837097168,34311000,2026-07-21 07:17:47.497845-03:00
YAHOO_FINANCE,PETR4.SA,2025-12-19,31.06999969482422,31.239999771118164,30.969999313354492,31.010000228881836,29.152069091796875,45807700,2026-07-21 07:17:47.497845-03:00
YAHOO_FINANCE,PETR4.SA,2025-12-22,31.25,31.530000686645508,31.100000381469727,31.100000381469727,29.236675262451172,35896900,2026-07-21 07:17:47.497845-03:00
YAHOO_FINANCE,PETR4.SA,2025-12-23,30.549999237060547,30.56999969482422,30.200000762939453,30.309999465942383,29.393901824951172,35703900,2026-07-21 07:17:47.497845-03:00
YAHOO_FINANCE,PETR4.SA,2025-12-26,30.309999465942383,30.43000030517578,30.1200008392334,30.40999984741211,29.49087905883789,20178600,2026-07-21 07:17:47.497845-03:00
YAHOO_FINANCE,PETR4.SA,2025-12-29,30.559999465942383,30.809999465942383,30.520000457763672,30.729999542236328,29.80120849609375,20588100,2026-07-21 07:17:47.497845-03:00
YAHOO_FINANCE,PETR4.SA,2025-12-30,30.799999237060547,30.959999084472656,30.649999618530273,30.81999969482422,29.888486862182617,16880600,2026-07-21 07:17:47.497845-03:00
YAHOO_FINANCE,PETR4.SA,2026-01-02,30.959999084472656,30.959999084472656,30.360000610351562,30.709999084472656,29.781810760498047,21625200,2026-07-21 07:17:47.497845-03:00
YAHOO_FINANCE,PETR4.SA,2026-01-05,30.700000762939453,30.770000457763672,29.729999542236328,30.200000762939453,29.287227630615234,48211400,2026-07-21 07:17:47.497845-03:00
YAHOO_FINANCE,PETR4.SA,2026-01-06,30.3700008392334,30.43000030517578,29.6200008392334,29.639999389648438,28.744152069091797,38095000,2026-07-21 07:17:47.497845-03:00
YAHOO_FINANCE,PETR4.SA,2026-01-07,29.670000076293945,29.829999923706055,29.530000686645508,29.829999923706055,28.928409576416016,28132900,2026-07-21 07:17:47.497845-03:00
YAHOO_FINANCE,PETR4.SA,2026-01-08,29.90999984741211,30.34000015258789,29.790000915527344,30.200000762939453,29.287227630615234,34125800,2026-07-21 07:17:47.497845-03:00
YAHOO_FINANCE,PETR4.SA,2026-01-09,30.170000076293945,30.739999771118164,30.139999389648438,30.299999237060547,29.384204864501953,27982800,2026-07-21 07:17:47.497845-03:00
YAHOO_FINANCE,PETR4.SA,2026-01-12,30.299999237060547,30.56999969482422,30.209999084472656,30.360000610351562,29.442392349243164,18947400,2026-07-21 07:17:47.497845-03:00
YAHOO_FINANCE,PETR4.SA,2026-01-13,30.360000610351562,31.31999969482422,30.360000610351562,31.139999389648438,30.198816299438477,54097100,2026-07-21 07:17:47.497845-03:00
YAHOO_FINANCE,PETR4.SA,2026-01-14,31.350000381469727,32.529998779296875,31.200000762939453,31.989999771118164,31.02312660217285,82309300,2026-07-21 07:17:47.497845-03:00
YAHOO_FINANCE,PETR4.SA,2026-01-15,31.5,31.93000030517578,31.440000534057617,31.790000915527344,30.829172134399414,26456600,2026-07-21 07:17:47.497845-03:00
YAHOO_FINANCE,PETR4.SA,2026-01-16,31.950000762939453,32.20000076293945,31.8799991607666,32.040000915527344,31.07161521911621,70947300,2026-07-21 07:17:47.497845-03:00
YAHOO_FINANCE,PETR4.SA,2026-01-19,31.959999084472656,32.209999084472656,31.90999984741211,32.16999816894531,31.197683334350586,12852900,2026-07-21 07:17:47.497845-03:00
YAHOO_FINANCE,PETR4.SA,2026-01-20,32.16999816894531,32.52000045776367,31.940000534057617,32.290000915527344,31.31406021118164,26300000,2026-07-21 07:17:47.497845-03:00
YAHOO_FINANCE,PETR4.SA,2026-01-21,32.5,33.54999923706055,32.43000030517578,33.43000030517578,32.41960144042969,93270900,2026-07-21 07:17:47.497845-03:00
YAHOO_FINANCE,PETR4.SA,2026-01-22,33.380001068115234,34.130001068115234,33.2599983215332,33.58000183105469,32.56507110595703,71516300,2026-07-21 07:17:47.497845-03:00
YAHOO_FINANCE,PETR4.SA,2026-01-23,33.95000076293945,35.47999954223633,33.880001068115234,35.040000915527344,33.9809455871582,68642600,2026-07-21 07:17:47.497845-03:00
YAHOO_FINANCE,PETR4.SA,2026-01-26,35.369998931884766,35.70000076293945,35.040000915527344,35.36000061035156,34.2912712097168,39869600,2026-07-21 07:17:47.497845-03:00
YAHOO_FINANCE,PETR4.SA,2026-01-27,35.5099983215332,36.45000076293945,35.369998931884766,36.130001068115234,35.03799819946289,47268200,2026-07-21 07:17:47.497845-03:00
YAHOO_FINANCE,PETR4.SA,2026-01-28,36.54999923706055,37.439998626708984,36.5,37.34000015258789,36.21142578125,46054700,2026-07-21 07:17:47.497845-03:00
YAHOO_FINANCE,PETR4.SA,2026-01-29,38.0,38.58000183105469,37.56999969482422,37.70000076293945,36.560543060302734,58722800,2026-07-21 07:17:47.497845-03:00
YAHOO_FINANCE,PETR4.SA,2026-01-30,37.22999954223633,37.97999954223633,37.02000045776367,37.7599983215332,36.61872863769531,45794700,2026-07-21 07:17:47.497845-03:00
YAHOO_FINANCE,PETR4.SA,2026-02-02,36.779998779296875,37.2400016784668,36.619998931884766,37.2400016784668,36.11444854736328,38505600,2026-07-21 07:17:47.497845-03:00
YAHOO_FINANCE,PETR4.SA,2026-02-03,37.5099983215332,38.31999969482422,37.13999938964844,37.58000183105469,36.444175720214844,57152800,2026-07-21 07:17:47.497845-03:00
YAHOO_FINANCE,PETR4.SA,2026-02-04,37.45000076293945,37.68000030517578,36.970001220703125,37.52000045776367,36.385986328125,37955800,2026-07-21 07:17:47.497845-03:00
YAHOO_FINANCE,PETR4.SA,2026-02-05,37.400001525878906,37.61000061035156,36.900001525878906,37.0,35.8817024230957,35933100,2026-07-21 07:17:47.497845-03:00
YAHOO_FINANCE,PETR4.SA,2026-02-06,37.209999084472656,37.27000045776367,36.45000076293945,36.650001525878906,35.54228210449219,27681100,2026-07-21 07:17:47.497845-03:00
YAHOO_FINANCE,PETR4.SA,2026-02-09,36.65999984741211,37.45000076293945,36.54999923706055,37.31999969482422,36.1920280456543,27089800,2026-07-21 07:17:47.497845-03:00
YAHOO_FINANCE,PETR4.SA,2026-02-10,37.31999969482422,37.58000183105469,36.90999984741211,37.349998474121094,36.22111892700195,24585300,2026-07-21 07:17:47.497845-03:00
YAHOO_FINANCE,PETR4.SA,2026-02-11,37.72999954223633,38.459999084472656,37.689998626708984,38.08000183105469,36.92906188964844,55863800,2026-07-21 07:17:47.497845-03:00
YAHOO_FINANCE,PETR4.SA,2026-02-12,38.04999923706055,38.04999923706055,36.79999923706055,37.11000061035156,35.98837661743164,39856000,2026-07-21 07:17:47.497845-03:00
YAHOO_FINANCE,PETR4.SA,2026-02-13,37.15999984741211,37.15999984741211,36.529998779296875,36.88999938964844,35.7750244140625,27507000,2026-07-21 07:17:47.497845-03:00
YAHOO_FINANCE,PETR4.SA,2026-02-18,37.06999969482422,37.38999938964844,36.849998474121094,37.189998626708984,36.065956115722656,32276700,2026-07-21 07:17:47.497845-03:00
YAHOO_FINANCE,PETR4.SA,2026-02-19,37.5,38.2400016784668,37.439998626708984,37.810001373291016,36.66722106933594,48355000,2026-07-21 07:17:47.497845-03:00
YAHOO_FINANCE,PETR4.SA,2026-02-20,37.66999816894531,37.970001220703125,37.45000076293945,37.970001220703125,36.822383880615234,51949800,2026-07-21 07:17:47.497845-03:00
YAHOO_FINANCE,PETR4.SA,2026-02-23,37.970001220703125,39.25,37.849998474121094,38.59000015258789,37.423648834228516,55061500,2026-07-21 07:17:47.497845-03:00
YAHOO_FINANCE,PETR4.SA,2026-02-24,38.86000061035156,39.65999984741211,38.86000061035156,39.56999969482422,38.3740234375,43263600,2026-07-21 07:17:47.497845-03:00
YAHOO_FINANCE,PETR4.SA,2026-02-25,39.939998626708984,39.970001220703125,39.029998779296875,39.56999969482422,38.3740234375,26012300,2026-07-21 07:17:47.497845-03:00
YAHOO_FINANCE,PETR4.SA,2026-02-26,39.29999923706055,39.79999923706055,38.970001220703125,39.61000061035156,38.412818908691406,29919100,2026-07-21 07:17:47.497845-03:00
YAHOO_FINANCE,PETR4.SA,2026-02-27,39.91999816894531,40.27000045776367,39.33000183105469,39.33000183105469,38.14128112792969,38799000,2026-07-21 07:17:47.497845-03:00
YAHOO_FINANCE,PETR4.SA,2026-03-02,41.29999923706055,41.529998779296875,40.52000045776367,41.130001068115234,39.886878967285156,83817000,2026-07-21 07:17:47.497845-03:00
YAHOO_FINANCE,PETR4.SA,2026-03-03,41.70000076293945,42.0,40.75,40.95000076293945,39.71231460571289,93893800,2026-07-21 07:17:47.497845-03:00
YAHOO_FINANCE,PETR4.SA,2026-03-04,40.95000076293945,41.16999816894531,39.93000030517578,40.5,39.275917053222656,50915600,2026-07-21 07:17:47.497845-03:00
YAHOO_FINANCE,PETR4.SA,2026-03-05,40.529998779296875,40.77000045776367,39.97999954223633,40.689998626708984,39.460174560546875,53107600,2026-07-21 07:17:47.497845-03:00
YAHOO_FINANCE,PETR4.SA,2026-03-06,41.900001525878906,43.119998931884766,41.41999816894531,42.15999984741211,40.885746002197266,87228000,2026-07-21 07:17:47.497845-03:00
YAHOO_FINANCE,PETR4.SA,2026-03-09,43.25,44.27000045776367,42.66999816894531,43.15999984741211,41.85552215576172,107124400,2026-07-21 07:17:47.497845-03:00
YAHOO_FINANCE,PETR4.SA,2026-03-10,42.310001373291016,43.099998474121094,42.029998779296875,42.93000030517578,41.63247299194336,56706200,2026-07-21 07:17:47.497845-03:00
YAHOO_FINANCE,PETR4.SA,2026-03-11,43.25,44.880001068115234,43.22999954223633,44.79999923706055,43.445953369140625,73234300,2026-07-21 07:17:47.497845-03:00
YAHOO_FINANCE,PETR4.SA,2026-03-12,45.38999938964844,46.09000015258789,44.20000076293945,45.0,43.63990783691406,86124400,2026-07-21 07:17:47.497845-03:00
YAHOO_FINANCE,PETR4.SA,2026-03-13,44.61000061035156,45.34000015258789,44.290000915527344,44.66999816894531,43.319881439208984,42520400,2026-07-21 07:17:47.497845-03:00
YAHOO_FINANCE,PETR4.SA,2026-03-16,44.880001068115234,45.9900016784668,44.79999923706055,45.86000061035156,44.473915100097656,40474100,2026-07-21 07:17:47.497845-03:00
YAHOO_FINANCE,PETR4.SA,2026-03-17,45.849998474121094,47.2599983215332,45.79999923706055,46.380001068115234,44.97819900512695,51025600,2026-07-21 07:17:47.497845-03:00
YAHOO_FINANCE,PETR4.SA,2026-03-18,46.70000076293945,47.150001525878906,46.54999923706055,47.0,45.57946014404297,55074700,2026-07-21 07:17:47.497845-03:00
YAHOO_FINANCE,PETR4.SA,2026-03-19,47.20000076293945,48.130001068115234,46.689998626708984,46.779998779296875,45.36610794067383,84865000,2026-07-21 07:17:47.497845-03:00
YAHOO_FINANCE,PETR4.SA,2026-03-20,46.790000915527344,47.25,44.91999816894531,45.66999816894531,44.28965759277344,78125700,2026-07-21 07:17:47.497845-03:00
YAHOO_FINANCE,PETR4.SA,2026-03-23,44.41999816894531,46.18000030517578,44.31999969482422,46.029998779296875,44.63877868652344,65252400,2026-07-21 07:17:47.497845-03:00
YAHOO_FINANCE,PETR4.SA,2026-03-24,46.400001525878906,47.95000076293945,46.369998931884766,47.27000045776367,45.84130096435547,57455300,2026-07-21 07:17:47.497845-03:00
YAHOO_FINANCE,PETR4.SA,2026-03-25,46.5,47.54999923706055,46.29999923706055,47.5,46.06434631347656,40532900,2026-07-21 07:17:47.497845-03:00
YAHOO_FINANCE,PETR4.SA,2026-03-26,47.599998474121094,48.470001220703125,47.52000045776367,48.02000045776367,46.56863021850586,59986800,2026-07-21 07:17:47.497845-03:00
YAHOO_FINANCE,PETR4.SA,2026-03-27,48.5,49.439998626708984,48.130001068115234,49.40999984741211,47.91661834716797,54170900,2026-07-21 07:17:47.497845-03:00
YAHOO_FINANCE,PETR4.SA,2026-03-30,49.75,50.689998626708984,49.4900016784668,49.66999816894531,48.168758392333984,51454300,2026-07-21 07:17:47.497845-03:00
YAHOO_FINANCE,PETR4.SA,2026-03-31,50.06999969482422,50.54999923706055,47.650001525878906,48.66999816894531,47.19898223876953,78931700,2026-07-21 07:17:47.497845-03:00
YAHOO_FINANCE,PETR4.SA,2026-04-01,47.70000076293945,48.06999969482422,46.77000045776367,47.369998931884766,45.93827438354492,66488400,2026-07-21 07:17:47.497845-03:00
YAHOO_FINANCE,PETR4.SA,2026-04-02,49.29999923706055,49.459999084472656,47.95000076293945,48.150001525878906,46.6947021484375,38536900,2026-07-21 07:17:47.497845-03:00
YAHOO_FINANCE,PETR4.SA,2026-04-06,47.9900016784668,49.0,47.880001068115234,48.939998626708984,47.46082305908203,27848100,2026-07-21 07:17:47.497845-03:00
YAHOO_FINANCE,PETR4.SA,2026-04-07,49.09000015258789,49.560001373291016,48.400001525878906,48.5099983215332,47.043819427490234,33362800,2026-07-21 07:17:47.497845-03:00
YAHOO_FINANCE,PETR4.SA,2026-04-08,44.70000076293945,46.63999938964844,44.529998779296875,46.61000061035156,45.20124816894531,87580500,2026-07-21 07:17:47.497845-03:00
YAHOO_FINANCE,PETR4.SA,2026-04-09,47.540000915527344,48.54999923706055,47.029998779296875,47.900001525878906,46.4522590637207,58206500,2026-07-21 07:17:47.497845-03:00
YAHOO_FINANCE,PETR4.SA,2026-04-10,47.529998779296875,49.029998779296875,47.529998779296875,49.029998779296875,47.54810333251953,42860900,2026-07-21 07:17:47.497845-03:00
YAHOO_FINANCE,PETR4.SA,2026-04-13,49.75,50.2400016784668,49.25,49.779998779296875,48.27543258666992,60941100,2026-07-21 07:17:47.497845-03:00
YAHOO_FINANCE,PETR4.SA,2026-04-14,49.61000061035156,49.650001525878906,47.66999816894531,47.880001068115234,46.432861328125,58646800,2026-07-21 07:17:47.497845-03:00
YAHOO_FINANCE,PETR4.SA,2026-04-15,47.95000076293945,48.099998474121094,46.72999954223633,46.88999938964844,45.472782135009766,61852100,2026-07-21 07:17:47.497845-03:00
YAHOO_FINANCE,PETR4.SA,2026-04-16,47.290000915527344,48.68000030517578,46.7599983215332,48.58000183105469,47.11170959472656,54484300,2026-07-21 07:17:47.497845-03:00
YAHOO_FINANCE,PETR4.SA,2026-04-17,46.5,46.54999923706055,44.869998931884766,46.220001220703125,44.823036193847656,105186900,2026-07-21 07:17:47.497845-03:00
YAHOO_FINANCE,PETR4.SA,2026-04-20,47.2400016784668,47.47999954223633,46.5099983215332,47.02000045776367,45.598854064941406,41904500,2026-07-21 07:17:47.497845-03:00
YAHOO_FINANCE,PETR4.SA,2026-04-22,47.63999938964844,47.97999954223633,47.25,47.66999816894531,46.22920608520508,51063000,2026-07-21 07:17:47.497845-03:00
YAHOO_FINANCE,PETR4.SA,2026-04-23,47.36000061035156,48.08000183105469,46.900001525878906,47.77000045776367,46.97968673706055,38666800,2026-07-21 07:17:47.497845-03:00
YAHOO_FINANCE,PETR4.SA,2026-04-24,47.5,47.52000045776367,46.45000076293945,47.15999984741211,46.37977981567383,34880200,2026-07-21 07:17:47.497845-03:00
YAHOO_FINANCE,PETR4.SA,2026-04-27,47.220001220703125,48.16999816894531,47.16999816894531,47.369998931884766,46.5863037109375,31543600,2026-07-21 07:17:47.497845-03:00
YAHOO_FINANCE,PETR4.SA,2026-04-28,47.650001525878906,48.040000915527344,47.459999084472656,47.52000045776367,46.73382568359375,29389700,2026-07-21 07:17:47.497845-03:00
YAHOO_FINANCE,PETR4.SA,2026-04-29,48.099998474121094,49.29999923706055,48.0,48.959999084472656,48.150001525878906,47685000,2026-07-21 07:17:47.497845-03:00
YAHOO_FINANCE,PETR4.SA,2026-04-30,48.810001373291016,49.380001068115234,48.290000915527344,49.08000183105469,48.26801681518555,36666100,2026-07-21 07:17:47.497845-03:00
YAHOO_FINANCE,PETR4.SA,2026-05-04,49.279998779296875,49.849998474121094,48.91999816894531,49.34000015258789,48.52371597290039,41319600,2026-07-21 07:17:47.497845-03:00
YAHOO_FINANCE,PETR4.SA,2026-05-05,48.880001068115234,49.029998779296875,48.33000183105469,48.65999984741211,47.85496520996094,28066500,2026-07-21 07:17:47.497845-03:00
YAHOO_FINANCE,PETR4.SA,2026-05-06,46.709999084472656,47.4900016784668,46.59000015258789,47.27000045776367,46.48796081542969,62009100,2026-07-21 07:17:47.497845-03:00
YAHOO_FINANCE,PETR4.SA,2026-05-07,46.400001525878906,46.650001525878906,45.20000076293945,46.220001220703125,45.4553337097168,71214500,2026-07-21 07:17:47.497845-03:00
YAHOO_FINANCE,PETR4.SA,2026-05-08,46.38999938964844,46.54999923706055,45.66999816894531,45.66999816894531,44.9144287109375,32914200,2026-07-21 07:17:47.497845-03:00
YAHOO_FINANCE,PETR4.SA,2026-05-11,46.209999084472656,46.5099983215332,45.650001525878906,46.43000030517578,45.66185760498047,50622200,2026-07-21 07:17:47.497845-03:00
YAHOO_FINANCE,PETR4.SA,2026-05-12,46.25,46.25,45.400001525878906,45.68000030517578,44.92426681518555,81072700,2026-07-21 07:17:47.497845-03:00
YAHOO_FINANCE,PETR4.SA,2026-05-13,45.77000045776367,45.83000183105469,44.36000061035156,44.56999969482422,43.8326301574707,57251900,2026-07-21 07:17:47.497845-03:00
YAHOO_FINANCE,PETR4.SA,2026-05-14,44.459999084472656,45.369998931884766,44.380001068115234,45.0,44.255516052246094,47760000,2026-07-21 07:17:47.497845-03:00
YAHOO_FINANCE,PETR4.SA,2026-05-15,45.38999938964844,45.540000915527344,44.97999954223633,45.470001220703125,44.71773910522461,59380500,2026-07-21 07:17:47.497845-03:00
YAHOO_FINANCE,PETR4.SA,2026-05-18,45.099998474121094,46.459999084472656,44.470001220703125,46.439998626708984,45.67169189453125,57388200,2026-07-21 07:17:47.497845-03:00
YAHOO_FINANCE,PETR4.SA,2026-05-19,45.9900016784668,46.29999923706055,45.59000015258789,46.09000015258789,45.327484130859375,40943000,2026-07-21 07:17:47.497845-03:00
YAHOO_FINANCE,PETR4.SA,2026-05-20,45.77000045776367,46.40999984741211,44.540000915527344,44.599998474121094,43.86213302612305,52780200,2026-07-21 07:17:47.497845-03:00
YAHOO_FINANCE,PETR4.SA,2026-05-21,45.099998474121094,45.650001525878906,44.5,44.95000076293945,44.20634460449219,57725900,2026-07-21 07:17:47.497845-03:00
YAHOO_FINANCE,PETR4.SA,2026-05-22,44.7400016784668,44.75,43.869998931884766,44.47999954223633,43.744117736816406,39634300,2026-07-21 07:17:47.497845-03:00
YAHOO_FINANCE,PETR4.SA,2026-05-25,43.4900016784668,43.81999969482422,42.970001220703125,43.400001525878906,42.68198776245117,26720900,2026-07-21 07:17:47.497845-03:00
YAHOO_FINANCE,PETR4.SA,2026-05-26,43.36000061035156,43.79999923706055,43.15999984741211,43.439998626708984,42.72132110595703,36040500,2026-07-21 07:17:47.497845-03:00
YAHOO_FINANCE,PETR4.SA,2026-05-27,42.25,43.189998626708984,42.150001525878906,42.81999969482422,42.11157989501953,53745400,2026-07-21 07:17:47.497845-03:00
YAHOO_FINANCE,PETR4.SA,2026-05-28,43.099998474121094,43.18000030517578,42.25,42.5099983215332,41.80670928955078,37534800,2026-07-21 07:17:47.497845-03:00
YAHOO_FINANCE,PETR4.SA,2026-05-29,42.20000076293945,42.349998474121094,41.81999969482422,42.0,41.30514907836914,73281800,2026-07-21 07:17:47.497845-03:00
YAHOO_FINANCE,PETR4.SA,2026-06-01,42.400001525878906,43.02000045776367,41.959999084472656,42.369998931884766,41.66902542114258,73925300,2026-07-21 07:17:47.497845-03:00
YAHOO_FINANCE,PETR4.SA,2026-06-02,41.900001525878906,41.97999954223633,41.439998626708984,41.56999969482422,41.56999969482422,27318300,2026-07-21 07:17:47.497845-03:00
YAHOO_FINANCE,PETR4.SA,2026-06-03,41.650001525878906,41.869998931884766,41.25,41.25,41.25,42895100,2026-07-21 07:17:47.497845-03:00
YAHOO_FINANCE,PETR4.SA,2026-06-05,41.029998779296875,41.43000030517578,40.650001525878906,40.88999938964844,40.88999938964844,34730900,2026-07-21 07:17:47.497845-03:00
YAHOO_FINANCE,PETR4.SA,2026-06-08,41.20000076293945,41.31999969482422,40.83000183105469,41.220001220703125,41.220001220703125,34043600,2026-07-21 07:17:47.497845-03:00
YAHOO_FINANCE,PETR4.SA,2026-06-09,40.880001068115234,41.369998931884766,40.70000076293945,41.16999816894531,41.16999816894531,56680400,2026-07-21 07:17:47.497845-03:00
YAHOO_FINANCE,PETR4.SA,2026-06-10,41.209999084472656,42.040000915527344,41.0099983215332,41.650001525878906,41.650001525878906,44953200,2026-07-21 07:17:47.497845-03:00
YAHOO_FINANCE,PETR4.SA,2026-06-11,41.650001525878906,42.150001525878906,41.15999984741211,41.7599983215332,41.7599983215332,52321500,2026-07-21 07:17:47.497845-03:00
YAHOO_FINANCE,PETR4.SA,2026-06-12,41.060001373291016,41.529998779296875,40.81999969482422,41.18000030517578,41.18000030517578,34082200,2026-07-21 07:17:47.497845-03:00
YAHOO_FINANCE,PETR4.SA,2026-06-15,39.84000015258789,39.91999816894531,39.060001373291016,39.060001373291016,39.060001373291016,54174000,2026-07-21 07:17:47.497845-03:00
YAHOO_FINANCE,PETR4.SA,2026-06-16,38.45000076293945,38.779998779296875,38.20000076293945,38.540000915527344,38.540000915527344,36250100,2026-07-21 07:17:47.497845-03:00
YAHOO_FINANCE,PETR4.SA,2026-06-17,38.709999084472656,38.86000061035156,38.27000045776367,38.56999969482422,38.56999969482422,66882000,2026-07-21 07:17:47.497845-03:00
YAHOO_FINANCE,PETR4.SA,2026-06-18,38.29999923706055,39.09000015258789,37.40999984741211,38.849998474121094,38.849998474121094,53332600,2026-07-21 07:17:47.497845-03:00
YAHOO_FINANCE,PETR4.SA,2026-06-19,38.86000061035156,39.11000061035156,38.619998931884766,38.79999923706055,38.79999923706055,44775800,2026-07-21 07:17:47.497845-03:00
YAHOO_FINANCE,PETR4.SA,2026-06-22,38.75,39.209999084472656,38.47999954223633,39.16999816894531,39.16999816894531,35488200,2026-07-21 07:17:47.497845-03:00
YAHOO_FINANCE,PETR4.SA,2026-06-23,38.959999084472656,39.56999969482422,38.84000015258789,39.33000183105469,39.33000183105469,27398600,2026-07-21 07:17:47.497845-03:00
YAHOO_FINANCE,PETR4.SA,2026-06-24,38.900001525878906,38.97999954223633,38.130001068115234,38.290000915527344,38.290000915527344,59191400,2026-07-21 07:17:47.497845-03:00
YAHOO_FINANCE,PETR4.SA,2026-06-25,38.119998931884766,38.66999816894531,37.91999816894531,38.45000076293945,38.45000076293945,25152300,2026-07-21 07:17:47.497845-03:00
YAHOO_FINANCE,PETR4.SA,2026-06-26,38.06999969482422,38.25,37.93000030517578,38.060001373291016,38.060001373291016,23383000,2026-07-21 07:17:47.497845-03:00
YAHOO_FINANCE,PETR4.SA,2026-06-29,38.20000076293945,38.369998931884766,37.91999816894531,38.13999938964844,38.13999938964844,14924800,2026-07-21 07:17:47.497845-03:00
YAHOO_FINANCE,PETR4.SA,2026-06-30,38.16999816894531,38.18000030517578,37.7400016784668,37.79999923706055,37.79999923706055,31974300,2026-07-21 07:17:47.497845-03:00
YAHOO_FINANCE,PETR4.SA,2026-07-01,37.5,37.84000015258789,37.400001525878906,37.83000183105469,37.83000183105469,21094300,2026-07-21 07:17:47.497845-03:00
YAHOO_FINANCE,PETR4.SA,2026-07-02,37.88999938964844,38.459999084472656,37.650001525878906,37.959999084472656,37.959999084472656,21888800,2026-07-21 07:17:47.497845-03:00
YAHOO_FINANCE,PETR4.SA,2026-07-03,38.06999969482422,38.25,37.86000061035156,38.25,38.25,10369500,2026-07-21 07:17:47.497845-03:00
YAHOO_FINANCE,PETR4.SA,2026-07-06,37.95000076293945,38.02000045776367,37.61000061035156,37.77000045776367,37.77000045776367,20811400,2026-07-21 07:17:47.497845-03:00
YAHOO_FINANCE,PETR4.SA,2026-07-07,38.0,38.77000045776367,37.91999816894531,38.439998626708984,38.439998626708984,39823600,2026-07-21 07:17:47.497845-03:00
YAHOO_FINANCE,PETR4.SA,2026-07-08,39.650001525878906,39.75,39.0,39.650001525878906,39.650001525878906,40215300,2026-07-21 07:17:47.497845-03:00
YAHOO_FINANCE,PETR4.SA,2026-07-09,39.7400016784668,39.97999954223633,38.88999938964844,39.209999084472656,39.209999084472656,33386500,2026-07-21 07:17:47.497845-03:00
YAHOO_FINANCE,PETR4.SA,2026-07-10,39.63999938964844,39.970001220703125,39.34000015258789,39.650001525878906,39.650001525878906,27316800,2026-07-21 07:17:47.497845-03:00
YAHOO_FINANCE,PETR4.SA,2026-07-13,40.5099983215332,40.91999816894531,40.2400016784668,40.65999984741211,40.65999984741211,43045700,2026-07-21 07:17:47.497845-03:00
YAHOO_FINANCE,PETR4.SA,2026-07-14,41.20000076293945,41.310001373291016,40.11000061035156,40.65999984741211,40.65999984741211,32649500,2026-07-21 07:17:47.497845-03:00
YAHOO_FINANCE,PETR4.SA,2026-07-15,40.40999984741211,40.79999923706055,40.22999954223633,40.59000015258789,40.59000015258789,25608800,2026-07-21 07:17:47.497845-03:00
YAHOO_FINANCE,PETR4.SA,2026-07-16,40.380001068115234,40.86000061035156,39.88999938964844,39.88999938964844,39.88999938964844,20551700,2026-07-21 07:17:47.497845-03:00
YAHOO_FINANCE,PETR4.SA,2026-07-17,40.40999984741211,41.11000061035156,40.40999984741211,40.900001525878906,40.900001525878906,32168300,2026-07-21 07:17:47.497845-03:00
YAHOO_FINANCE,PETR4.SA,2026-07-20,41.20000076293945,41.439998626708984,40.470001220703125,41.150001525878906,41.150001525878906,26987600,2026-07-21 07:17:47.497845-03:00
YAHOO_FINANCE,VALE3.SA,2024-01-02,77.5999984741211,78.18000030517578,76.58999633789062,77.05000305175781,62.3103141784668,18021800,2026-07-21 07:17:48.010655-03:00
YAHOO_FINANCE,VALE3.SA,2024-01-03,76.70999908447266,76.9000015258789,75.8499984741211,76.6500015258789,61.98683166503906,25315100,2026-07-21 07:17:48.010655-03:00
YAHOO_FINANCE,VALE3.SA,2024-01-04,76.43000030517578,76.63999938964844,75.36000061035156,75.62000274658203,61.153873443603516,18707000,2026-07-21 07:17:48.010655-03:00
YAHOO_FINANCE,VALE3.SA,2024-01-05,75.02999877929688,75.05000305175781,74.12000274658203,74.6500015258789,60.36943435668945,21082500,2026-07-21 07:17:48.010655-03:00
YAHOO_FINANCE,VALE3.SA,2024-01-08,73.94000244140625,74.55999755859375,73.51000213623047,74.2699966430664,60.0621337890625,23013300,2026-07-21 07:17:48.010655-03:00
YAHOO_FINANCE,VALE3.SA,2024-01-09,74.0999984741211,74.16000366210938,73.1500015258789,73.33000183105469,59.30195617675781,15257400,2026-07-21 07:17:48.010655-03:00
YAHOO_FINANCE,VALE3.SA,2024-01-10,72.79000091552734,72.79000091552734,71.94999694824219,72.2300033569336,58.412384033203125,21354600,2026-07-21 07:17:48.010655-03:00
YAHOO_FINANCE,VALE3.SA,2024-01-11,72.44999694824219,72.91000366210938,71.8499984741211,72.61000061035156,58.719688415527344,20289100,2026-07-21 07:17:48.010655-03:00
YAHOO_FINANCE,VALE3.SA,2024-01-12,72.19999694824219,72.69999694824219,71.63999938964844,71.69000244140625,57.97568893432617,16343400,2026-07-21 07:17:48.010655-03:00
YAHOO_FINANCE,VALE3.SA,2024-01-15,71.22000122070312,71.69999694824219,70.69999694824219,71.55000305175781,57.86247253417969,12745700,2026-07-21 07:17:48.010655-03:00
YAHOO_FINANCE,VALE3.SA,2024-01-16,71.5999984741211,71.79000091552734,70.26000213623047,70.62000274658203,57.110374450683594,22620300,2026-07-21 07:17:48.010655-03:00
YAHOO_FINANCE,VALE3.SA,2024-01-17,70.2699966430664,70.45999908447266,69.0,69.3499984741211,56.08332824707031,43086400,2026-07-21 07:17:48.010655-03:00
YAHOO_FINANCE,VALE3.SA,2024-01-18,70.19999694824219,70.4000015258789,69.0,69.0,55.8002815246582,30490600,2026-07-21 07:17:48.010655-03:00
YAHOO_FINANCE,VALE3.SA,2024-01-19,69.5,69.51000213623047,68.05000305175781,68.0999984741211,55.07244873046875,60583000,2026-07-21 07:17:48.010655-03:00
YAHOO_FINANCE,VALE3.SA,2024-01-22,67.5,67.9800033569336,67.11000061035156,67.80000305175781,54.82984924316406,23318900,2026-07-21 07:17:48.010655-03:00
YAHOO_FINANCE,VALE3.SA,2024-01-23,68.94999694824219,69.7699966430664,68.44999694824219,69.19999694824219,55.96202087402344,33886800,2026-07-21 07:17:48.010655-03:00
YAHOO_FINANCE,VALE3.SA,2024-01-24,70.30000305175781,70.83000183105469,69.75,69.9000015258789,56.528114318847656,36922100,2026-07-21 07:17:48.010655-03:00
YAHOO_FINANCE,VALE3.SA,2024-01-25,70.0,70.41000366210938,67.36000061035156,68.18000030517578,55.13714599609375,47637000,2026-07-21 07:17:48.010655-03:00
YAHOO_FINANCE,VALE3.SA,2024-01-26,67.9000015258789,69.80999755859375,67.5,69.5,56.20463943481445,27397200,2026-07-21 07:17:48.010655-03:00
YAHOO_FINANCE,VALE3.SA,2024-01-29,69.48999786376953,69.48999786376953,68.2300033569336,69.16999816894531,55.93775939941406,15866100,2026-07-21 07:17:48.010655-03:00
YAHOO_FINANCE,VALE3.SA,2024-01-30,69.4000015258789,69.5999984741211,67.88999938964844,68.77999877929688,55.62236785888672,34371300,2026-07-21 07:17:48.010655-03:00
YAHOO_FINANCE,VALE3.SA,2024-01-31,68.0999984741211,68.58000183105469,67.76000213623047,67.76000213623047,54.7974967956543,34753400,2026-07-21 07:17:48.010655-03:00
YAHOO_FINANCE,VALE3.SA,2024-02-01,67.87000274658203,68.2699966430664,67.1500015258789,67.44999694824219,54.54679870605469,21060300,2026-07-21 07:17:48.010655-03:00
YAHOO_FINANCE,VALE3.SA,2024-02-02,67.26000213623047,67.2699966430664,65.91000366210938,66.08000183105469,53.43887710571289,32589900,2026-07-21 07:17:48.010655-03:00
YAHOO_FINANCE,VALE3.SA,2024-02-05,65.9000015258789,66.19999694824219,65.3499984741211,65.51000213623047,52.97792053222656,24103300,2026-07-21 07:17:48.010655-03:00
YAHOO_FINANCE,VALE3.SA,2024-02-06,66.06999969482422,66.91000366210938,65.77999877929688,66.66999816894531,53.916011810302734,27505600,2026-07-21 07:17:48.010655-03:00
YAHOO_FINANCE,VALE3.SA,2024-02-07,66.81999969482422,67.05999755859375,66.5,66.80000305175781,54.021141052246094,19863400,2026-07-21 07:17:48.010655-03:00
YAHOO_FINANCE,VALE3.SA,2024-02-08,67.48999786376953,67.48999786376953,65.97000122070312,66.20999908447266,53.54400634765625,25812100,2026-07-21 07:17:48.010655-03:00
YAHOO_FINANCE,VALE3.SA,2024-02-09,66.0999984741211,66.58999633789062,65.37999725341797,65.91999816894531,53.30949020385742,18534800,2026-07-21 07:17:48.010655-03:00
YAHOO_FINANCE,VALE3.SA,2024-02-14,65.98999786376953,66.13999938964844,65.51000213623047,65.72000122070312,53.14774703979492,12497900,2026-07-21 07:17:48.010655-03:00
YAHOO_FINANCE,VALE3.SA,2024-02-15,65.5,65.87000274658203,65.04000091552734,65.51000213623047,52.97792053222656,17360200,2026-07-21 07:17:48.010655-03:00
YAHOO_FINANCE,VALE3.SA,2024-02-16,66.48999786376953,68.31999969482422,66.33999633789062,68.0,54.99158477783203,40947100,2026-07-21 07:17:48.010655-03:00
YAHOO_FINANCE,VALE3.SA,2024-02-19,67.04000091552734,67.58999633789062,66.63999938964844,67.48999786376953,54.57914352416992,12571600,2026-07-21 07:17:48.010655-03:00
YAHOO_FINANCE,VALE3.SA,2024-02-20,66.1500015258789,66.36000061035156,65.19000244140625,66.01000213623047,53.382266998291016,44417200,2026-07-21 07:17:48.010655-03:00
YAHOO_FINANCE,VALE3.SA,2024-02-21,65.62000274658203,66.62999725341797,65.5999984741211,66.51000213623047,53.78662872314453,20362800,2026-07-21 07:17:48.010655-03:00
YAHOO_FINANCE,VALE3.SA,2024-02-22,66.83999633789062,67.80000305175781,66.80000305175781,67.22000122070312,54.36079406738281,35910500,2026-07-21 07:17:48.010655-03:00
YAHOO_FINANCE,VALE3.SA,2024-02-23,68.25,69.06999969482422,67.23999786376953,67.37999725341797,54.49018859863281,42133700,2026-07-21 07:17:48.010655-03:00
YAHOO_FINANCE,VALE3.SA,2024-02-26,66.54000091552734,66.55000305175781,65.44999694824219,65.75,53.1720085144043,33864400,2026-07-21 07:17:48.010655-03:00
YAHOO_FINANCE,VALE3.SA,2024-02-27,66.5,67.66999816894531,66.36000061035156,67.4800033569336,54.57106399536133,28141800,2026-07-21 07:17:48.010655-03:00
YAHOO_FINANCE,VALE3.SA,2024-02-28,66.80000305175781,67.22000122070312,66.33000183105469,66.73999786376953,53.972618103027344,20331500,2026-07-21 07:17:48.010655-03:00
YAHOO_FINANCE,VALE3.SA,2024-02-29,66.55000305175781,67.4800033569336,66.48999786376953,66.98999786376953,54.17479705810547,20717000,2026-07-21 07:17:48.010655-03:00
YAHOO_FINANCE,VALE3.SA,2024-03-01,66.88999938964844,67.05999755859375,66.37000274658203,66.87999725341797,54.08583450317383,22423300,2026-07-21 07:17:48.010655-03:00
YAHOO_FINANCE,VALE3.SA,2024-03-04,66.94999694824219,67.19999694824219,66.38999938964844,66.7300033569336,53.96453094482422,13148000,2026-07-21 07:17:48.010655-03:00
YAHOO_FINANCE,VALE3.SA,2024-03-05,66.0,66.29000091552734,65.5999984741211,65.8499984741211,53.25288009643555,24436500,2026-07-21 07:17:48.010655-03:00
YAHOO_FINANCE,VALE3.SA,2024-03-06,66.22000122070312,67.08000183105469,66.16999816894531,66.75,53.980709075927734,33510700,2026-07-21 07:17:48.010655-03:00
YAHOO_FINANCE,VALE3.SA,2024-03-07,67.45999908447266,67.66000366210938,66.45999908447266,66.5199966430664,53.79470443725586,19036200,2026-07-21 07:17:48.010655-03:00
YAHOO_FINANCE,VALE3.SA,2024-03-08,66.19999694824219,66.9800033569336,65.9000015258789,66.01000213623047,53.382266998291016,23188200,2026-07-21 07:17:48.010655-03:00
YAHOO_FINANCE,VALE3.SA,2024-03-11,64.77999877929688,64.77999877929688,63.720001220703125,63.959999084472656,51.72443771362305,58622400,2026-07-21 07:17:48.010655-03:00
YAHOO_FINANCE,VALE3.SA,2024-03-12,62.36000061035156,62.56999969482422,60.65999984741211,60.84000015258789,51.402156829833984,44680100,2026-07-21 07:17:48.010655-03:00
YAHOO_FINANCE,VALE3.SA,2024-03-13,60.599998474121094,61.38999938964844,60.290000915527344,61.22999954223633,51.731658935546875,32769200,2026-07-21 07:17:48.010655-03:00
YAHOO_FINANCE,VALE3.SA,2024-03-14,61.099998474121094,61.13999938964844,60.16999816894531,60.45000076293945,51.07265853881836,30085800,2026-07-21 07:17:48.010655-03:00
YAHOO_FINANCE,VALE3.SA,2024-03-15,60.099998474121094,60.2400016784668,59.36000061035156,59.7599983215332,50.489688873291016,57064200,2026-07-21 07:17:48.010655-03:00
YAHOO_FINANCE,VALE3.SA,2024-03-18,60.4900016784668,61.0,60.0099983215332,60.900001525878906,51.45284652709961,21371000,2026-07-21 07:17:48.010655-03:00
YAHOO_FINANCE,VALE3.SA,2024-03-19,61.72999954223633,62.04999923706055,61.29999923706055,61.400001525878906,51.87528991699219,16888900,2026-07-21 07:17:48.010655-03:00
YAHOO_FINANCE,VALE3.SA,2024-03-20,61.40999984741211,61.81999969482422,60.91999816894531,61.810001373291016,52.22168731689453,18210000,2026-07-21 07:17:48.010655-03:00
YAHOO_FINANCE,VALE3.SA,2024-03-21,62.43000030517578,62.630001068115234,61.59000015258789,61.65999984741211,52.09495544433594,18445500,2026-07-21 07:17:48.010655-03:00
YAHOO_FINANCE,VALE3.SA,2024-03-22,61.5,61.560001373291016,60.93000030517578,60.95000076293945,51.49509811401367,11058400,2026-07-21 07:17:48.010655-03:00
YAHOO_FINANCE,VALE3.SA,2024-03-25,61.02000045776367,61.31999969482422,60.650001525878906,60.81999969482422,51.3852653503418,10478200,2026-07-21 07:17:48.010655-03:00
YAHOO_FINANCE,VALE3.SA,2024-03-26,60.310001373291016,60.52000045776367,59.59000015258789,60.04999923706055,50.73470687866211,27142700,2026-07-21 07:17:48.010655-03:00
YAHOO_FINANCE,VALE3.SA,2024-03-27,59.79999923706055,60.66999816894531,59.689998626708984,60.599998474121094,51.19939041137695,23927000,2026-07-21 07:17:48.010655-03:00
YAHOO_FINANCE,VALE3.SA,2024-03-28,60.619998931884766,61.09000015258789,60.06999969482422,60.83000183105469,51.393707275390625,18467000,2026-07-21 07:17:48.010655-03:00
YAHOO_FINANCE,VALE3.SA,2024-04-01,61.599998474121094,61.900001525878906,61.0,61.220001220703125,51.723209381103516,16740100,2026-07-21 07:17:48.010655-03:00
YAHOO_FINANCE,VALE3.SA,2024-04-02,61.369998931884766,62.470001220703125,61.29999923706055,61.939998626708984,52.331520080566406,22583000,2026-07-21 07:17:48.010655-03:00
YAHOO_FINANCE,VALE3.SA,2024-04-03,61.369998931884766,61.63999938964844,60.54999923706055,61.04999923706055,51.5795783996582,22319900,2026-07-21 07:17:48.010655-03:00
YAHOO_FINANCE,VALE3.SA,2024-04-04,60.900001525878906,61.290000915527344,60.16999816894531,60.369998931884766,51.005062103271484,22990500,2026-07-21 07:17:48.010655-03:00
YAHOO_FINANCE,VALE3.SA,2024-04-05,60.279998779296875,60.47999954223633,59.61000061035156,59.709999084472656,50.44744873046875,15379000,2026-07-21 07:17:48.010655-03:00
YAHOO_FINANCE,VALE3.SA,2024-04-08,61.099998474121094,63.130001068115234,60.79999923706055,62.970001220703125,53.20174026489258,40281300,2026-07-21 07:17:48.010655-03:00
YAHOO_FINANCE,VALE3.SA,2024-04-09,63.630001068115234,63.869998931884766,62.0099983215332,62.54999923706055,52.84688949584961,37026100,2026-07-21 07:17:48.010655-03:00
YAHOO_FINANCE,VALE3.SA,2024-04-10,62.33000183105469,62.45000076293945,61.43000030517578,61.599998474121094,52.04425811767578,21206800,2026-07-21 07:17:48.010655-03:00
YAHOO_FINANCE,VALE3.SA,2024-04-11,61.790000915527344,62.11000061035156,61.33000183105469,61.86000061035156,52.2639274597168,16338700,2026-07-21 07:17:48.010655-03:00
YAHOO_FINANCE,VALE3.SA,2024-04-12,62.79999923706055,63.380001068115234,61.40999984741211,61.630001068115234,52.06960678100586,25740900,2026-07-21 07:17:48.010655-03:00
YAHOO_FINANCE,VALE3.SA,2024-04-15,62.29999923706055,62.849998474121094,61.959999084472656,61.9900016784668,52.37376403808594,28567300,2026-07-21 07:17:48.010655-03:00
YAHOO_FINANCE,VALE3.SA,2024-04-16,61.130001068115234,61.599998474121094,60.70000076293945,61.439998626708984,51.90908432006836,29973800,2026-07-21 07:17:48.010655-03:00
YAHOO_FINANCE,VALE3.SA,2024-04-17,63.040000915527344,63.470001220703125,61.959999084472656,62.11000061035156,52.47514724731445,34220700,2026-07-21 07:17:48.010655-03:00
YAHOO_FINANCE,VALE3.SA,2024-04-18,62.689998626708984,62.720001220703125,61.90999984741211,62.34000015258789,52.669471740722656,19932500,2026-07-21 07:17:48.010655-03:00
YAHOO_FINANCE,VALE3.SA,2024-04-19,62.2400016784668,63.54999923706055,62.09000015258789,63.36000061035156,53.5312385559082,32882400,2026-07-21 07:17:48.010655-03:00
YAHOO_FINANCE,VALE3.SA,2024-04-22,63.029998779296875,63.58000183105469,62.29999923706055,63.33000183105469,53.505897521972656,27171200,2026-07-21 07:17:48.010655-03:00
YAHOO_FINANCE,VALE3.SA,2024-04-23,62.65999984741211,63.09000015258789,62.0099983215332,62.779998779296875,53.04121017456055,23160500,2026-07-21 07:17:48.010655-03:00
YAHOO_FINANCE,VALE3.SA,2024-04-24,63.560001373291016,64.08999633789062,63.150001525878906,63.560001373291016,53.70021438598633,25212800,2026-07-21 07:17:48.010655-03:00
YAHOO_FINANCE,VALE3.SA,2024-04-25,62.68000030517578,63.040000915527344,61.90999984741211,62.220001220703125,52.568084716796875,27231000,2026-07-21 07:17:48.010655-03:00
YAHOO_FINANCE,VALE3.SA,2024-04-26,62.220001220703125,62.220001220703125,62.220001220703125,62.220001220703125,52.568084716796875,0,2026-07-21 07:17:48.010655-03:00
YAHOO_FINANCE,VALE3.SA,2024-04-29,62.880001068115234,63.95000076293945,62.79999923706055,63.900001525878906,53.98746871948242,18487200,2026-07-21 07:17:48.010655-03:00
YAHOO_FINANCE,VALE3.SA,2024-04-30,63.5,63.7400016784668,62.93000030517578,63.290000915527344,53.47209930419922,15597400,2026-07-21 07:17:48.010655-03:00
YAHOO_FINANCE,VALE3.SA,2024-05-02,63.70000076293945,64.25,63.220001220703125,63.91999816894531,54.00436782836914,17852900,2026-07-21 07:17:48.010655-03:00
YAHOO_FINANCE,VALE3.SA,2024-05-03,64.16999816894531,64.41999816894531,63.349998474121094,63.9900016784668,54.063514709472656,23681200,2026-07-21 07:17:48.010655-03:00
YAHOO_FINANCE,VALE3.SA,2024-05-06,64.22000122070312,64.69999694824219,63.95000076293945,64.18000030517578,54.224037170410156,13423600,2026-07-21 07:17:48.010655-03:00
YAHOO_FINANCE,VALE3.SA,2024-05-07,64.75,65.18000030517578,64.30000305175781,64.58000183105469,54.561988830566406,21315200,2026-07-21 07:17:48.010655-03:00
YAHOO_FINANCE,VALE3.SA,2024-05-08,63.650001525878906,64.2300033569336,63.59000015258789,63.9900016784668,54.063514709472656,18245800,2026-07-21 07:17:48.010655-03:00
YAHOO_FINANCE,VALE3.SA,2024-05-09,63.900001525878906,64.93000030517578,63.779998779296875,64.51000213623047,54.50284957885742,19672800,2026-07-21 07:17:48.010655-03:00
YAHOO_FINANCE,VALE3.SA,2024-05-10,64.75,64.94999694824219,64.16000366210938,64.29000091552734,54.31697082519531,13705000,2026-07-21 07:17:48.010655-03:00
YAHOO_FINANCE,VALE3.SA,2024-05-13,64.69999694824219,65.05000305175781,64.38999938964844,64.66999816894531,54.63801956176758,14504100,2026-07-21 07:17:48.010655-03:00
YAHOO_FINANCE,VALE3.SA,2024-05-14,64.47000122070312,64.75,64.0199966430664,64.62999725341797,54.60422134399414,13313500,2026-07-21 07:17:48.010655-03:00
YAHOO_FINANCE,VALE3.SA,2024-05-15,64.44999694824219,64.63999938964844,63.459999084472656,64.44000244140625,54.44371032714844,21292100,2026-07-21 07:17:48.010655-03:00
YAHOO_FINANCE,VALE3.SA,2024-05-16,64.9800033569336,65.16999816894531,64.41000366210938,64.91000366210938,54.84080123901367,16647700,2026-07-21 07:17:48.010655-03:00
YAHOO_FINANCE,VALE3.SA,2024-05-17,65.25,66.3499984741211,65.16999816894531,66.18000030517578,55.91378402709961,32338800,2026-07-21 07:17:48.010655-03:00
YAHOO_FINANCE,VALE3.SA,2024-05-20,66.13999938964844,66.5999984741211,65.72000122070312,66.1500015258789,55.8884391784668,22222300,2026-07-21 07:17:48.010655-03:00
YAHOO_FINANCE,VALE3.SA,2024-05-21,66.75,67.0999984741211,65.9000015258789,65.95999908447266,55.727909088134766,23042800,2026-07-21 07:17:48.010655-03:00
YAHOO_FINANCE,VALE3.SA,2024-05-22,66.0,66.3499984741211,65.08000183105469,65.44000244140625,55.28858184814453,17404000,2026-07-21 07:17:48.010655-03:00
YAHOO_FINANCE,VALE3.SA,2024-05-23,65.22000122070312,65.4000015258789,64.58000183105469,65.05000305175781,54.959075927734375,16445800,2026-07-21 07:17:48.010655-03:00
YAHOO_FINANCE,VALE3.SA,2024-05-24,65.0,65.66000366210938,64.9000015258789,65.08000183105469,54.98442840576172,11731900,2026-07-21 07:17:48.010655-03:00
YAHOO_FINANCE,VALE3.SA,2024-05-27,64.91000366210938,65.30000305175781,64.70999908447266,65.30000305175781,55.17030334472656,5119400,2026-07-21 07:17:48.010655-03:00
YAHOO_FINANCE,VALE3.SA,2024-05-28,65.27999877929688,65.29000091552734,63.349998474121094,63.88999938964844,53.97902297973633,22173900,2026-07-21 07:17:48.010655-03:00
YAHOO_FINANCE,VALE3.SA,2024-05-29,63.439998626708984,63.72999954223633,62.970001220703125,63.2400016784668,53.42985534667969,16496900,2026-07-21 07:17:48.010655-03:00
YAHOO_FINANCE,VALE3.SA,2024-05-31,62.88999938964844,63.45000076293945,62.790000915527344,63.20000076293945,53.396060943603516,23383600,2026-07-21 07:17:48.010655-03:00
YAHOO_FINANCE,VALE3.SA,2024-06-03,62.84000015258789,62.849998474121094,61.689998626708984,61.869998931884766,52.272377014160156,18846500,2026-07-21 07:17:48.010655-03:00
YAHOO_FINANCE,VALE3.SA,2024-06-04,61.38999938964844,61.400001525878906,60.70000076293945,61.2400016784668,51.740108489990234,19865100,2026-07-21 07:17:48.010655-03:00
YAHOO_FINANCE,VALE3.SA,2024-06-05,61.099998474121094,61.18000030517578,60.310001373291016,60.369998931884766,51.005062103271484,18000800,2026-07-21 07:17:48.010655-03:00
YAHOO_FINANCE,VALE3.SA,2024-06-06,60.77000045776367,61.33000183105469,60.36000061035156,61.209999084472656,51.714759826660156,17888300,2026-07-21 07:17:48.010655-03:00
YAHOO_FINANCE,VALE3.SA,2024-06-07,60.689998626708984,60.869998931884766,60.27000045776367,60.40999984741211,51.038856506347656,14822100,2026-07-21 07:17:48.010655-03:00
YAHOO_FINANCE,VALE3.SA,2024-06-10,60.599998474121094,61.310001373291016,60.400001525878906,61.06999969482422,51.59647750854492,14762900,2026-07-21 07:17:48.010655-03:00
YAHOO_FINANCE,VALE3.SA,2024-06-11,60.400001525878906,61.040000915527344,59.709999084472656,60.97999954223633,51.52043914794922,24588400,2026-07-21 07:17:48.010655-03:00
YAHOO_FINANCE,VALE3.SA,2024-06-12,61.15999984741211,61.45000076293945,59.90999984741211,60.13999938964844,50.81074142456055,21969600,2026-07-21 07:17:48.010655-03:00
YAHOO_FINANCE,VALE3.SA,2024-06-13,60.31999969482422,61.04999923706055,60.220001220703125,60.83000183105469,51.393707275390625,13692600,2026-07-21 07:17:48.010655-03:00
YAHOO_FINANCE,VALE3.SA,2024-06-14,60.849998474121094,60.880001068115234,60.2599983215332,60.619998931884766,51.216278076171875,12282100,2026-07-21 07:17:48.010655-03:00
YAHOO_FINANCE,VALE3.SA,2024-06-17,60.040000915527344,60.45000076293945,59.84000015258789,60.380001068115234,51.01351547241211,13976100,2026-07-21 07:17:48.010655-03:00
YAHOO_FINANCE,VALE3.SA,2024-06-18,60.349998474121094,60.880001068115234,60.220001220703125,60.65999984741211,51.25008010864258,12239900,2026-07-21 07:17:48.010655-03:00
YAHOO_FINANCE,VALE3.SA,2024-06-19,60.5099983215332,61.08000183105469,60.369998931884766,60.849998474121094,51.410606384277344,8744100,2026-07-21 07:17:48.010655-03:00
YAHOO_FINANCE,VALE3.SA,2024-06-20,61.04999923706055,61.619998931884766,60.81999969482422,61.400001525878906,51.87528991699219,19497200,2026-07-21 07:17:48.010655-03:00
YAHOO_FINANCE,VALE3.SA,2024-06-21,61.029998779296875,61.36000061035156,60.7400016784668,60.83000183105469,51.393707275390625,39134100,2026-07-21 07:17:48.010655-03:00
YAHOO_FINANCE,VALE3.SA,2024-06-24,60.470001220703125,61.08000183105469,60.400001525878906,60.900001525878906,51.45284652709961,13669000,2026-07-21 07:17:48.010655-03:00
YAHOO_FINANCE,VALE3.SA,2024-06-25,60.9900016784668,61.040000915527344,60.279998779296875,60.650001525878906,51.24163055419922,13962500,2026-07-21 07:17:48.010655-03:00
YAHOO_FINANCE,VALE3.SA,2024-06-26,61.06999969482422,61.58000183105469,60.90999984741211,61.400001525878906,51.87528991699219,17096700,2026-07-21 07:17:48.010655-03:00
YAHOO_FINANCE,VALE3.SA,2024-06-27,61.45000076293945,61.560001373291016,60.86000061035156,61.560001373291016,52.01047134399414,13755300,2026-07-21 07:17:48.010655-03:00
YAHOO_FINANCE,VALE3.SA,2024-06-28,61.68000030517578,62.54999923706055,61.63999938964844,62.220001220703125,52.568084716796875,22429400,2026-07-21 07:17:48.010655-03:00
YAHOO_FINANCE,VALE3.SA,2024-07-01,62.709999084472656,63.33000183105469,62.599998474121094,63.13999938964844,53.34536361694336,20236800,2026-07-21 07:17:48.010655-03:00
YAHOO_FINANCE,VALE3.SA,2024-07-02,63.08000183105469,63.34000015258789,62.459999084472656,62.93000030517578,53.167938232421875,24335300,2026-07-21 07:17:48.010655-03:00
YAHOO_FINANCE,VALE3.SA,2024-07-03,63.459999084472656,64.83999633789062,63.45000076293945,64.18000030517578,54.224037170410156,29884200,2026-07-21 07:17:48.010655-03:00
YAHOO_FINANCE,VALE3.SA,2024-07-04,64.63999938964844,64.69999694824219,63.83000183105469,63.86000061035156,53.953678131103516,7984300,2026-07-21 07:17:48.010655-03:00
YAHOO_FINANCE,VALE3.SA,2024-07-05,63.29999923706055,63.849998474121094,63.189998626708984,63.599998474121094,53.734012603759766,13138400,2026-07-21 07:17:48.010655-03:00
YAHOO_FINANCE,VALE3.SA,2024-07-08,63.08000183105469,63.2400016784668,62.66999816894531,63.099998474121094,53.31157302856445,18662500,2026-07-21 07:17:48.010655-03:00
YAHOO_FINANCE,VALE3.SA,2024-07-09,62.970001220703125,63.22999954223633,62.709999084472656,63.02000045776367,53.243988037109375,9794400,2026-07-21 07:17:48.010655-03:00
YAHOO_FINANCE,VALE3.SA,2024-07-10,62.66999816894531,62.75,61.84000015258789,62.16999816894531,52.52583694458008,17384000,2026-07-21 07:17:48.010655-03:00
YAHOO_FINANCE,VALE3.SA,2024-07-11,62.41999816894531,62.689998626708984,61.84000015258789,62.0099983215332,52.39065933227539,13413600,2026-07-21 07:17:48.010655-03:00
YAHOO_FINANCE,VALE3.SA,2024-07-12,62.06999969482422,62.91999816894531,61.959999084472656,62.91999816894531,53.15949249267578,13141700,2026-07-21 07:17:48.010655-03:00
YAHOO_FINANCE,VALE3.SA,2024-07-15,62.79999923706055,63.18000030517578,62.41999816894531,62.9900016784668,53.21863555908203,10198000,2026-07-21 07:17:48.010655-03:00
YAHOO_FINANCE,VALE3.SA,2024-07-16,62.290000915527344,62.34000015258789,61.369998931884766,62.33000183105469,52.6610221862793,22363900,2026-07-21 07:17:48.010655-03:00
YAHOO_FINANCE,VALE3.SA,2024-07-17,61.880001068115234,62.02000045776367,61.58000183105469,61.75,52.17099380493164,23145000,2026-07-21 07:17:48.010655-03:00
YAHOO_FINANCE,VALE3.SA,2024-07-18,61.70000076293945,61.90999984741211,61.060001373291016,61.16999816894531,51.680965423583984,20625500,2026-07-21 07:17:48.010655-03:00
YAHOO_FINANCE,VALE3.SA,2024-07-19,61.20000076293945,61.380001068115234,60.439998626708984,61.119998931884766,51.63871765136719,20553900,2026-07-21 07:17:48.010655-03:00
YAHOO_FINANCE,VALE3.SA,2024-07-22,61.119998931884766,61.27000045776367,60.72999954223633,61.04999923706055,51.5795783996582,13095200,2026-07-21 07:17:48.010655-03:00
YAHOO_FINANCE,VALE3.SA,2024-07-23,60.599998474121094,60.599998474121094,60.0,60.22999954223633,50.88678741455078,22512000,2026-07-21 07:17:48.010655-03:00
YAHOO_FINANCE,VALE3.SA,2024-07-24,60.2599983215332,60.75,60.209999084472656,60.599998474121094,51.19939041137695,17817300,2026-07-21 07:17:48.010655-03:00
YAHOO_FINANCE,VALE3.SA,2024-07-25,60.5,61.189998626708984,60.2599983215332,60.56999969482422,51.174041748046875,17959500,2026-07-21 07:17:48.010655-03:00
YAHOO_FINANCE,VALE3.SA,2024-07-26,61.45000076293945,61.7400016784668,61.0099983215332,61.470001220703125,51.934425354003906,72721200,2026-07-21 07:17:48.010655-03:00
YAHOO_FINANCE,VALE3.SA,2024-07-29,61.689998626708984,61.79999923706055,61.150001525878906,61.58000183105469,52.027366638183594,28005900,2026-07-21 07:17:48.010655-03:00
YAHOO_FINANCE,VALE3.SA,2024-07-30,61.029998779296875,61.11000061035156,60.20000076293945,60.220001220703125,50.87833786010742,28562300,2026-07-21 07:17:48.010655-03:00
YAHOO_FINANCE,VALE3.SA,2024-07-31,60.90999984741211,61.68000030517578,60.7599983215332,61.630001068115234,52.06960678100586,34433100,2026-07-21 07:17:48.010655-03:00
YAHOO_FINANCE,VALE3.SA,2024-08-01,61.849998474121094,61.869998931884766,60.220001220703125,60.25,50.90367889404297,40469400,2026-07-21 07:17:48.010655-03:00
YAHOO_FINANCE,VALE3.SA,2024-08-02,60.63999938964844,60.849998474121094,59.36000061035156,59.40999984741211,50.1939811706543,35296000,2026-07-21 07:17:48.010655-03:00
YAHOO_FINANCE,VALE3.SA,2024-08-05,56.310001373291016,57.38999938964844,55.900001525878906,57.02000045776367,49.934593200683594,24635900,2026-07-21 07:17:48.010655-03:00
YAHOO_FINANCE,VALE3.SA,2024-08-06,56.7400016784668,57.52000045776367,56.29999923706055,57.310001373291016,50.188560485839844,23930200,2026-07-21 07:17:48.010655-03:00
YAHOO_FINANCE,VALE3.SA,2024-08-07,57.310001373291016,57.59000015258789,57.02000045776367,57.20000076293945,50.092227935791016,19243400,2026-07-21 07:17:48.010655-03:00
YAHOO_FINANCE,VALE3.SA,2024-08-08,57.029998779296875,57.5,56.81999969482422,56.849998474121094,49.78571319580078,14584800,2026-07-21 07:17:48.010655-03:00
YAHOO_FINANCE,VALE3.SA,2024-08-09,57.119998931884766,57.15999984741211,56.5,57.060001373291016,49.96961975097656,21989300,2026-07-21 07:17:48.010655-03:00
YAHOO_FINANCE,VALE3.SA,2024-08-12,57.099998474121094,57.11000061035156,56.52000045776367,56.77000045776367,49.715660095214844,18421500,2026-07-21 07:17:48.010655-03:00
YAHOO_FINANCE,VALE3.SA,2024-08-13,56.9900016784668,56.9900016784668,56.52000045776367,56.52000045776367,49.49672317504883,26100900,2026-07-21 07:17:48.010655-03:00
YAHOO_FINANCE,VALE3.SA,2024-08-14,55.959999084472656,56.09000015258789,55.47999954223633,56.0,49.04133605957031,51693500,2026-07-21 07:17:48.010655-03:00
YAHOO_FINANCE,VALE3.SA,2024-08-15,55.900001525878906,56.36000061035156,55.689998626708984,56.22999954223633,49.242759704589844,28153700,2026-07-21 07:17:48.010655-03:00
YAHOO_FINANCE,VALE3.SA,2024-08-16,55.95000076293945,56.09000015258789,55.529998779296875,56.08000183105469,49.11140060424805,44280200,2026-07-21 07:17:48.010655-03:00
YAHOO_FINANCE,VALE3.SA,2024-08-19,56.52000045776367,57.52000045776367,56.36000061035156,56.97999954223633,49.89956283569336,28349600,2026-07-21 07:17:48.010655-03:00
YAHOO_FINANCE,VALE3.SA,2024-08-20,57.380001068115234,57.59000015258789,56.810001373291016,57.20000076293945,50.092227935791016,19475800,2026-07-21 07:17:48.010655-03:00
YAHOO_FINANCE,VALE3.SA,2024-08-21,58.25,58.560001373291016,58.099998474121094,58.29999923706055,51.0555419921875,23200300,2026-07-21 07:17:48.010655-03:00
YAHOO_FINANCE,VALE3.SA,2024-08-22,58.2400016784668,58.380001068115234,57.849998474121094,58.380001068115234,51.12559509277344,17719100,2026-07-21 07:17:48.010655-03:00
YAHOO_FINANCE,VALE3.SA,2024-08-23,58.2599983215332,58.380001068115234,57.25,57.400001525878906,50.26737594604492,24018700,2026-07-21 07:17:48.010655-03:00
YAHOO_FINANCE,VALE3.SA,2024-08-26,58.5,58.54999923706055,58.04999923706055,58.04999923706055,50.83660125732422,17168700,2026-07-21 07:17:48.010655-03:00
YAHOO_FINANCE,VALE3.SA,2024-08-27,59.70000076293945,60.13999938964844,59.09000015258789,59.79999923706055,52.369144439697266,35232600,2026-07-21 07:17:48.010655-03:00
YAHOO_FINANCE,VALE3.SA,2024-08-28,59.369998931884766,59.5,58.68000030517578,59.369998931884766,51.992576599121094,21280300,2026-07-21 07:17:48.010655-03:00
YAHOO_FINANCE,VALE3.SA,2024-08-29,59.40999984741211,59.970001220703125,59.099998474121094,59.29999923706055,51.931278228759766,19175500,2026-07-21 07:17:48.010655-03:00
YAHOO_FINANCE,VALE3.SA,2024-08-30,59.119998931884766,59.72999954223633,59.08000183105469,59.58000183105469,52.17647933959961,36685200,2026-07-21 07:17:48.010655-03:00
YAHOO_FINANCE,VALE3.SA,2024-09-02,58.81999969482422,58.880001068115234,58.41999816894531,58.7400016784668,51.44086456298828,13155000,2026-07-21 07:17:48.010655-03:00
YAHOO_FINANCE,VALE3.SA,2024-09-03,57.95000076293945,57.95000076293945,56.470001220703125,56.54999923706055,49.52299499511719,29504400,2026-07-21 07:17:48.010655-03:00
YAHOO_FINANCE,VALE3.SA,2024-09-04,56.70000076293945,57.439998626708984,56.470001220703125,56.9900016784668,49.908321380615234,19501800,2026-07-21 07:17:48.010655-03:00
YAHOO_FINANCE,VALE3.SA,2024-09-05,56.88999938964844,57.63999938964844,56.72999954223633,57.400001525878906,50.26737594604492,16585500,2026-07-21 07:17:48.010655-03:00
YAHOO_FINANCE,VALE3.SA,2024-09-06,57.5,57.52000045776367,56.58000183105469,56.68000030517578,49.6368408203125,17917900,2026-07-21 07:17:48.010655-03:00
YAHOO_FINANCE,VALE3.SA,2024-09-09,57.11000061035156,57.34000015258789,56.66999816894531,56.68000030517578,49.6368408203125,10204400,2026-07-21 07:17:48.010655-03:00
YAHOO_FINANCE,VALE3.SA,2024-09-10,56.84000015258789,56.900001525878906,55.93000030517578,56.0,49.04133605957031,17580600,2026-07-21 07:17:48.010655-03:00
YAHOO_FINANCE,VALE3.SA,2024-09-11,56.7400016784668,57.650001525878906,56.709999084472656,57.59000015258789,50.43376159667969,25592400,2026-07-21 07:17:48.010655-03:00
YAHOO_FINANCE,VALE3.SA,2024-09-12,58.099998474121094,58.540000915527344,57.959999084472656,58.11000061035156,50.88914489746094,17929800,2026-07-21 07:17:48.010655-03:00
YAHOO_FINANCE,VALE3.SA,2024-09-13,58.099998474121094,59.0,58.029998779296875,58.5,51.23068618774414,15045100,2026-07-21 07:17:48.010655-03:00
YAHOO_FINANCE,VALE3.SA,2024-09-16,58.43000030517578,58.54999923706055,58.08000183105469,58.5,51.23068618774414,10548000,2026-07-21 07:17:48.010655-03:00
YAHOO_FINANCE,VALE3.SA,2024-09-17,58.369998931884766,58.54999923706055,57.900001525878906,58.220001220703125,50.985477447509766,12056600,2026-07-21 07:17:48.010655-03:00
YAHOO_FINANCE,VALE3.SA,2024-09-18,57.59000015258789,58.16999816894531,57.45000076293945,57.540000915527344,50.38998031616211,14429800,2026-07-21 07:17:48.010655-03:00
YAHOO_FINANCE,VALE3.SA,2024-09-19,58.56999969482422,58.849998474121094,58.16999816894531,58.22999954223633,50.99423599243164,19328400,2026-07-21 07:17:48.010655-03:00
YAHOO_FINANCE,VALE3.SA,2024-09-20,57.709999084472656,58.15999984741211,56.95000076293945,57.349998474121094,50.22358322143555,30842600,2026-07-21 07:17:48.010655-03:00
YAHOO_FINANCE,VALE3.SA,2024-09-23,57.09000015258789,57.86000061035156,56.599998474121094,57.529998779296875,50.38121795654297,18164700,2026-07-21 07:17:48.010655-03:00
YAHOO_FINANCE,VALE3.SA,2024-09-24,60.209999084472656,60.7400016784668,59.63999938964844,60.34000015258789,52.842044830322266,44910100,2026-07-21 07:17:48.010655-03:00
YAHOO_FINANCE,VALE3.SA,2024-09-25,60.720001220703125,61.25,60.41999816894531,60.61000061035156,53.078495025634766,21557700,2026-07-21 07:17:48.010655-03:00
YAHOO_FINANCE,VALE3.SA,2024-09-26,62.599998474121094,64.37999725341797,62.45000076293945,64.25,56.26617431640625,61449300,2026-07-21 07:17:48.010655-03:00
YAHOO_FINANCE,VALE3.SA,2024-09-27,64.69999694824219,65.04000091552734,63.16999816894531,63.959999084472656,56.0122184753418,37237900,2026-07-21 07:17:48.010655-03:00
YAHOO_FINANCE,VALE3.SA,2024-09-30,65.31999969482422,65.31999969482422,63.5099983215332,63.5099983215332,55.618133544921875,28980300,2026-07-21 07:17:48.010655-03:00
YAHOO_FINANCE,VALE3.SA,2024-10-01,63.5,64.25,63.150001525878906,63.81999969482422,55.889610290527344,18091500,2026-07-21 07:17:48.010655-03:00
YAHOO_FINANCE,VALE3.SA,2024-10-02,64.41999816894531,65.3499984741211,63.970001220703125,64.16999816894531,56.19612121582031,20310600,2026-07-21 07:17:48.010655-03:00
YAHOO_FINANCE,VALE3.SA,2024-10-03,63.630001068115234,63.79999923706055,62.43000030517578,62.939998626708984,55.11895751953125,26675400,2026-07-21 07:17:48.010655-03:00
YAHOO_FINANCE,VALE3.SA,2024-10-04,62.91999816894531,63.0099983215332,62.29999923706055,62.47999954223633,54.716121673583984,16268300,2026-07-21 07:17:48.010655-03:00
YAHOO_FINANCE,VALE3.SA,2024-10-07,62.900001525878906,63.7400016784668,62.439998626708984,63.029998779296875,55.19778060913086,22467400,2026-07-21 07:17:48.010655-03:00
YAHOO_FINANCE,VALE3.SA,2024-10-08,60.810001373291016,61.119998931884766,60.650001525878906,61.119998931884766,53.525115966796875,38028100,2026-07-21 07:17:48.010655-03:00
YAHOO_FINANCE,VALE3.SA,2024-10-09,60.66999816894531,61.060001373291016,60.25,60.959999084472656,53.3849983215332,22758400,2026-07-21 07:17:48.010655-03:00
YAHOO_FINANCE,VALE3.SA,2024-10-10,61.45000076293945,61.45000076293945,60.75,61.25,53.63896179199219,17192100,2026-07-21 07:17:48.010655-03:00
YAHOO_FINANCE,VALE3.SA,2024-10-11,60.9900016784668,62.27000045776367,60.97999954223633,62.130001068115234,54.40961837768555,20939400,2026-07-21 07:17:48.010655-03:00
YAHOO_FINANCE,VALE3.SA,2024-10-14,62.31999969482422,62.52000045776367,61.33000183105469,61.93000030517578,54.234466552734375,44954000,2026-07-21 07:17:48.010655-03:00
YAHOO_FINANCE,VALE3.SA,2024-10-15,61.099998474121094,61.20000076293945,60.56999969482422,61.16999816894531,53.568904876708984,25559300,2026-07-21 07:17:48.010655-03:00
YAHOO_FINANCE,VALE3.SA,2024-10-16,61.93000030517578,62.380001068115234,61.58000183105469,62.34000015258789,54.59352111816406,29731800,2026-07-21 07:17:48.010655-03:00
YAHOO_FINANCE,VALE3.SA,2024-10-17,61.02000045776367,61.31999969482422,60.63999938964844,60.7599983215332,53.2098503112793,20345200,2026-07-21 07:17:48.010655-03:00
YAHOO_FINANCE,VALE3.SA,2024-10-18,61.189998626708984,61.470001220703125,60.459999084472656,60.54999923706055,53.02594757080078,21823500,2026-07-21 07:17:48.010655-03:00
YAHOO_FINANCE,VALE3.SA,2024-10-21,61.349998474121094,61.380001068115234,60.27000045776367,60.33000183105469,52.833290100097656,19044900,2026-07-21 07:17:48.010655-03:00
YAHOO_FINANCE,VALE3.SA,2024-10-22,60.150001525878906,60.65999984741211,59.900001525878906,60.40999984741211,52.90333938598633,14814000,2026-07-21 07:17:48.010655-03:00
YAHOO_FINANCE,VALE3.SA,2024-10-23,59.88999938964844,59.900001525878906,59.150001525878906,59.349998474121094,51.97506332397461,18289900,2026-07-21 07:17:48.010655-03:00
YAHOO_FINANCE,VALE3.SA,2024-10-24,59.34000015258789,59.70000076293945,59.209999084472656,59.70000076293945,52.28157043457031,11331700,2026-07-21 07:17:48.010655-03:00
YAHOO_FINANCE,VALE3.SA,2024-10-25,60.56999969482422,62.470001220703125,60.52000045776367,61.72999954223633,54.0593147277832,38466000,2026-07-21 07:17:48.010655-03:00
YAHOO_FINANCE,VALE3.SA,2024-10-28,62.5,62.880001068115234,62.189998626708984,62.880001068115234,55.0664176940918,16572400,2026-07-21 07:17:48.010655-03:00
YAHOO_FINANCE,VALE3.SA,2024-10-29,63.25,63.439998626708984,62.650001525878906,62.65999984741211,54.873756408691406,14941700,2026-07-21 07:17:48.010655-03:00
YAHOO_FINANCE,VALE3.SA,2024-10-30,62.5,62.689998626708984,62.119998931884766,62.470001220703125,54.707366943359375,12263300,2026-07-21 07:17:48.010655-03:00
YAHOO_FINANCE,VALE3.SA,2024-10-31,62.34000015258789,62.59000015258789,61.79999923706055,62.060001373291016,54.34831619262695,16553300,2026-07-21 07:17:48.010655-03:00
YAHOO_FINANCE,VALE3.SA,2024-11-01,62.13999938964844,62.439998626708984,61.790000915527344,62.029998779296875,54.32204055786133,15236400,2026-07-21 07:17:48.010655-03:00
YAHOO_FINANCE,VALE3.SA,2024-11-04,62.400001525878906,62.869998931884766,62.119998931884766,62.66999816894531,54.882511138916016,12360000,2026-07-21 07:17:48.010655-03:00
YAHOO_FINANCE,VALE3.SA,2024-11-05,62.95000076293945,63.11000061035156,61.959999084472656,62.119998931884766,54.400856018066406,16368800,2026-07-21 07:17:48.010655-03:00
YAHOO_FINANCE,VALE3.SA,2024-11-06,61.29999923706055,61.630001068115234,60.7400016784668,61.41999816894531,53.787837982177734,19726800,2026-07-21 07:17:48.010655-03:00
YAHOO_FINANCE,VALE3.SA,2024-11-07,62.02000045776367,63.9900016784668,62.0,63.560001373291016,55.66191864013672,38173300,2026-07-21 07:17:48.010655-03:00
YAHOO_FINANCE,VALE3.SA,2024-11-08,61.9900016784668,62.04999923706055,59.70000076293945,60.630001068115234,53.096004486083984,48764700,2026-07-21 07:17:48.010655-03:00
YAHOO_FINANCE,VALE3.SA,2024-11-11,59.75,59.869998931884766,58.650001525878906,58.650001525878906,51.36204528808594,24483700,2026-07-21 07:17:48.010655-03:00
YAHOO_FINANCE,VALE3.SA,2024-11-12,58.58000183105469,58.59000015258789,57.20000076293945,57.31999969482422,50.19731521606445,26967600,2026-07-21 07:17:48.010655-03:00
YAHOO_FINANCE,VALE3.SA,2024-11-13,57.31999969482422,57.720001220703125,57.11000061035156,57.15999984741211,50.05719757080078,20354900,2026-07-21 07:17:48.010655-03:00
YAHOO_FINANCE,VALE3.SA,2024-11-14,57.15999984741211,57.34000015258789,56.84000015258789,56.84000015258789,49.77695846557617,17967600,2026-07-21 07:17:48.010655-03:00
YAHOO_FINANCE,VALE3.SA,2024-11-18,57.09000015258789,57.779998779296875,56.970001220703125,57.54999923706055,50.39873123168945,14300000,2026-07-21 07:17:48.010655-03:00
YAHOO_FINANCE,VALE3.SA,2024-11-19,57.79999923706055,57.97999954223633,57.459999084472656,57.68000030517578,50.512577056884766,12902100,2026-07-21 07:17:48.010655-03:00
YAHOO_FINANCE,VALE3.SA,2024-11-21,57.5,57.79999923706055,57.209999084472656,57.619998931884766,50.46003341674805,15428500,2026-07-21 07:17:48.010655-03:00
YAHOO_FINANCE,VALE3.SA,2024-11-22,57.439998626708984,58.27000045776367,57.25,58.18000030517578,50.9504508972168,12590500,2026-07-21 07:17:48.010655-03:00
YAHOO_FINANCE,VALE3.SA,2024-11-25,58.18000030517578,58.560001373291016,58.119998931884766,58.16999816894531,50.941688537597656,17444500,2026-07-21 07:17:48.010655-03:00
YAHOO_FINANCE,VALE3.SA,2024-11-26,58.290000915527344,58.4900016784668,57.150001525878906,57.43000030517578,50.29364776611328,21406600,2026-07-21 07:17:48.010655-03:00
YAHOO_FINANCE,VALE3.SA,2024-11-27,57.869998931884766,58.41999816894531,57.599998474121094,58.130001068115234,50.90666198730469,22121200,2026-07-21 07:17:48.010655-03:00
YAHOO_FINANCE,VALE3.SA,2024-11-28,57.900001525878906,58.79999923706055,57.27000045776367,57.529998779296875,50.38121795654297,20467000,2026-07-21 07:17:48.010655-03:00
YAHOO_FINANCE,VALE3.SA,2024-11-29,58.25,59.209999084472656,58.150001525878906,58.779998779296875,51.475894927978516,31023600,2026-07-21 07:17:48.010655-03:00
YAHOO_FINANCE,VALE3.SA,2024-12-02,58.849998474121094,59.380001068115234,58.689998626708984,58.91999816894531,51.59849548339844,18972100,2026-07-21 07:17:48.010655-03:00
YAHOO_FINANCE,VALE3.SA,2024-12-03,59.29999923706055,59.36000061035156,58.470001220703125,58.470001220703125,51.20441436767578,15957500,2026-07-21 07:17:48.010655-03:00
YAHOO_FINANCE,VALE3.SA,2024-12-04,58.400001525878906,58.47999954223633,56.959999084472656,57.33000183105469,50.20606994628906,25109200,2026-07-21 07:17:48.010655-03:00
YAHOO_FINANCE,VALE3.SA,2024-12-05,57.459999084472656,57.79999923706055,56.869998931884766,57.79999923706055,50.61766815185547,14160000,2026-07-21 07:17:48.010655-03:00
YAHOO_FINANCE,VALE3.SA,2024-12-06,57.470001220703125,57.65999984741211,56.75,56.810001373291016,49.75069046020508,17897900,2026-07-21 07:17:48.010655-03:00
YAHOO_FINANCE,VALE3.SA,2024-12-09,58.5,60.189998626708984,58.369998931884766,59.83000183105469,52.395416259765625,40440600,2026-07-21 07:17:48.010655-03:00
YAHOO_FINANCE,VALE3.SA,2024-12-10,59.7400016784668,59.939998626708984,59.290000915527344,59.77000045776367,52.342872619628906,13089300,2026-07-21 07:17:48.010655-03:00
YAHOO_FINANCE,VALE3.SA,2024-12-11,59.5,59.59000015258789,58.45000076293945,58.84000015258789,51.52843475341797,30138500,2026-07-21 07:17:48.010655-03:00
YAHOO_FINANCE,VALE3.SA,2024-12-12,57.400001525878906,57.68000030517578,56.66999816894531,56.709999084472656,50.106380462646484,28841800,2026-07-21 07:17:48.010655-03:00
YAHOO_FINANCE,VALE3.SA,2024-12-13,56.47999954223633,56.709999084472656,55.70000076293945,55.86000061035156,49.3553581237793,18532800,2026-07-21 07:17:48.010655-03:00
YAHOO_FINANCE,VALE3.SA,2024-12-16,55.849998474121094,56.540000915527344,55.34000015258789,55.83000183105469,49.328853607177734,18958500,2026-07-21 07:17:48.010655-03:00
YAHOO_FINANCE,VALE3.SA,2024-12-17,55.880001068115234,56.400001525878906,55.650001525878906,56.11000061035156,49.57624816894531,22987600,2026-07-21 07:17:48.010655-03:00
YAHOO_FINANCE,VALE3.SA,2024-12-18,55.77000045776367,55.869998931884766,54.7599983215332,54.810001373291016,48.42762756347656,34658200,2026-07-21 07:17:48.010655-03:00
YAHOO_FINANCE,VALE3.SA,2024-12-19,55.02000045776367,55.16999816894531,53.599998474121094,53.77000045776367,47.508731842041016,29529900,2026-07-21 07:17:48.010655-03:00
YAHOO_FINANCE,VALE3.SA,2024-12-20,53.41999816894531,54.619998931884766,53.33000183105469,54.619998931884766,48.25975036621094,64919500,2026-07-21 07:17:48.010655-03:00
YAHOO_FINANCE,VALE3.SA,2024-12-23,54.66999816894531,55.22999954223633,54.400001525878906,54.849998474121094,48.46296691894531,18587900,2026-07-21 07:17:48.010655-03:00
YAHOO_FINANCE,VALE3.SA,2024-12-26,54.849998474121094,55.400001525878906,54.400001525878906,55.0099983215332,48.60433578491211,13155800,2026-07-21 07:17:48.010655-03:00
YAHOO_FINANCE,VALE3.SA,2024-12-27,54.72999954223633,55.08000183105469,54.459999084472656,54.7400016784668,48.365779876708984,16635300,2026-07-21 07:17:48.010655-03:00
YAHOO_FINANCE,VALE3.SA,2024-12-30,54.900001525878906,55.189998626708984,54.54999923706055,54.54999923706055,48.19790267944336,11250900,2026-07-21 07:17:48.010655-03:00
YAHOO_FINANCE,VALE3.SA,2025-01-02,54.709999084472656,55.099998474121094,54.22999954223633,54.25,47.93283462524414,17623900,2026-07-21 07:17:48.010655-03:00
YAHOO_FINANCE,VALE3.SA,2025-01-03,53.900001525878906,54.0,52.880001068115234,53.2400016784668,47.04044723510742,23608700,2026-07-21 07:17:48.010655-03:00
YAHOO_FINANCE,VALE3.SA,2025-01-06,53.47999954223633,53.790000915527344,52.47999954223633,52.560001373291016,46.43962860107422,21689500,2026-07-21 07:17:48.010655-03:00
YAHOO_FINANCE,VALE3.SA,2025-01-07,52.630001068115234,52.88999938964844,51.939998626708984,52.04999923706055,45.989013671875,22070200,2026-07-21 07:17:48.010655-03:00
YAHOO_FINANCE,VALE3.SA,2025-01-08,52.029998779296875,52.290000915527344,51.43000030517578,51.54999923706055,45.547237396240234,24423800,2026-07-21 07:17:48.010655-03:00
YAHOO_FINANCE,VALE3.SA,2025-01-09,52.04999923706055,52.25,51.13999938964844,51.22999954223633,45.26449966430664,15865200,2026-07-21 07:17:48.010655-03:00
YAHOO_FINANCE,VALE3.SA,2025-01-10,51.540000915527344,52.310001373291016,51.22999954223633,51.52000045776367,45.52073287963867,25833900,2026-07-21 07:17:48.010655-03:00
YAHOO_FINANCE,VALE3.SA,2025-01-13,52.0,52.310001373291016,50.869998931884766,51.5099983215332,45.51189422607422,30845300,2026-07-21 07:17:48.010655-03:00
YAHOO_FINANCE,VALE3.SA,2025-01-14,51.95000076293945,52.43000030517578,51.630001068115234,51.849998474121094,45.81230163574219,21379000,2026-07-21 07:17:48.010655-03:00
YAHOO_FINANCE,VALE3.SA,2025-01-15,52.13999938964844,52.68000030517578,51.630001068115234,52.599998474121094,46.47496795654297,35137700,2026-07-21 07:17:48.010655-03:00
YAHOO_FINANCE,VALE3.SA,2025-01-16,52.290000915527344,53.27000045776367,52.0,52.66999816894531,46.53681945800781,220262800,2026-07-21 07:17:48.010655-03:00
YAHOO_FINANCE,VALE3.SA,2025-01-17,53.150001525878906,54.4900016784668,52.97999954223633,54.4900016784668,48.14488983154297,54658700,2026-07-21 07:17:48.010655-03:00
YAHOO_FINANCE,VALE3.SA,2025-01-20,54.220001220703125,54.4900016784668,53.7599983215332,54.290000915527344,47.968177795410156,12317600,2026-07-21 07:17:48.010655-03:00
YAHOO_FINANCE,VALE3.SA,2025-01-21,54.290000915527344,54.31999969482422,53.25,54.02000045776367,47.729618072509766,28798700,2026-07-21 07:17:48.010655-03:00
YAHOO_FINANCE,VALE3.SA,2025-01-22,54.279998779296875,54.290000915527344,52.41999816894531,52.65999984741211,46.527984619140625,34645400,2026-07-21 07:17:48.010655-03:00
YAHOO_FINANCE,VALE3.SA,2025-01-23,52.95000076293945,52.9900016784668,51.84000015258789,52.31999969482422,46.227577209472656,25097300,2026-07-21 07:17:48.010655-03:00
YAHOO_FINANCE,VALE3.SA,2025-01-24,52.599998474121094,53.189998626708984,52.599998474121094,53.029998779296875,46.854896545410156,20520600,2026-07-21 07:17:48.010655-03:00
YAHOO_FINANCE,VALE3.SA,2025-01-27,52.88999938964844,53.97999954223633,52.56999969482422,53.959999084472656,47.676605224609375,24531300,2026-07-21 07:17:48.010655-03:00
YAHOO_FINANCE,VALE3.SA,2025-01-28,53.59000015258789,53.779998779296875,52.540000915527344,52.650001525878906,46.51914978027344,22932900,2026-07-21 07:17:48.010655-03:00
YAHOO_FINANCE,VALE3.SA,2025-01-29,52.79999923706055,53.5099983215332,52.630001068115234,52.79999923706055,46.65167999267578,19220300,2026-07-21 07:17:48.010655-03:00
YAHOO_FINANCE,VALE3.SA,2025-01-30,53.29999923706055,55.599998474121094,53.279998779296875,55.029998779296875,48.622005462646484,40562400,2026-07-21 07:17:48.010655-03:00
YAHOO_FINANCE,VALE3.SA,2025-01-31,54.9900016784668,55.209999084472656,54.0,54.16999816894531,47.86214828491211,25477600,2026-07-21 07:17:48.010655-03:00
YAHOO_FINANCE,VALE3.SA,2025-02-03,53.72999954223633,54.279998779296875,53.33000183105469,54.209999084472656,47.897491455078125,27216400,2026-07-21 07:17:48.010655-03:00
YAHOO_FINANCE,VALE3.SA,2025-02-04,54.130001068115234,54.709999084472656,53.810001373291016,54.02000045776367,47.729618072509766,32648700,2026-07-21 07:17:48.010655-03:00
YAHOO_FINANCE,VALE3.SA,2025-02-05,53.90999984741211,54.459999084472656,53.86000061035156,54.310001373291016,47.9858512878418,21674800,2026-07-21 07:17:48.010655-03:00
YAHOO_FINANCE,VALE3.SA,2025-02-06,55.400001525878906,55.63999938964844,54.970001220703125,55.130001068115234,48.710365295410156,32789000,2026-07-21 07:17:48.010655-03:00
YAHOO_FINANCE,VALE3.SA,2025-02-07,55.29999923706055,55.779998779296875,54.560001373291016,54.83000183105469,48.44529724121094,24395500,2026-07-21 07:17:48.010655-03:00
YAHOO_FINANCE,VALE3.SA,2025-02-10,54.869998931884766,55.400001525878906,54.84000015258789,55.400001525878906,48.94892501831055,15566300,2026-07-21 07:17:48.010655-03:00
YAHOO_FINANCE,VALE3.SA,2025-02-11,54.90999984741211,55.189998626708984,54.38999938964844,55.15999984741211,48.73686981201172,18198300,2026-07-21 07:17:48.010655-03:00
YAHOO_FINANCE,VALE3.SA,2025-02-12,55.0099983215332,55.290000915527344,54.70000076293945,54.790000915527344,48.40995788574219,35432600,2026-07-21 07:17:48.010655-03:00
YAHOO_FINANCE,VALE3.SA,2025-02-13,54.849998474121094,55.0,54.130001068115234,54.86000061035156,48.471805572509766,21749900,2026-07-21 07:17:48.010655-03:00
YAHOO_FINANCE,VALE3.SA,2025-02-14,55.220001220703125,55.810001373291016,55.0,55.66999816894531,49.18748474121094,49803200,2026-07-21 07:17:48.010655-03:00
YAHOO_FINANCE,VALE3.SA,2025-02-17,55.63999938964844,55.91999816894531,55.279998779296875,55.369998931884766,48.922420501708984,12391400,2026-07-21 07:17:48.010655-03:00
YAHOO_FINANCE,VALE3.SA,2025-02-18,55.599998474121094,55.970001220703125,55.5099983215332,55.7400016784668,49.249332427978516,27608200,2026-07-21 07:17:48.010655-03:00
YAHOO_FINANCE,VALE3.SA,2025-02-19,55.29999923706055,55.72999954223633,54.720001220703125,55.689998626708984,49.20515441894531,26472500,2026-07-21 07:17:48.010655-03:00
YAHOO_FINANCE,VALE3.SA,2025-02-20,56.79999923706055,58.15999984741211,56.47999954223633,57.7400016784668,51.016441345214844,76934000,2026-07-21 07:17:48.010655-03:00
YAHOO_FINANCE,VALE3.SA,2025-02-21,57.900001525878906,58.15999984741211,57.560001373291016,58.15999984741211,51.387535095214844,37134700,2026-07-21 07:17:48.010655-03:00
YAHOO_FINANCE,VALE3.SA,2025-02-24,58.099998474121094,58.56999969482422,57.47999954223633,57.630001068115234,50.91925048828125,19081700,2026-07-21 07:17:48.010655-03:00
YAHOO_FINANCE,VALE3.SA,2025-02-25,57.29999923706055,57.439998626708984,56.88999938964844,57.06999969482422,50.42445755004883,19554800,2026-07-21 07:17:48.010655-03:00
YAHOO_FINANCE,VALE3.SA,2025-02-26,57.369998931884766,57.689998626708984,56.720001220703125,56.720001220703125,50.11521530151367,25399100,2026-07-21 07:17:48.010655-03:00
YAHOO_FINANCE,VALE3.SA,2025-02-27,56.45000076293945,56.9900016784668,56.0099983215332,56.29999923706055,49.74412155151367,18658000,2026-07-21 07:17:48.010655-03:00
YAHOO_FINANCE,VALE3.SA,2025-02-28,55.939998626708984,56.13999938964844,55.150001525878906,55.150001525878906,48.72803497314453,46789400,2026-07-21 07:17:48.010655-03:00
YAHOO_FINANCE,VALE3.SA,2025-03-05,56.150001525878906,56.220001220703125,55.38999938964844,55.59000015258789,49.116798400878906,13843400,2026-07-21 07:17:48.010655-03:00
YAHOO_FINANCE,VALE3.SA,2025-03-06,55.63999938964844,56.52000045776367,55.54999923706055,56.20000076293945,49.65576934814453,17678400,2026-07-21 07:17:48.010655-03:00
YAHOO_FINANCE,VALE3.SA,2025-03-07,55.97999954223633,57.349998474121094,55.54999923706055,57.02000045776367,50.38028335571289,25480600,2026-07-21 07:17:48.010655-03:00
YAHOO_FINANCE,VALE3.SA,2025-03-10,54.22999954223633,54.54999923706055,53.25,53.9900016784668,49.56492233276367,23626600,2026-07-21 07:17:48.010655-03:00
YAHOO_FINANCE,VALE3.SA,2025-03-11,54.08000183105469,54.720001220703125,53.40999984741211,54.439998626708984,49.9780387878418,23060100,2026-07-21 07:17:48.010655-03:00
YAHOO_FINANCE,VALE3.SA,2025-03-12,54.5,54.5,53.150001525878906,53.7599983215332,49.3537712097168,18825700,2026-07-21 07:17:48.010655-03:00
YAHOO_FINANCE,VALE3.SA,2025-03-13,53.880001068115234,55.15999984741211,53.70000076293945,54.5,50.03312301635742,20584600,2026-07-21 07:17:48.010655-03:00
YAHOO_FINANCE,VALE3.SA,2025-03-14,55.20000076293945,56.40999984741211,55.15999984741211,56.290000915527344,51.676414489746094,31789300,2026-07-21 07:17:48.010655-03:00
YAHOO_FINANCE,VALE3.SA,2025-03-17,56.290000915527344,57.2400016784668,56.13999938964844,57.099998474121094,52.420021057128906,23191800,2026-07-21 07:17:48.010655-03:00
YAHOO_FINANCE,VALE3.SA,2025-03-18,57.20000076293945,57.560001373291016,56.619998931884766,57.52000045776367,52.80560302734375,18165300,2026-07-21 07:17:48.010655-03:00
YAHOO_FINANCE,VALE3.SA,2025-03-19,57.349998474121094,57.54999923706055,56.849998474121094,57.41999816894531,52.71379852294922,23211900,2026-07-21 07:17:48.010655-03:00
YAHOO_FINANCE,VALE3.SA,2025-03-20,57.040000915527344,57.4900016784668,56.779998779296875,57.2400016784668,52.54854965209961,17283200,2026-07-21 07:17:48.010655-03:00
YAHOO_FINANCE,VALE3.SA,2025-03-21,56.95000076293945,57.45000076293945,56.83000183105469,57.45000076293945,52.74134063720703,30524100,2026-07-21 07:17:48.010655-03:00
YAHOO_FINANCE,VALE3.SA,2025-03-24,57.95000076293945,58.2400016784668,56.959999084472656,57.150001525878906,52.46592712402344,18646500,2026-07-21 07:17:48.010655-03:00
YAHOO_FINANCE,VALE3.SA,2025-03-25,57.31999969482422,57.75,57.11000061035156,57.34000015258789,52.64035415649414,15615800,2026-07-21 07:17:48.010655-03:00
YAHOO_FINANCE,VALE3.SA,2025-03-26,57.400001525878906,58.040000915527344,57.38999938964844,57.689998626708984,52.961666107177734,29401600,2026-07-21 07:17:48.010655-03:00
YAHOO_FINANCE,VALE3.SA,2025-03-27,58.0,58.45000076293945,57.61000061035156,58.150001525878906,53.383968353271484,15345300,2026-07-21 07:17:48.010655-03:00
YAHOO_FINANCE,VALE3.SA,2025-03-28,58.099998474121094,58.380001068115234,57.560001373291016,57.560001373291016,52.842323303222656,31146000,2026-07-21 07:17:48.010655-03:00
YAHOO_FINANCE,VALE3.SA,2025-03-31,56.720001220703125,57.02000045776367,56.029998779296875,56.70000076293945,52.05281066894531,20469300,2026-07-21 07:17:48.010655-03:00
YAHOO_FINANCE,VALE3.SA,2025-04-01,57.099998474121094,57.93000030517578,56.95000076293945,57.189998626708984,52.502647399902344,12354800,2026-07-21 07:17:48.010655-03:00
YAHOO_FINANCE,VALE3.SA,2025-04-02,57.209999084472656,57.29999923706055,56.599998474121094,56.93000030517578,52.26395797729492,13197700,2026-07-21 07:17:48.010655-03:00
YAHOO_FINANCE,VALE3.SA,2025-04-03,56.0,56.439998626708984,54.7599983215332,54.869998931884766,50.37279510498047,32351100,2026-07-21 07:17:48.010655-03:00
YAHOO_FINANCE,VALE3.SA,2025-04-04,53.220001220703125,53.52000045776367,51.599998474121094,52.68000030517578,48.3622932434082,45819600,2026-07-21 07:17:48.010655-03:00
YAHOO_FINANCE,VALE3.SA,2025-04-07,51.709999084472656,53.47999954223633,51.16999816894531,52.04999923706055,47.78392791748047,35942800,2026-07-21 07:17:48.010655-03:00
YAHOO_FINANCE,VALE3.SA,2025-04-08,52.349998474121094,52.810001373291016,49.02000045776367,49.20000076293945,45.167518615722656,46815300,2026-07-21 07:17:48.010655-03:00
YAHOO_FINANCE,VALE3.SA,2025-04-09,49.150001525878906,52.060001373291016,48.77000045776367,51.849998474121094,47.600318908691406,56491900,2026-07-21 07:17:48.010655-03:00
YAHOO_FINANCE,VALE3.SA,2025-04-10,52.099998474121094,53.2400016784668,51.459999084472656,52.779998779296875,48.454097747802734,38010400,2026-07-21 07:17:48.010655-03:00
YAHOO_FINANCE,VALE3.SA,2025-04-11,52.560001373291016,54.150001525878906,52.560001373291016,53.65999984741211,49.26197052001953,22129900,2026-07-21 07:17:48.010655-03:00
YAHOO_FINANCE,VALE3.SA,2025-04-14,54.400001525878906,54.880001068115234,54.189998626708984,54.36000061035156,49.904598236083984,19994800,2026-07-21 07:17:48.010655-03:00
YAHOO_FINANCE,VALE3.SA,2025-04-15,54.380001068115234,54.650001525878906,53.529998779296875,53.810001373291016,49.39967727661133,17471900,2026-07-21 07:17:48.010655-03:00
YAHOO_FINANCE,VALE3.SA,2025-04-16,53.52000045776367,53.63999938964844,52.41999816894531,52.560001373291016,48.25212860107422,23105900,2026-07-21 07:17:48.010655-03:00
YAHOO_FINANCE,VALE3.SA,2025-04-17,52.779998779296875,53.31999969482422,52.560001373291016,52.880001068115234,48.545902252197266,23172400,2026-07-21 07:17:48.010655-03:00
YAHOO_FINANCE,VALE3.SA,2025-04-22,53.15999984741211,54.290000915527344,52.7599983215332,53.81999969482422,49.40885543823242,16780900,2026-07-21 07:17:48.010655-03:00
YAHOO_FINANCE,VALE3.SA,2025-04-23,54.900001525878906,55.349998474121094,54.400001525878906,54.459999084472656,49.996402740478516,18377400,2026-07-21 07:17:48.010655-03:00
YAHOO_FINANCE,VALE3.SA,2025-04-24,54.45000076293945,55.66999816894531,54.310001373291016,55.310001373291016,50.776737213134766,19621700,2026-07-21 07:17:48.010655-03:00
YAHOO_FINANCE,VALE3.SA,2025-04-25,54.5,54.619998931884766,53.63999938964844,53.849998474121094,49.436397552490234,26162200,2026-07-21 07:17:48.010655-03:00
YAHOO_FINANCE,VALE3.SA,2025-04-28,53.900001525878906,54.18000030517578,53.630001068115234,54.040000915527344,49.61082458496094,12001900,2026-07-21 07:17:48.010655-03:00
YAHOO_FINANCE,VALE3.SA,2025-04-29,54.209999084472656,54.34000015258789,53.84000015258789,53.84000015258789,49.427215576171875,11816200,2026-07-21 07:17:48.010655-03:00
YAHOO_FINANCE,VALE3.SA,2025-04-30,52.599998474121094,53.25,52.209999084472656,52.86000061035156,48.52754211425781,18774400,2026-07-21 07:17:48.010655-03:00
YAHOO_FINANCE,VALE3.SA,2025-05-02,53.2599983215332,53.560001373291016,52.54999923706055,52.79999923706055,48.47245788574219,17135800,2026-07-21 07:17:48.010655-03:00
YAHOO_FINANCE,VALE3.SA,2025-05-05,52.900001525878906,53.08000183105469,52.72999954223633,52.959999084472656,48.61934280395508,12201600,2026-07-21 07:17:48.010655-03:00
YAHOO_FINANCE,VALE3.SA,2025-05-06,52.9900016784668,53.58000183105469,52.91999816894531,53.0,48.656063079833984,12065000,2026-07-21 07:17:48.010655-03:00
YAHOO_FINANCE,VALE3.SA,2025-05-07,53.54999923706055,53.54999923706055,52.65999984741211,52.900001525878906,48.56426239013672,11240100,2026-07-21 07:17:48.010655-03:00
YAHOO_FINANCE,VALE3.SA,2025-05-08,52.900001525878906,53.29999923706055,52.66999816894531,52.7400016784668,48.41737747192383,15414600,2026-07-21 07:17:48.010655-03:00
YAHOO_FINANCE,VALE3.SA,2025-05-09,53.0,53.08000183105469,52.5099983215332,52.95000076293945,48.610164642333984,15558800,2026-07-21 07:17:48.010655-03:00
YAHOO_FINANCE,VALE3.SA,2025-05-12,54.560001373291016,55.20000076293945,54.279998779296875,54.279998779296875,49.831153869628906,26482400,2026-07-21 07:17:48.010655-03:00
YAHOO_FINANCE,VALE3.SA,2025-05-13,54.4900016784668,55.43000030517578,54.130001068115234,55.16999816894531,50.64820861816406,21187200,2026-07-21 07:17:48.010655-03:00
YAHOO_FINANCE,VALE3.SA,2025-05-14,55.5,55.689998626708984,54.84000015258789,54.900001525878906,50.40033721923828,16297800,2026-07-21 07:17:48.010655-03:00
YAHOO_FINANCE,VALE3.SA,2025-05-15,55.0,55.650001525878906,54.84000015258789,55.45000076293945,50.9052619934082,13955400,2026-07-21 07:17:48.010655-03:00
YAHOO_FINANCE,VALE3.SA,2025-05-16,55.20000076293945,55.66999816894531,54.810001373291016,55.4900016784668,50.94198226928711,18163800,2026-07-21 07:17:48.010655-03:00
YAHOO_FINANCE,VALE3.SA,2025-05-19,55.0,55.470001220703125,54.869998931884766,55.34000015258789,50.80427551269531,14475200,2026-07-21 07:17:48.010655-03:00
YAHOO_FINANCE,VALE3.SA,2025-05-20,55.33000183105469,55.529998779296875,55.09000015258789,55.349998474121094,50.813453674316406,10499200,2026-07-21 07:17:48.010655-03:00
YAHOO_FINANCE,VALE3.SA,2025-05-21,55.150001525878906,55.29999923706055,54.439998626708984,54.63999938964844,50.16164779663086,14486300,2026-07-21 07:17:48.010655-03:00
YAHOO_FINANCE,VALE3.SA,2025-05-22,54.619998931884766,54.63999938964844,53.970001220703125,54.22999954223633,49.785255432128906,18476000,2026-07-21 07:17:48.010655-03:00
YAHOO_FINANCE,VALE3.SA,2025-05-23,54.0,54.439998626708984,53.59000015258789,54.31999969482422,49.86787796020508,14747300,2026-07-21 07:17:48.010655-03:00
YAHOO_FINANCE,VALE3.SA,2025-05-26,53.939998626708984,54.09000015258789,53.79999923706055,54.0099983215332,49.583282470703125,7194500,2026-07-21 07:17:48.010655-03:00
YAHOO_FINANCE,VALE3.SA,2025-05-27,54.0,54.209999084472656,53.619998931884766,53.84000015258789,49.427215576171875,17943000,2026-07-21 07:17:48.010655-03:00
YAHOO_FINANCE,VALE3.SA,2025-05-28,53.7400016784668,53.790000915527344,53.189998626708984,53.40999984741211,49.03246307373047,17700600,2026-07-21 07:17:48.010655-03:00
YAHOO_FINANCE,VALE3.SA,2025-05-29,53.72999954223633,53.880001068115234,53.33000183105469,53.45000076293945,49.069183349609375,10246100,2026-07-21 07:17:48.010655-03:00
YAHOO_FINANCE,VALE3.SA,2025-05-30,53.349998474121094,53.38999938964844,52.04999923706055,52.099998474121094,47.829830169677734,28286100,2026-07-21 07:17:48.010655-03:00
YAHOO_FINANCE,VALE3.SA,2025-06-02,52.58000183105469,52.75,52.2599983215332,52.560001373291016,48.25212860107422,19267700,2026-07-21 07:17:48.010655-03:00
YAHOO_FINANCE,VALE3.SA,2025-06-03,51.93000030517578,52.63999938964844,51.869998931884766,52.529998779296875,48.22458267211914,12824900,2026-07-21 07:17:48.010655-03:00
YAHOO_FINANCE,VALE3.SA,2025-06-04,52.619998931884766,53.33000183105469,52.619998931884766,52.77000045776367,48.444915771484375,11714700,2026-07-21 07:17:48.010655-03:00
YAHOO_FINANCE,VALE3.SA,2025-06-05,53.0,53.65999984741211,52.869998931884766,52.90999984741211,48.57344055175781,12594000,2026-07-21 07:17:48.010655-03:00
YAHOO_FINANCE,VALE3.SA,2025-06-06,53.150001525878906,53.470001220703125,52.709999084472656,52.97999954223633,48.63770294189453,16638900,2026-07-21 07:17:48.010655-03:00
YAHOO_FINANCE,VALE3.SA,2025-06-09,52.88999938964844,53.290000915527344,52.619998931884766,53.290000915527344,48.92229461669922,13029200,2026-07-21 07:17:48.010655-03:00
YAHOO_FINANCE,VALE3.SA,2025-06-10,53.29999923706055,53.869998931884766,53.11000061035156,53.650001525878906,49.25279235839844,18890600,2026-07-21 07:17:48.010655-03:00
YAHOO_FINANCE,VALE3.SA,2025-06-11,53.810001373291016,53.810001373291016,52.9900016784668,53.18000030517578,48.821311950683594,13639700,2026-07-21 07:17:48.010655-03:00
YAHOO_FINANCE,VALE3.SA,2025-06-12,52.900001525878906,53.040000915527344,52.470001220703125,52.83000183105469,48.5,11136800,2026-07-21 07:17:48.010655-03:00
YAHOO_FINANCE,VALE3.SA,2025-06-13,52.06999969482422,52.5099983215332,51.959999084472656,52.130001068115234,47.85737228393555,13264900,2026-07-21 07:17:48.010655-03:00
YAHOO_FINANCE,VALE3.SA,2025-06-16,52.310001373291016,54.04999923706055,52.310001373291016,53.83000183105469,49.41803741455078,41210000,2026-07-21 07:17:48.010655-03:00
YAHOO_FINANCE,VALE3.SA,2025-06-17,53.630001068115234,53.88999938964844,51.380001068115234,51.40999984741211,47.19638442993164,43657300,2026-07-21 07:17:48.010655-03:00
YAHOO_FINANCE,VALE3.SA,2025-06-18,53.630001068115234,53.88999938964844,51.08000183105469,51.2400016784668,47.04031753540039,20499000,2026-07-21 07:17:48.010655-03:00
YAHOO_FINANCE,VALE3.SA,2025-06-20,51.2400016784668,51.279998779296875,49.91999816894531,49.91999816894531,45.8285026550293,39947200,2026-07-21 07:17:48.010655-03:00
YAHOO_FINANCE,VALE3.SA,2025-06-23,50.02000045776367,50.54999923706055,49.83000183105469,50.54999923706055,46.40686798095703,17288800,2026-07-21 07:17:48.010655-03:00
YAHOO_FINANCE,VALE3.SA,2025-06-24,50.7400016784668,50.75,50.13999938964844,50.540000915527344,46.39768981933594,18576300,2026-07-21 07:17:48.010655-03:00
YAHOO_FINANCE,VALE3.SA,2025-06-25,50.25,50.599998474121094,49.720001220703125,50.47999954223633,46.34260559082031,23319900,2026-07-21 07:17:48.010655-03:00
YAHOO_FINANCE,VALE3.SA,2025-06-26,50.84000015258789,52.29999923706055,50.84000015258789,52.0,47.7380256652832,40488400,2026-07-21 07:17:48.010655-03:00
YAHOO_FINANCE,VALE3.SA,2025-06-27,52.189998626708984,53.09000015258789,51.90999984741211,52.869998931884766,48.536720275878906,26016900,2026-07-21 07:17:48.010655-03:00
YAHOO_FINANCE,VALE3.SA,2025-06-30,52.790000915527344,53.029998779296875,52.439998626708984,52.650001525878906,48.334754943847656,19961900,2026-07-21 07:17:48.010655-03:00
YAHOO_FINANCE,VALE3.SA,2025-07-01,52.599998474121094,53.709999084472656,52.5,53.36000061035156,48.98655700683594,21844300,2026-07-21 07:17:48.010655-03:00
YAHOO_FINANCE,VALE3.SA,2025-07-02,53.810001373291016,55.70000076293945,53.79999923706055,55.29999923706055,50.767555236816406,63100200,2026-07-21 07:17:48.010655-03:00
YAHOO_FINANCE,VALE3.SA,2025-07-03,55.5,55.880001068115234,54.81999969482422,55.040000915527344,50.528865814208984,18256300,2026-07-21 07:17:48.010655-03:00
YAHOO_FINANCE,VALE3.SA,2025-07-04,55.029998779296875,55.20000076293945,54.75,55.20000076293945,50.675750732421875,5449600,2026-07-21 07:17:48.010655-03:00
YAHOO_FINANCE,VALE3.SA,2025-07-07,55.04999923706055,55.18000030517578,54.20000076293945,54.38999938964844,49.9321403503418,13174500,2026-07-21 07:17:48.010655-03:00
YAHOO_FINANCE,VALE3.SA,2025-07-08,54.52000045776367,55.59000015258789,54.36000061035156,54.58000183105469,50.1065673828125,26632000,2026-07-21 07:17:48.010655-03:00
YAHOO_FINANCE,VALE3.SA,2025-07-09,54.70000076293945,54.70000076293945,53.75,54.040000915527344,49.61082458496094,12209400,2026-07-21 07:17:48.010655-03:00
YAHOO_FINANCE,VALE3.SA,2025-07-10,55.34000015258789,57.119998931884766,55.20000076293945,55.279998779296875,50.74919128417969,46597200,2026-07-21 07:17:48.010655-03:00
YAHOO_FINANCE,VALE3.SA,2025-07-11,55.20000076293945,56.220001220703125,55.0099983215332,56.0,51.41018295288086,18313200,2026-07-21 07:17:48.010655-03:00
YAHOO_FINANCE,VALE3.SA,2025-07-14,55.86000061035156,55.90999984741211,54.869998931884766,55.36000061035156,50.822635650634766,15141300,2026-07-21 07:17:48.010655-03:00
YAHOO_FINANCE,VALE3.SA,2025-07-15,54.93000030517578,55.36000061035156,53.52000045776367,53.90999984741211,49.491477966308594,25029100,2026-07-21 07:17:48.010655-03:00
YAHOO_FINANCE,VALE3.SA,2025-07-16,54.099998474121094,54.52000045776367,53.90999984741211,54.400001525878906,49.941322326660156,26394100,2026-07-21 07:17:48.010655-03:00
YAHOO_FINANCE,VALE3.SA,2025-07-17,54.400001525878906,54.790000915527344,54.119998931884766,54.29999923706055,49.849517822265625,20252800,2026-07-21 07:17:48.010655-03:00
YAHOO_FINANCE,VALE3.SA,2025-07-18,54.04999923706055,54.779998779296875,53.970001220703125,54.560001373291016,50.08820724487305,23714000,2026-07-21 07:17:48.010655-03:00
YAHOO_FINANCE,VALE3.SA,2025-07-21,55.45000076293945,56.81999969482422,55.34000015258789,56.04999923706055,51.456085205078125,40484000,2026-07-21 07:17:48.010655-03:00
YAHOO_FINANCE,VALE3.SA,2025-07-22,56.95000076293945,57.970001220703125,56.90999984741211,57.5,52.7872428894043,40945900,2026-07-21 07:17:48.010655-03:00
YAHOO_FINANCE,VALE3.SA,2025-07-23,57.45000076293945,57.900001525878906,57.0,57.41999816894531,52.71379852294922,17914800,2026-07-21 07:17:48.010655-03:00
YAHOO_FINANCE,VALE3.SA,2025-07-24,56.939998626708984,57.290000915527344,56.290000915527344,56.529998779296875,51.89674377441406,21651200,2026-07-21 07:17:48.010655-03:00
YAHOO_FINANCE,VALE3.SA,2025-07-25,56.18000030517578,56.279998779296875,55.27000045776367,55.70000076293945,51.134769439697266,21918900,2026-07-21 07:17:48.010655-03:00
YAHOO_FINANCE,VALE3.SA,2025-07-28,54.939998626708984,55.31999969482422,54.63999938964844,55.15999984741211,50.63903045654297,19175100,2026-07-21 07:17:48.010655-03:00
YAHOO_FINANCE,VALE3.SA,2025-07-29,55.54999923706055,55.70000076293945,54.77000045776367,54.81999969482422,50.3268928527832,14648700,2026-07-21 07:17:48.010655-03:00
YAHOO_FINANCE,VALE3.SA,2025-07-30,54.31999969482422,54.689998626708984,53.33000183105469,53.84000015258789,49.427215576171875,35607800,2026-07-21 07:17:48.010655-03:00
YAHOO_FINANCE,VALE3.SA,2025-07-31,53.0099983215332,53.619998931884766,52.369998931884766,53.459999084472656,49.078365325927734,20790000,2026-07-21 07:17:48.010655-03:00
YAHOO_FINANCE,VALE3.SA,2025-08-01,54.2400016784668,54.900001525878906,53.56999969482422,53.75,49.3445930480957,40510900,2026-07-21 07:17:48.010655-03:00
YAHOO_FINANCE,VALE3.SA,2025-08-04,54.38999938964844,54.400001525878906,53.810001373291016,54.18000030517578,49.73935317993164,16198100,2026-07-21 07:17:48.010655-03:00
YAHOO_FINANCE,VALE3.SA,2025-08-05,54.16999816894531,54.970001220703125,54.11000061035156,54.11000061035156,49.675086975097656,21037600,2026-07-21 07:17:48.010655-03:00
YAHOO_FINANCE,VALE3.SA,2025-08-06,54.5099983215332,54.61000061035156,53.72999954223633,53.77000045776367,49.36295700073242,17954300,2026-07-21 07:17:48.010655-03:00
YAHOO_FINANCE,VALE3.SA,2025-08-07,54.099998474121094,54.4900016784668,53.900001525878906,54.15999984741211,49.72098922729492,20298800,2026-07-21 07:17:48.010655-03:00
YAHOO_FINANCE,VALE3.SA,2025-08-08,54.20000076293945,55.70000076293945,54.189998626708984,55.38999938964844,50.85017776489258,24205600,2026-07-21 07:17:48.010655-03:00
YAHOO_FINANCE,VALE3.SA,2025-08-11,55.47999954223633,55.9900016784668,55.29999923706055,55.33000183105469,50.79509735107422,22304000,2026-07-21 07:17:48.010655-03:00
YAHOO_FINANCE,VALE3.SA,2025-08-12,55.95000076293945,56.16999816894531,55.70000076293945,55.90999984741211,51.32756042480469,25851300,2026-07-21 07:17:48.010655-03:00
YAHOO_FINANCE,VALE3.SA,2025-08-13,54.29999923706055,54.5,53.939998626708984,54.09000015258789,51.39919662475586,19720000,2026-07-21 07:17:48.010655-03:00
YAHOO_FINANCE,VALE3.SA,2025-08-14,53.54999923706055,53.61000061035156,53.08000183105469,53.41999816894531,50.76252365112305,42823200,2026-07-21 07:17:48.010655-03:00
YAHOO_FINANCE,VALE3.SA,2025-08-15,53.459999084472656,53.58000183105469,53.0,53.31999969482422,50.66749954223633,34201900,2026-07-21 07:17:48.010655-03:00
YAHOO_FINANCE,VALE3.SA,2025-08-18,53.099998474121094,53.709999084472656,53.029998779296875,53.20000076293945,50.553470611572266,12733400,2026-07-21 07:17:48.010655-03:00
YAHOO_FINANCE,VALE3.SA,2025-08-19,53.5099983215332,53.68000030517578,53.0,53.2400016784668,50.59148025512695,17724400,2026-07-21 07:17:48.010655-03:00
YAHOO_FINANCE,VALE3.SA,2025-08-20,52.900001525878906,53.27000045776367,52.86000061035156,53.0,50.36341857910156,9687300,2026-07-21 07:17:48.010655-03:00
YAHOO_FINANCE,VALE3.SA,2025-08-21,53.02000045776367,53.529998779296875,52.95000076293945,53.45000076293945,50.79103469848633,10813800,2026-07-21 07:17:48.010655-03:00
YAHOO_FINANCE,VALE3.SA,2025-08-22,53.43000030517578,54.88999938964844,53.310001373291016,54.790000915527344,52.06437301635742,20706700,2026-07-21 07:17:48.010655-03:00
YAHOO_FINANCE,VALE3.SA,2025-08-25,55.16999816894531,55.400001525878906,54.7400016784668,54.91999816894531,52.187904357910156,10397400,2026-07-21 07:17:48.010655-03:00
YAHOO_FINANCE,VALE3.SA,2025-08-26,54.81999969482422,55.40999984741211,54.68000030517578,55.40999984741211,52.65353012084961,18891500,2026-07-21 07:17:48.010655-03:00
YAHOO_FINANCE,VALE3.SA,2025-08-27,55.220001220703125,55.529998779296875,55.119998931884766,55.380001068115234,52.625022888183594,8789100,2026-07-21 07:17:48.010655-03:00
YAHOO_FINANCE,VALE3.SA,2025-08-28,56.0,56.189998626708984,55.33000183105469,55.400001525878906,52.64402770996094,22059500,2026-07-21 07:17:48.010655-03:00
YAHOO_FINANCE,VALE3.SA,2025-08-29,55.4900016784668,55.83000183105469,55.45000076293945,55.560001373291016,52.79607009887695,13885400,2026-07-21 07:17:48.010655-03:00
YAHOO_FINANCE,VALE3.SA,2025-09-01,55.13999938964844,55.599998474121094,54.810001373291016,55.599998474121094,52.834075927734375,7765400,2026-07-21 07:17:48.010655-03:00
YAHOO_FINANCE,VALE3.SA,2025-09-02,55.11000061035156,55.560001373291016,55.040000915527344,55.38999938964844,52.634525299072266,9578500,2026-07-21 07:17:48.010655-03:00
YAHOO_FINANCE,VALE3.SA,2025-09-03,55.38999938964844,55.81999969482422,55.2400016784668,55.599998474121094,52.834075927734375,11832100,2026-07-21 07:17:48.010655-03:00
YAHOO_FINANCE,VALE3.SA,2025-09-04,55.849998474121094,56.15999984741211,55.54999923706055,55.709999084472656,52.938602447509766,8442100,2026-07-21 07:17:48.010655-03:00
YAHOO_FINANCE,VALE3.SA,2025-09-05,56.20000076293945,56.66999816894531,56.02000045776367,56.220001220703125,53.42323684692383,14014700,2026-07-21 07:17:48.010655-03:00
YAHOO_FINANCE,VALE3.SA,2025-09-08,56.22999954223633,56.619998931884766,56.22999954223633,56.36000061035156,53.556270599365234,9701900,2026-07-21 07:17:48.010655-03:00
YAHOO_FINANCE,VALE3.SA,2025-09-09,56.7400016784668,57.52000045776367,56.04999923706055,56.189998626708984,53.39472579956055,24300300,2026-07-21 07:17:48.010655-03:00
YAHOO_FINANCE,VALE3.SA,2025-09-10,56.470001220703125,57.04999923706055,56.279998779296875,56.58000183105469,53.76532745361328,13463700,2026-07-21 07:17:48.010655-03:00
YAHOO_FINANCE,VALE3.SA,2025-09-11,56.45000076293945,57.27000045776367,56.310001373291016,57.02000045776367,54.18343734741211,14107200,2026-07-21 07:17:48.010655-03:00
YAHOO_FINANCE,VALE3.SA,2025-09-12,56.70000076293945,57.43000030517578,56.70000076293945,57.0,54.164432525634766,12303800,2026-07-21 07:17:48.010655-03:00
YAHOO_FINANCE,VALE3.SA,2025-09-15,57.47999954223633,57.54999923706055,56.97999954223633,57.5,54.639556884765625,12457500,2026-07-21 07:17:48.010655-03:00
YAHOO_FINANCE,VALE3.SA,2025-09-16,57.77000045776367,58.060001373291016,57.189998626708984,57.70000076293945,54.82960891723633,15618500,2026-07-21 07:17:48.010655-03:00
YAHOO_FINANCE,VALE3.SA,2025-09-17,57.540000915527344,58.02000045776367,57.36000061035156,57.79999923706055,54.92463302612305,23116700,2026-07-21 07:17:48.010655-03:00
YAHOO_FINANCE,VALE3.SA,2025-09-18,57.84000015258789,58.08000183105469,57.400001525878906,57.689998626708984,54.820106506347656,17700400,2026-07-21 07:17:48.010655-03:00
YAHOO_FINANCE,VALE3.SA,2025-09-19,57.970001220703125,58.189998626708984,57.54999923706055,57.91999816894531,55.03866195678711,25374600,2026-07-21 07:17:48.010655-03:00
YAHOO_FINANCE,VALE3.SA,2025-09-22,57.81999969482422,58.439998626708984,57.810001373291016,58.0,55.11468505859375,21947300,2026-07-21 07:17:48.010655-03:00
YAHOO_FINANCE,VALE3.SA,2025-09-23,58.0,58.38999938964844,57.65999984741211,57.66999816894531,54.80109786987305,17652400,2026-07-21 07:17:48.010655-03:00
YAHOO_FINANCE,VALE3.SA,2025-09-24,57.95000076293945,58.13999938964844,57.66999816894531,57.88999938964844,55.010154724121094,13005700,2026-07-21 07:17:48.010655-03:00
YAHOO_FINANCE,VALE3.SA,2025-09-25,58.189998626708984,58.54999923706055,58.040000915527344,58.209999084472656,55.31423568725586,13631100,2026-07-21 07:17:48.010655-03:00
YAHOO_FINANCE,VALE3.SA,2025-09-26,57.7400016784668,57.939998626708984,56.540000915527344,57.09000015258789,54.24995422363281,29037000,2026-07-21 07:17:48.010655-03:00
YAHOO_FINANCE,VALE3.SA,2025-09-29,57.5,57.75,57.130001068115234,57.279998779296875,54.43050003051758,15580200,2026-07-21 07:17:48.010655-03:00
YAHOO_FINANCE,VALE3.SA,2025-09-30,57.66999816894531,57.779998779296875,57.09000015258789,57.58000183105469,54.715579986572266,18280700,2026-07-21 07:17:48.010655-03:00
YAHOO_FINANCE,VALE3.SA,2025-10-01,57.7599983215332,58.66999816894531,57.7599983215332,58.310001373291016,55.409263610839844,18278300,2026-07-21 07:17:48.010655-03:00
YAHOO_FINANCE,VALE3.SA,2025-10-02,58.36000061035156,58.86000061035156,58.08000183105469,58.70000076293945,55.77986145019531,14824500,2026-07-21 07:17:48.010655-03:00
YAHOO_FINANCE,VALE3.SA,2025-10-03,58.70000076293945,59.119998931884766,58.5,58.59000015258789,55.67533493041992,19240200,2026-07-21 07:17:48.010655-03:00
YAHOO_FINANCE,VALE3.SA,2025-10-06,58.810001373291016,59.970001220703125,58.79999923706055,59.59000015258789,56.625587463378906,26102900,2026-07-21 07:17:48.010655-03:00
YAHOO_FINANCE,VALE3.SA,2025-10-07,59.5,59.619998931884766,58.75,58.75,55.82737350463867,26072300,2026-07-21 07:17:48.010655-03:00
YAHOO_FINANCE,VALE3.SA,2025-10-08,59.119998931884766,59.38999938964844,58.88999938964844,59.20000076293945,56.25498962402344,24609500,2026-07-21 07:17:48.010655-03:00
YAHOO_FINANCE,VALE3.SA,2025-10-09,59.86000061035156,60.380001068115234,59.11000061035156,59.11000061035156,56.16946792602539,18184600,2026-07-21 07:17:48.010655-03:00
YAHOO_FINANCE,VALE3.SA,2025-10-10,59.56999969482422,59.79999923706055,58.869998931884766,58.869998931884766,55.941402435302734,22970400,2026-07-21 07:17:48.010655-03:00
YAHOO_FINANCE,VALE3.SA,2025-10-13,59.66999816894531,60.060001373291016,59.54999923706055,59.75,56.77762985229492,23294500,2026-07-21 07:17:48.010655-03:00
YAHOO_FINANCE,VALE3.SA,2025-10-14,59.29999923706055,60.130001068115234,59.220001220703125,59.75,56.77762985229492,19329000,2026-07-21 07:17:48.010655-03:00
YAHOO_FINANCE,VALE3.SA,2025-10-15,59.4900016784668,60.97999954223633,59.459999084472656,60.86000061035156,57.8324089050293,45104600,2026-07-21 07:17:48.010655-03:00
YAHOO_FINANCE,VALE3.SA,2025-10-16,60.61000061035156,60.93000030517578,60.06999969482422,60.29999923706055,57.30026626586914,21358500,2026-07-21 07:17:48.010655-03:00
YAHOO_FINANCE,VALE3.SA,2025-10-17,59.900001525878906,60.29999923706055,59.79999923706055,60.130001068115234,57.13872528076172,17325300,2026-07-21 07:17:48.010655-03:00
YAHOO_FINANCE,VALE3.SA,2025-10-20,60.13999938964844,61.349998474121094,60.13999938964844,60.900001525878906,57.87042236328125,17798400,2026-07-21 07:17:48.010655-03:00
YAHOO_FINANCE,VALE3.SA,2025-10-21,60.650001525878906,61.04999923706055,60.56999969482422,60.79999923706055,57.775394439697266,13432700,2026-07-21 07:17:48.010655-03:00
YAHOO_FINANCE,VALE3.SA,2025-10-22,61.209999084472656,62.2400016784668,61.18000030517578,61.880001068115234,58.80167007446289,25267300,2026-07-21 07:17:48.010655-03:00
YAHOO_FINANCE,VALE3.SA,2025-10-23,62.220001220703125,62.540000915527344,61.66999816894531,61.7599983215332,58.6876335144043,11217700,2026-07-21 07:17:48.010655-03:00
YAHOO_FINANCE,VALE3.SA,2025-10-24,61.9900016784668,62.130001068115234,61.33000183105469,61.72999954223633,58.65913009643555,11127600,2026-07-21 07:17:48.010655-03:00
YAHOO_FINANCE,VALE3.SA,2025-10-27,62.060001373291016,62.15999984741211,61.400001525878906,61.65999984741211,58.592613220214844,12018100,2026-07-21 07:17:48.010655-03:00
YAHOO_FINANCE,VALE3.SA,2025-10-28,61.65999984741211,62.540000915527344,61.58000183105469,62.20000076293945,59.10574722290039,15797400,2026-07-21 07:17:48.010655-03:00
YAHOO_FINANCE,VALE3.SA,2025-10-29,62.81999969482422,63.689998626708984,62.709999084472656,63.33000183105469,60.179534912109375,30844900,2026-07-21 07:17:48.010655-03:00
YAHOO_FINANCE,VALE3.SA,2025-10-30,63.11000061035156,64.0,62.93000030517578,63.810001373291016,60.635658264160156,25586000,2026-07-21 07:17:48.010655-03:00
YAHOO_FINANCE,VALE3.SA,2025-10-31,64.27999877929688,65.55000305175781,63.869998931884766,65.26000213623047,62.013526916503906,38988400,2026-07-21 07:17:48.010655-03:00
YAHOO_FINANCE,VALE3.SA,2025-11-03,65.0999984741211,65.38999938964844,64.6500015258789,65.3499984741211,62.09904479980469,16985400,2026-07-21 07:17:48.010655-03:00
YAHOO_FINANCE,VALE3.SA,2025-11-04,64.8499984741211,65.01000213623047,64.02999877929688,64.62000274658203,61.405364990234375,22055700,2026-07-21 07:17:48.010655-03:00
YAHOO_FINANCE,VALE3.SA,2025-11-05,64.62000274658203,66.16999816894531,64.5,65.7300033569336,62.46014404296875,22505400,2026-07-21 07:17:48.010655-03:00
YAHOO_FINANCE,VALE3.SA,2025-11-06,65.76000213623047,66.05000305175781,65.26000213623047,65.5,62.24158477783203,15939100,2026-07-21 07:17:48.010655-03:00
YAHOO_FINANCE,VALE3.SA,2025-11-07,64.8499984741211,64.86000061035156,64.0199966430664,64.77999877929688,61.55739974975586,20800300,2026-07-21 07:17:48.010655-03:00
YAHOO_FINANCE,VALE3.SA,2025-11-10,65.05999755859375,65.54000091552734,64.91000366210938,65.20999908447266,61.96601104736328,12689400,2026-07-21 07:17:48.010655-03:00
YAHOO_FINANCE,VALE3.SA,2025-11-11,65.20999908447266,65.66000366210938,64.76000213623047,65.04000091552734,61.80447006225586,25496500,2026-07-21 07:17:48.010655-03:00
YAHOO_FINANCE,VALE3.SA,2025-11-12,65.26000213623047,65.94999694824219,65.26000213623047,65.76000213623047,62.488651275634766,26550300,2026-07-21 07:17:48.010655-03:00
YAHOO_FINANCE,VALE3.SA,2025-11-13,65.76000213623047,66.44999694824219,65.30999755859375,65.66999816894531,62.40312576293945,19058500,2026-07-21 07:17:48.010655-03:00
YAHOO_FINANCE,VALE3.SA,2025-11-14,64.8499984741211,65.54000091552734,64.61000061035156,65.2699966430664,62.02302169799805,16374400,2026-07-21 07:17:48.010655-03:00
YAHOO_FINANCE,VALE3.SA,2025-11-17,65.5999984741211,65.7699966430664,64.91000366210938,65.22000122070312,61.97551345825195,20150800,2026-07-21 07:17:48.010655-03:00
YAHOO_FINANCE,VALE3.SA,2025-11-18,64.44999694824219,65.29000091552734,64.30000305175781,65.0199966430664,61.785457611083984,22468700,2026-07-21 07:17:48.010655-03:00
YAHOO_FINANCE,VALE3.SA,2025-11-19,65.0199966430664,65.26000213623047,64.69999694824219,64.94999694824219,61.71894073486328,16523800,2026-07-21 07:17:48.010655-03:00
YAHOO_FINANCE,VALE3.SA,2025-11-21,64.55000305175781,65.2699966430664,64.12999725341797,65.16000366210938,61.91850280761719,20272600,2026-07-21 07:17:48.010655-03:00
YAHOO_FINANCE,VALE3.SA,2025-11-24,65.01000213623047,65.5199966430664,64.77999877929688,65.08999633789062,61.85197830200195,20462800,2026-07-21 07:17:48.010655-03:00
YAHOO_FINANCE,VALE3.SA,2025-11-25,65.16000366210938,65.91000366210938,65.16000366210938,65.5999984741211,62.33660888671875,18275300,2026-07-21 07:17:48.010655-03:00
YAHOO_FINANCE,VALE3.SA,2025-11-26,65.98999786376953,66.88999938964844,65.91999816894531,66.58000183105469,63.267860412597656,33408500,2026-07-21 07:17:48.010655-03:00
YAHOO_FINANCE,VALE3.SA,2025-11-27,66.5,66.6500015258789,66.13999938964844,66.33000183105469,63.030296325683594,9739100,2026-07-21 07:17:48.010655-03:00
YAHOO_FINANCE,VALE3.SA,2025-11-28,67.69999694824219,67.80999755859375,67.04000091552734,67.4000015258789,64.04706573486328,46007200,2026-07-21 07:17:48.010655-03:00
YAHOO_FINANCE,VALE3.SA,2025-12-01,67.80000305175781,68.12999725341797,67.5,67.91999816894531,64.54119110107422,15657000,2026-07-21 07:17:48.010655-03:00
YAHOO_FINANCE,VALE3.SA,2025-12-02,68.0999984741211,68.72000122070312,67.76000213623047,68.4800033569336,65.0733413696289,22567200,2026-07-21 07:17:48.010655-03:00
YAHOO_FINANCE,VALE3.SA,2025-12-03,68.86000061035156,71.0999984741211,68.81999969482422,70.69000244140625,67.17340087890625,42361200,2026-07-21 07:17:48.010655-03:00
YAHOO_FINANCE,VALE3.SA,2025-12-04,70.69999694824219,72.38999938964844,70.69000244140625,71.91999816894531,68.34220886230469,38019900,2026-07-21 07:17:48.010655-03:00
YAHOO_FINANCE,VALE3.SA,2025-12-05,71.95999908447266,72.33000183105469,69.91999816894531,70.22000122070312,66.7267837524414,40196800,2026-07-21 07:17:48.010655-03:00
YAHOO_FINANCE,VALE3.SA,2025-12-08,70.41999816894531,70.86000061035156,69.48999786376953,69.73999786376953,66.2706527709961,20860900,2026-07-21 07:17:48.010655-03:00
YAHOO_FINANCE,VALE3.SA,2025-12-09,69.0999984741211,70.43000030517578,68.9000015258789,69.77999877929688,66.30867004394531,23081300,2026-07-21 07:17:48.010655-03:00
YAHOO_FINANCE,VALE3.SA,2025-12-10,70.25,71.3499984741211,70.25,71.05999755859375,67.52498626708984,24454800,2026-07-21 07:17:48.010655-03:00
YAHOO_FINANCE,VALE3.SA,2025-12-11,70.73999786376953,72.37000274658203,70.47000122070312,72.0,68.41822814941406,25687700,2026-07-21 07:17:48.010655-03:00
YAHOO_FINANCE,VALE3.SA,2025-12-12,67.75,68.9800033569336,67.72000122070312,68.61000061035156,68.61000061035156,36483700,2026-07-21 07:17:48.010655-03:00
YAHOO_FINANCE,VALE3.SA,2025-12-15,68.6500015258789,69.38999938964844,68.5,69.02999877929688,69.02999877929688,16841700,2026-07-21 07:17:48.010655-03:00
YAHOO_FINANCE,VALE3.SA,2025-12-16,69.33000183105469,70.02999877929688,69.26000213623047,69.29000091552734,69.29000091552734,21953000,2026-07-21 07:17:48.010655-03:00
YAHOO_FINANCE,VALE3.SA,2025-12-17,69.63999938964844,70.7699966430664,69.44000244140625,70.16999816894531,70.16999816894531,29375000,2026-07-21 07:17:48.010655-03:00
YAHOO_FINANCE,VALE3.SA,2025-12-18,70.5999984741211,71.12000274658203,70.30999755859375,70.3499984741211,70.3499984741211,18430200,2026-07-21 07:17:48.010655-03:00
YAHOO_FINANCE,VALE3.SA,2025-12-19,70.5,70.93000030517578,70.37999725341797,70.8499984741211,70.8499984741211,37147100,2026-07-21 07:17:48.010655-03:00
YAHOO_FINANCE,VALE3.SA,2025-12-22,71.02999877929688,73.37000274658203,70.80999755859375,72.91999816894531,72.91999816894531,27853000,2026-07-21 07:17:48.010655-03:00
YAHOO_FINANCE,VALE3.SA,2025-12-23,73.2300033569336,73.52999877929688,72.58000183105469,72.9000015258789,72.9000015258789,17140900,2026-07-21 07:17:48.010655-03:00
YAHOO_FINANCE,VALE3.SA,2025-12-26,72.86000061035156,73.3499984741211,72.62000274658203,73.12000274658203,73.12000274658203,16368800,2026-07-21 07:17:48.010655-03:00
YAHOO_FINANCE,VALE3.SA,2025-12-29,73.19000244140625,73.73999786376953,71.69999694824219,72.12000274658203,72.12000274658203,19963700,2026-07-21 07:17:48.010655-03:00
YAHOO_FINANCE,VALE3.SA,2025-12-30,72.5,72.83999633789062,71.91000366210938,71.95999908447266,71.95999908447266,17085400,2026-07-21 07:17:48.010655-03:00
YAHOO_FINANCE,VALE3.SA,2026-01-02,72.33000183105469,72.55000305175781,71.6500015258789,72.37999725341797,72.37999725341797,28418900,2026-07-21 07:17:48.010655-03:00
YAHOO_FINANCE,VALE3.SA,2026-01-05,72.4000015258789,73.5,72.30000305175781,73.12000274658203,73.12000274658203,24958100,2026-07-21 07:17:48.010655-03:00
YAHOO_FINANCE,VALE3.SA,2026-01-06,73.44999694824219,75.98999786376953,72.87999725341797,75.87000274658203,75.87000274658203,39536600,2026-07-21 07:17:48.010655-03:00
YAHOO_FINANCE,VALE3.SA,2026-01-07,76.0999984741211,77.33999633789062,75.62000274658203,76.31999969482422,76.31999969482422,41501600,2026-07-21 07:17:48.010655-03:00
YAHOO_FINANCE,VALE3.SA,2026-01-08,75.80000305175781,75.80000305175781,74.19000244140625,75.58000183105469,75.58000183105469,31894900,2026-07-21 07:17:48.010655-03:00
YAHOO_FINANCE,VALE3.SA,2026-01-09,74.9000015258789,75.70999908447266,74.19999694824219,74.72000122070312,74.72000122070312,24801200,2026-07-21 07:17:48.010655-03:00
YAHOO_FINANCE,VALE3.SA,2026-01-12,75.0,75.47000122070312,74.51000213623047,74.73999786376953,74.73999786376953,13129800,2026-07-21 07:17:48.010655-03:00
YAHOO_FINANCE,VALE3.SA,2026-01-13,74.47000122070312,76.05000305175781,74.27999877929688,75.3499984741211,75.3499984741211,24539200,2026-07-21 07:17:48.010655-03:00
YAHOO_FINANCE,VALE3.SA,2026-01-14,75.83999633789062,79.08999633789062,75.63999938964844,78.91999816894531,78.91999816894531,44225300,2026-07-21 07:17:48.010655-03:00
YAHOO_FINANCE,VALE3.SA,2026-01-15,78.9000015258789,79.63999938964844,78.51000213623047,78.8499984741211,78.8499984741211,35503900,2026-07-21 07:17:48.010655-03:00
YAHOO_FINANCE,VALE3.SA,2026-01-16,78.38999938964844,78.87999725341797,77.56999969482422,78.87999725341797,78.87999725341797,45910100,2026-07-21 07:17:48.010655-03:00
YAHOO_FINANCE,VALE3.SA,2026-01-19,78.5199966430664,78.6500015258789,77.87000274658203,78.56999969482422,78.56999969482422,10678500,2026-07-21 07:17:48.010655-03:00
YAHOO_FINANCE,VALE3.SA,2026-01-20,77.83000183105469,80.20999908447266,77.41000366210938,80.08000183105469,80.08000183105469,31198500,2026-07-21 07:17:48.010655-03:00
YAHOO_FINANCE,VALE3.SA,2026-01-21,80.98999786376953,82.80000305175781,80.5,82.5,82.5,83134600,2026-07-21 07:17:48.010655-03:00
YAHOO_FINANCE,VALE3.SA,2026-01-22,82.5,84.4000015258789,82.08000183105469,82.9800033569336,82.9800033569336,62515300,2026-07-21 07:17:48.010655-03:00
YAHOO_FINANCE,VALE3.SA,2026-01-23,83.75,85.73999786376953,83.69000244140625,85.0199966430664,85.0199966430664,25432600,2026-07-21 07:17:48.010655-03:00
YAHOO_FINANCE,VALE3.SA,2026-01-26,85.55999755859375,86.13999938964844,82.18000030517578,83.06999969482422,83.06999969482422,35741300,2026-07-21 07:17:48.010655-03:00
YAHOO_FINANCE,VALE3.SA,2026-01-27,83.58999633789062,86.12999725341797,83.3499984741211,84.9000015258789,84.9000015258789,30922500,2026-07-21 07:17:48.010655-03:00
YAHOO_FINANCE,VALE3.SA,2026-01-28,85.29000091552734,87.48999786376953,85.0,86.97000122070312,86.97000122070312,28473800,2026-07-21 07:17:48.010655-03:00
YAHOO_FINANCE,VALE3.SA,2026-01-29,88.0,89.5,86.80999755859375,87.41000366210938,87.41000366210938,42013200,2026-07-21 07:17:48.010655-03:00
YAHOO_FINANCE,VALE3.SA,2026-01-30,85.66999816894531,87.9000015258789,84.0,84.31999969482422,84.31999969482422,41681400,2026-07-21 07:17:48.010655-03:00
YAHOO_FINANCE,VALE3.SA,2026-02-02,84.41999816894531,85.8499984741211,84.04000091552734,84.81999969482422,84.81999969482422,22289400,2026-07-21 07:17:48.010655-03:00
YAHOO_FINANCE,VALE3.SA,2026-02-03,86.41999816894531,89.0,86.41999816894531,88.98999786376953,88.98999786376953,37709700,2026-07-21 07:17:48.010655-03:00
YAHOO_FINANCE,VALE3.SA,2026-02-04,88.51000213623047,89.58999633789062,87.55000305175781,89.43000030517578,89.43000030517578,51744400,2026-07-21 07:17:48.010655-03:00
YAHOO_FINANCE,VALE3.SA,2026-02-05,87.98999786376953,88.93000030517578,86.23999786376953,86.44999694824219,86.44999694824219,57049000,2026-07-21 07:17:48.010655-03:00
YAHOO_FINANCE,VALE3.SA,2026-02-06,86.41000366210938,87.55999755859375,85.19999694824219,85.62999725341797,85.62999725341797,28889600,2026-07-21 07:17:48.010655-03:00
YAHOO_FINANCE,VALE3.SA,2026-02-09,86.6500015258789,87.68000030517578,84.62999725341797,87.30999755859375,87.30999755859375,26531100,2026-07-21 07:17:48.010655-03:00
YAHOO_FINANCE,VALE3.SA,2026-02-10,86.72000122070312,87.73999786376953,86.25,87.05000305175781,87.05000305175781,14177200,2026-07-21 07:17:48.010655-03:00
YAHOO_FINANCE,VALE3.SA,2026-02-11,88.6500015258789,90.31999969482422,88.4800033569336,90.08999633789062,90.08999633789062,28395300,2026-07-21 07:17:48.010655-03:00
YAHOO_FINANCE,VALE3.SA,2026-02-12,89.8499984741211,91.62000274658203,89.08000183105469,89.2300033569336,89.2300033569336,51472200,2026-07-21 07:17:48.010655-03:00
YAHOO_FINANCE,VALE3.SA,2026-02-13,87.56999969482422,88.13999938964844,86.0199966430664,87.02999877929688,87.02999877929688,28644800,2026-07-21 07:17:48.010655-03:00
YAHOO_FINANCE,VALE3.SA,2026-02-18,85.0999984741211,85.1500015258789,83.55999755859375,83.91999816894531,83.91999816894531,20898700,2026-07-21 07:17:48.010655-03:00
YAHOO_FINANCE,VALE3.SA,2026-02-19,83.02999877929688,84.3499984741211,82.33000183105469,83.45999908447266,83.45999908447266,28410900,2026-07-21 07:17:48.010655-03:00
YAHOO_FINANCE,VALE3.SA,2026-02-20,83.80000305175781,86.80999755859375,83.41999816894531,86.80999755859375,86.80999755859375,40577200,2026-07-21 07:17:48.010655-03:00
YAHOO_FINANCE,VALE3.SA,2026-02-23,86.80999755859375,88.31999969482422,86.41999816894531,87.38999938964844,87.38999938964844,21193900,2026-07-21 07:17:48.010655-03:00
YAHOO_FINANCE,VALE3.SA,2026-02-24,87.4000015258789,88.70999908447266,87.4000015258789,87.7300033569336,87.7300033569336,19760700,2026-07-21 07:17:48.010655-03:00
YAHOO_FINANCE,VALE3.SA,2026-02-25,89.02999877929688,90.33000183105469,88.51000213623047,89.97000122070312,89.97000122070312,28707500,2026-07-21 07:17:48.010655-03:00
YAHOO_FINANCE,VALE3.SA,2026-02-26,88.94000244140625,89.37999725341797,87.04000091552734,89.20999908447266,89.20999908447266,24503100,2026-07-21 07:17:48.010655-03:00
YAHOO_FINANCE,VALE3.SA,2026-02-27,89.13999938964844,89.5,88.26000213623047,88.47000122070312,88.47000122070312,17328300,2026-07-21 07:17:48.010655-03:00
YAHOO_FINANCE,VALE3.SA,2026-03-02,87.91999816894531,89.16000366210938,87.29000091552734,88.16000366210938,88.16000366210938,13952600,2026-07-21 07:17:48.010655-03:00
YAHOO_FINANCE,VALE3.SA,2026-03-03,85.25,85.30999755859375,82.55000305175781,84.4800033569336,84.4800033569336,36088800,2026-07-21 07:17:48.010655-03:00
YAHOO_FINANCE,VALE3.SA,2026-03-04,85.38999938964844,85.62999725341797,83.58000183105469,84.08999633789062,84.08999633789062,17605800,2026-07-21 07:17:48.010655-03:00
YAHOO_FINANCE,VALE3.SA,2026-03-05,84.12999725341797,84.30000305175781,80.55000305175781,81.29000091552734,81.29000091552734,37872100,2026-07-21 07:17:48.010655-03:00
YAHOO_FINANCE,VALE3.SA,2026-03-06,80.9000015258789,81.19999694824219,78.4000015258789,78.86000061035156,78.86000061035156,29504600,2026-07-21 07:17:48.010655-03:00
YAHOO_FINANCE,VALE3.SA,2026-03-09,77.72000122070312,80.0999984741211,76.55000305175781,79.26000213623047,79.26000213623047,30576600,2026-07-21 07:17:48.010655-03:00
YAHOO_FINANCE,VALE3.SA,2026-03-10,80.16000366210938,80.98999786376953,79.66999816894531,80.55999755859375,80.55999755859375,17172800,2026-07-21 07:17:48.010655-03:00
YAHOO_FINANCE,VALE3.SA,2026-03-11,79.79000091552734,80.94000244140625,78.80000305175781,79.8499984741211,79.8499984741211,20865000,2026-07-21 07:17:48.010655-03:00
YAHOO_FINANCE,VALE3.SA,2026-03-12,79.7699966430664,79.7699966430664,77.66000366210938,79.23999786376953,79.23999786376953,29136500,2026-07-21 07:17:48.010655-03:00
YAHOO_FINANCE,VALE3.SA,2026-03-13,79.30000305175781,80.48999786376953,78.0199966430664,78.30000305175781,78.30000305175781,14416400,2026-07-21 07:17:48.010655-03:00
YAHOO_FINANCE,VALE3.SA,2026-03-16,79.38999938964844,80.19999694824219,78.80999755859375,78.83999633789062,78.83999633789062,13591400,2026-07-21 07:17:48.010655-03:00
YAHOO_FINANCE,VALE3.SA,2026-03-17,79.0999984741211,79.70999908447266,78.62999725341797,78.95999908447266,78.95999908447266,14222300,2026-07-21 07:17:48.010655-03:00
YAHOO_FINANCE,VALE3.SA,2026-03-18,78.6500015258789,78.66999816894531,77.05000305175781,77.12999725341797,77.12999725341797,19412200,2026-07-21 07:17:48.010655-03:00
YAHOO_FINANCE,VALE3.SA,2026-03-19,74.16999816894531,76.70999908447266,74.05999755859375,76.62999725341797,76.62999725341797,27262900,2026-07-21 07:17:48.010655-03:00
YAHOO_FINANCE,VALE3.SA,2026-03-20,76.20999908447266,76.69999694824219,74.70999908447266,75.55000305175781,75.55000305175781,44208900,2026-07-21 07:17:48.010655-03:00
YAHOO_FINANCE,VALE3.SA,2026-03-23,76.55999755859375,78.41999816894531,75.97000122070312,77.48999786376953,77.48999786376953,23384500,2026-07-21 07:17:48.010655-03:00
YAHOO_FINANCE,VALE3.SA,2026-03-24,76.9800033569336,78.41000366210938,76.55999755859375,78.0999984741211,78.0999984741211,15700300,2026-07-21 07:17:48.010655-03:00
YAHOO_FINANCE,VALE3.SA,2026-03-25,79.19999694824219,80.25,79.0,79.55000305175781,79.55000305175781,18658300,2026-07-21 07:17:48.010655-03:00
YAHOO_FINANCE,VALE3.SA,2026-03-26,78.12999725341797,79.58999633789062,78.01000213623047,78.91000366210938,78.91000366210938,13518900,2026-07-21 07:17:48.010655-03:00
YAHOO_FINANCE,VALE3.SA,2026-03-27,78.47000122070312,79.91999816894531,78.16999816894531,79.0,79.0,11101700,2026-07-21 07:17:48.010655-03:00
YAHOO_FINANCE,VALE3.SA,2026-03-30,80.25,81.05999755859375,79.29000091552734,79.5,79.5,18776700,2026-07-21 07:17:48.010655-03:00
YAHOO_FINANCE,VALE3.SA,2026-03-31,80.73999786376953,82.73999786376953,80.58999633789062,82.4800033569336,82.4800033569336,24956400,2026-07-21 07:17:48.010655-03:00
YAHOO_FINANCE,VALE3.SA,2026-04-01,83.30999755859375,84.04000091552734,82.58000183105469,83.0,83.0,28514000,2026-07-21 07:17:48.010655-03:00
YAHOO_FINANCE,VALE3.SA,2026-04-02,81.51000213623047,83.7699966430664,81.36000061035156,83.55000305175781,83.55000305175781,14019800,2026-07-21 07:17:48.010655-03:00
YAHOO_FINANCE,VALE3.SA,2026-04-06,84.04000091552734,84.22000122070312,82.80000305175781,83.08999633789062,83.08999633789062,8680700,2026-07-21 07:17:48.010655-03:00
YAHOO_FINANCE,VALE3.SA,2026-04-07,83.05000305175781,83.69999694824219,82.5999984741211,83.69000244140625,83.69000244140625,15312500,2026-07-21 07:17:48.010655-03:00
YAHOO_FINANCE,VALE3.SA,2026-04-08,86.5,86.72000122070312,84.7300033569336,85.58999633789062,85.58999633789062,24942400,2026-07-21 07:17:48.010655-03:00
YAHOO_FINANCE,VALE3.SA,2026-04-09,85.36000061035156,85.54000091552734,84.26000213623047,84.69000244140625,84.69000244140625,17973100,2026-07-21 07:17:48.010655-03:00
YAHOO_FINANCE,VALE3.SA,2026-04-10,85.0,86.38999938964844,84.58000183105469,85.58999633789062,85.58999633789062,24002400,2026-07-21 07:17:48.010655-03:00
YAHOO_FINANCE,VALE3.SA,2026-04-13,85.11000061035156,87.36000061035156,84.91999816894531,87.36000061035156,87.36000061035156,24661900,2026-07-21 07:17:48.010655-03:00
YAHOO_FINANCE,VALE3.SA,2026-04-14,87.5,88.54000091552734,87.18000030517578,88.30000305175781,88.30000305175781,18528400,2026-07-21 07:17:48.010655-03:00
YAHOO_FINANCE,VALE3.SA,2026-04-15,88.1500015258789,89.08000183105469,87.88999938964844,88.44000244140625,88.44000244140625,24527300,2026-07-21 07:17:48.010655-03:00
YAHOO_FINANCE,VALE3.SA,2026-04-16,88.88999938964844,89.38999938964844,87.0999984741211,87.44000244140625,87.44000244140625,13618900,2026-07-21 07:17:48.010655-03:00
YAHOO_FINANCE,VALE3.SA,2026-04-17,88.19999694824219,89.75,87.80000305175781,89.75,89.75,30119000,2026-07-21 07:17:48.010655-03:00
YAHOO_FINANCE,VALE3.SA,2026-04-20,88.80000305175781,89.44000244140625,88.02999877929688,88.7300033569336,88.7300033569336,16067700,2026-07-21 07:17:48.010655-03:00
YAHOO_FINANCE,VALE3.SA,2026-04-22,87.94999694824219,88.7300033569336,87.22000122070312,87.22000122070312,87.22000122070312,13222100,2026-07-21 07:17:48.010655-03:00
YAHOO_FINANCE,VALE3.SA,2026-04-23,86.63999938964844,87.16999816894531,85.70999908447266,85.97000122070312,85.97000122070312,12637500,2026-07-21 07:17:48.010655-03:00
YAHOO_FINANCE,VALE3.SA,2026-04-24,85.97000122070312,86.98999786376953,85.75,85.87000274658203,85.87000274658203,11436400,2026-07-21 07:17:48.010655-03:00
YAHOO_FINANCE,VALE3.SA,2026-04-27,86.1500015258789,86.30000305175781,84.88999938964844,85.5,85.5,8656600,2026-07-21 07:17:48.010655-03:00
YAHOO_FINANCE,VALE3.SA,2026-04-28,84.69999694824219,85.30000305175781,84.05000305175781,84.38999938964844,84.38999938964844,13687500,2026-07-21 07:17:48.010655-03:00
YAHOO_FINANCE,VALE3.SA,2026-04-29,82.80000305175781,82.91000366210938,79.25,79.44000244140625,79.44000244140625,43296200,2026-07-21 07:17:48.010655-03:00
YAHOO_FINANCE,VALE3.SA,2026-04-30,81.02999877929688,81.69999694824219,80.20999908447266,81.18000030517578,81.18000030517578,17593900,2026-07-21 07:17:48.010655-03:00
YAHOO_FINANCE,VALE3.SA,2026-05-04,81.18000030517578,81.36000061035156,78.6500015258789,78.66000366210938,78.66000366210938,18555600,2026-07-21 07:17:48.010655-03:00
YAHOO_FINANCE,VALE3.SA,2026-05-05,79.41999816894531,79.41999816894531,77.97000122070312,78.38999938964844,78.38999938964844,16295600,2026-07-21 07:17:48.010655-03:00
YAHOO_FINANCE,VALE3.SA,2026-05-06,80.3499984741211,81.63999938964844,80.0999984741211,81.2300033569336,81.2300033569336,17424200,2026-07-21 07:17:48.010655-03:00
YAHOO_FINANCE,VALE3.SA,2026-05-07,81.29000091552734,81.66999816894531,79.5999984741211,80.06999969482422,80.06999969482422,18912100,2026-07-21 07:17:48.010655-03:00
YAHOO_FINANCE,VALE3.SA,2026-05-08,80.56999969482422,81.79000091552734,80.36000061035156,80.80000305175781,80.80000305175781,16782600,2026-07-21 07:17:48.010655-03:00
YAHOO_FINANCE,VALE3.SA,2026-05-11,81.38999938964844,83.93000030517578,81.19000244140625,83.44999694824219,83.44999694824219,24868900,2026-07-21 07:17:48.010655-03:00
YAHOO_FINANCE,VALE3.SA,2026-05-12,83.1500015258789,83.98999786376953,81.73999786376953,83.25,83.25,16503000,2026-07-21 07:17:48.010655-03:00
YAHOO_FINANCE,VALE3.SA,2026-05-13,83.48999786376953,85.05000305175781,83.01000213623047,84.30000305175781,84.30000305175781,31641800,2026-07-21 07:17:48.010655-03:00
YAHOO_FINANCE,VALE3.SA,2026-05-14,85.0,85.41000366210938,82.62999725341797,82.87000274658203,82.87000274658203,31954300,2026-07-21 07:17:48.010655-03:00
YAHOO_FINANCE,VALE3.SA,2026-05-15,80.6500015258789,83.5,80.23999786376953,83.5,83.5,36318900,2026-07-21 07:17:48.010655-03:00
YAHOO_FINANCE,VALE3.SA,2026-05-18,83.0,83.5999984741211,81.05999755859375,81.83000183105469,81.83000183105469,22668800,2026-07-21 07:17:48.010655-03:00
YAHOO_FINANCE,VALE3.SA,2026-05-19,80.80000305175781,81.27999877929688,80.16999816894531,81.0199966430664,81.0199966430664,20334400,2026-07-21 07:17:48.010655-03:00
YAHOO_FINANCE,VALE3.SA,2026-05-20,81.44999694824219,82.20999908447266,80.8499984741211,82.0,82.0,15669300,2026-07-21 07:17:48.010655-03:00
YAHOO_FINANCE,VALE3.SA,2026-05-21,81.36000061035156,82.87999725341797,81.22000122070312,82.62999725341797,82.62999725341797,15156600,2026-07-21 07:17:48.010655-03:00
YAHOO_FINANCE,VALE3.SA,2026-05-22,82.33000183105469,83.13999938964844,81.8499984741211,83.0999984741211,83.0999984741211,11443900,2026-07-21 07:17:48.010655-03:00
YAHOO_FINANCE,VALE3.SA,2026-05-25,82.83999633789062,83.58999633789062,82.44999694824219,83.58999633789062,83.58999633789062,7059500,2026-07-21 07:17:48.010655-03:00
YAHOO_FINANCE,VALE3.SA,2026-05-26,83.2300033569336,84.12000274658203,82.30000305175781,83.06999969482422,83.06999969482422,10409000,2026-07-21 07:17:48.010655-03:00
YAHOO_FINANCE,VALE3.SA,2026-05-27,83.68000030517578,83.94000244140625,82.51000213623047,83.44999694824219,83.44999694824219,10613200,2026-07-21 07:17:48.010655-03:00
YAHOO_FINANCE,VALE3.SA,2026-05-28,83.1500015258789,84.05000305175781,82.23999786376953,83.95999908447266,83.95999908447266,12798900,2026-07-21 07:17:48.010655-03:00
YAHOO_FINANCE,VALE3.SA,2026-05-29,84.01000213623047,84.27999877929688,82.37999725341797,82.81999969482422,82.81999969482422,20839400,2026-07-21 07:17:48.010655-03:00
YAHOO_FINANCE,VALE3.SA,2026-06-01,82.12999725341797,82.25,80.58000183105469,81.69999694824219,81.69999694824219,16605900,2026-07-21 07:17:48.010655-03:00
YAHOO_FINANCE,VALE3.SA,2026-06-02,82.22000122070312,85.08000183105469,82.04000091552734,85.0,85.0,18457400,2026-07-21 07:17:48.010655-03:00
YAHOO_FINANCE,VALE3.SA,2026-06-03,83.61000061035156,83.79000091552734,81.79000091552734,81.79000091552734,81.79000091552734,19308800,2026-07-21 07:17:48.010655-03:00
YAHOO_FINANCE,VALE3.SA,2026-06-05,80.79000091552734,80.79000091552734,78.33000183105469,78.69999694824219,78.69999694824219,23008500,2026-07-21 07:17:48.010655-03:00
YAHOO_FINANCE,VALE3.SA,2026-06-08,78.91999816894531,79.27999877929688,77.31999969482422,78.06999969482422,78.06999969482422,15671500,2026-07-21 07:17:48.010655-03:00
YAHOO_FINANCE,VALE3.SA,2026-06-09,78.79000091552734,78.79000091552734,76.83000183105469,78.5,78.5,17523500,2026-07-21 07:17:48.010655-03:00
YAHOO_FINANCE,VALE3.SA,2026-06-10,77.91999816894531,78.1500015258789,77.19999694824219,77.69999694824219,77.69999694824219,12469100,2026-07-21 07:17:48.010655-03:00
YAHOO_FINANCE,VALE3.SA,2026-06-11,78.12000274658203,79.05000305175781,77.0999984741211,78.80000305175781,78.80000305175781,17725500,2026-07-21 07:17:48.010655-03:00
YAHOO_FINANCE,VALE3.SA,2026-06-12,78.66000366210938,79.80000305175781,78.12999725341797,79.16999816894531,79.16999816894531,12112600,2026-07-21 07:17:48.010655-03:00
YAHOO_FINANCE,VALE3.SA,2026-06-15,80.77999877929688,82.73999786376953,80.6500015258789,81.16000366210938,81.16000366210938,22329400,2026-07-21 07:17:48.010655-03:00
YAHOO_FINANCE,VALE3.SA,2026-06-16,80.73999786376953,82.19000244140625,80.5999984741211,81.44000244140625,81.44000244140625,19713900,2026-07-21 07:17:48.010655-03:00
YAHOO_FINANCE,VALE3.SA,2026-06-17,80.3499984741211,81.33999633789062,79.26000213623047,79.77999877929688,79.77999877929688,20268200,2026-07-21 07:17:48.010655-03:00
YAHOO_FINANCE,VALE3.SA,2026-06-18,79.5,80.37999725341797,78.87999725341797,79.94000244140625,79.94000244140625,19651900,2026-07-21 07:17:48.010655-03:00
YAHOO_FINANCE,VALE3.SA,2026-06-19,79.68000030517578,81.06999969482422,79.5,80.75,80.75,26305900,2026-07-21 07:17:48.010655-03:00
YAHOO_FINANCE,VALE3.SA,2026-06-22,80.55000305175781,81.58000183105469,80.11000061035156,80.91000366210938,80.91000366210938,18089300,2026-07-21 07:17:48.010655-03:00
YAHOO_FINANCE,VALE3.SA,2026-06-23,79.47000122070312,79.9800033569336,78.81999969482422,79.37999725341797,79.37999725341797,18415100,2026-07-21 07:17:48.010655-03:00
YAHOO_FINANCE,VALE3.SA,2026-06-24,78.55999755859375,78.86000061035156,77.16000366210938,77.7300033569336,77.7300033569336,22558900,2026-07-21 07:17:48.010655-03:00
YAHOO_FINANCE,VALE3.SA,2026-06-25,78.19999694824219,79.22000122070312,77.41999816894531,78.66000366210938,78.66000366210938,13882800,2026-07-21 07:17:48.010655-03:00
YAHOO_FINANCE,VALE3.SA,2026-06-26,78.18000030517578,78.87999725341797,77.91000366210938,78.1500015258789,78.1500015258789,25251100,2026-07-21 07:17:48.010655-03:00
YAHOO_FINANCE,VALE3.SA,2026-06-29,78.3499984741211,78.55999755859375,77.1500015258789,78.12999725341797,78.12999725341797,11791900,2026-07-21 07:17:48.010655-03:00
YAHOO_FINANCE,VALE3.SA,2026-06-30,78.0999984741211,78.29000091552734,77.25,77.87999725341797,77.87999725341797,11289500,2026-07-21 07:17:48.010655-03:00
YAHOO_FINANCE,VALE3.SA,2026-07-01,77.08999633789062,78.91999816894531,77.04000091552734,77.97000122070312,77.97000122070312,15414700,2026-07-21 07:17:48.010655-03:00
YAHOO_FINANCE,VALE3.SA,2026-07-02,78.5999984741211,79.31999969482422,77.72000122070312,78.23999786376953,78.23999786376953,17199300,2026-07-21 07:17:48.010655-03:00
YAHOO_FINANCE,VALE3.SA,2026-07-03,78.43000030517578,79.04000091552734,78.01000213623047,78.83999633789062,78.83999633789062,7793500,2026-07-21 07:17:48.010655-03:00
YAHOO_FINANCE,VALE3.SA,2026-07-06,78.29000091552734,78.77999877929688,77.5,77.79000091552734,77.79000091552734,12389100,2026-07-21 07:17:48.010655-03:00
YAHOO_FINANCE,VALE3.SA,2026-07-07,77.5999984741211,77.5999984741211,75.79000091552734,76.19999694824219,76.19999694824219,16866100,2026-07-21 07:17:48.010655-03:00
YAHOO_FINANCE,VALE3.SA,2026-07-08,75.22000122070312,75.22000122070312,72.3499984741211,72.69999694824219,72.69999694824219,29276700,2026-07-21 07:17:48.010655-03:00
YAHOO_FINANCE,VALE3.SA,2026-07-09,73.41000366210938,73.48999786376953,71.93000030517578,73.1500015258789,73.1500015258789,18980500,2026-07-21 07:17:48.010655-03:00
YAHOO_FINANCE,VALE3.SA,2026-07-10,74.0,74.66000366210938,73.12000274658203,74.18000030517578,74.18000030517578,22142400,2026-07-21 07:17:48.010655-03:00
YAHOO_FINANCE,VALE3.SA,2026-07-13,74.18000030517578,74.18000030517578,72.44999694824219,72.8499984741211,72.8499984741211,16237900,2026-07-21 07:17:48.010655-03:00
YAHOO_FINANCE,VALE3.SA,2026-07-14,73.41999816894531,74.69000244140625,73.18000030517578,74.01000213623047,74.01000213623047,14780100,2026-07-21 07:17:48.010655-03:00
YAHOO_FINANCE,VALE3.SA,2026-07-15,73.98999786376953,75.0,73.80000305175781,74.51000213623047,74.51000213623047,15456000,2026-07-21 07:17:48.010655-03:00
YAHOO_FINANCE,VALE3.SA,2026-07-16,73.8499984741211,74.08000183105469,72.54000091552734,72.9800033569336,72.9800033569336,12989700,2026-07-21 07:17:48.010655-03:00
YAHOO_FINANCE,VALE3.SA,2026-07-17,72.9800033569336,73.12000274658203,72.0999984741211,72.94000244140625,72.94000244140625,13491600,2026-07-21 07:17:48.010655-03:00
YAHOO_FINANCE,VALE3.SA,2026-07-20,73.0,73.25,71.70999908447266,71.93000030517578,71.93000030517578,13137000,2026-07-21 07:17:48.010655-03:00
YAHOO_FINANCE,ITUB4.SA,2024-01-02,29.9117374420166,29.9117374420166,29.33803939819336,29.585172653198242,23.81147575378418,21468310,2026-07-21 07:17:48.848178-03:00
YAHOO_FINANCE,ITUB4.SA,2024-01-03,29.576345443725586,29.805824279785156,29.258604049682617,29.258604049682617,23.548635482788086,20995509,2026-07-21 07:17:48.848178-03:00
YAHOO_FINANCE,ITUB4.SA,2024-01-04,29.258604049682617,29.329214096069336,28.86142921447754,29.064430236816406,23.392356872558594,30121031,2026-07-21 07:17:48.848178-03:00
YAHOO_FINANCE,ITUB4.SA,2024-01-05,29.046777725219727,29.744041442871094,29.020299911499023,29.744041442871094,23.939334869384766,31414011,2026-07-21 07:17:48.848178-03:00
YAHOO_FINANCE,ITUB4.SA,2024-01-08,29.585172653198242,29.71756362915039,29.382171630859375,29.426300048828125,23.683603286743164,13381523,2026-07-21 07:17:48.848178-03:00
YAHOO_FINANCE,ITUB4.SA,2024-01-09,29.302736282348633,29.514562606811523,28.94086456298828,29.408649444580078,23.669401168823242,21458906,2026-07-21 07:17:48.848178-03:00
YAHOO_FINANCE,ITUB4.SA,2024-01-10,29.311561584472656,29.60282325744629,29.293909072875977,29.382171630859375,23.648086547851562,11422452,2026-07-21 07:17:48.848178-03:00
YAHOO_FINANCE,ITUB4.SA,2024-01-11,29.311561584472656,29.63812828063965,29.24095344543457,29.43512725830078,23.690710067749023,23114559,2026-07-21 07:17:48.848178-03:00
YAHOO_FINANCE,ITUB4.SA,2024-01-12,29.35569190979004,29.549867630004883,29.09090805053711,29.47043228149414,23.719120025634766,27608377,2026-07-21 07:17:48.848178-03:00
YAHOO_FINANCE,ITUB4.SA,2024-01-15,29.45277976989746,29.629301071166992,29.285083770751953,29.52338981628418,23.761741638183594,11169567,2026-07-21 07:17:48.848178-03:00
YAHOO_FINANCE,ITUB4.SA,2024-01-16,29.302736282348633,29.629301071166992,29.082082748413086,29.10856056213379,23.427871704101562,40226258,2026-07-21 07:17:48.848178-03:00
YAHOO_FINANCE,ITUB4.SA,2024-01-17,29.037952423095703,29.267431259155273,28.97616958618164,29.12621307373047,23.442079544067383,30594852,2026-07-21 07:17:48.848178-03:00
YAHOO_FINANCE,ITUB4.SA,2024-01-18,29.302736282348633,29.302736282348633,28.8967342376709,29.002647399902344,23.342628479003906,25613957,2026-07-21 07:17:48.848178-03:00
YAHOO_FINANCE,ITUB4.SA,2024-01-19,29.082082748413086,29.161518096923828,28.870254516601562,29.07325553894043,23.399459838867188,36066109,2026-07-21 07:17:48.848178-03:00
YAHOO_FINANCE,ITUB4.SA,2024-01-22,29.082082748413086,29.276256561279297,28.217121124267578,28.59664535522461,23.015865325927734,41153165,2026-07-21 07:17:48.848178-03:00
YAHOO_FINANCE,ITUB4.SA,2024-01-23,28.755516052246094,28.79081916809082,28.393644332885742,28.729036331176758,23.12241554260254,24343524,2026-07-21 07:17:48.848178-03:00
YAHOO_FINANCE,ITUB4.SA,2024-01-24,28.870254516601562,29.18799591064453,28.517210006713867,28.59664535522461,23.015865325927734,26632184,2026-07-21 07:17:48.848178-03:00
YAHOO_FINANCE,ITUB4.SA,2024-01-25,28.755516052246094,28.834951400756836,28.46425437927246,28.534862518310547,22.96613311767578,17399934,2026-07-21 07:17:48.848178-03:00
YAHOO_FINANCE,ITUB4.SA,2024-01-26,28.57899284362793,29.046777725219727,28.552515029907227,28.95851707458496,23.307109832763672,16393377,2026-07-21 07:17:48.848178-03:00
YAHOO_FINANCE,ITUB4.SA,2024-01-29,28.870254516601562,29.020299911499023,28.640775680541992,28.808473587036133,23.186349868774414,9956124,2026-07-21 07:17:48.848178-03:00
YAHOO_FINANCE,ITUB4.SA,2024-01-30,28.74669075012207,28.8967342376709,28.534862518310547,28.623123168945312,23.03717041015625,23823364,2026-07-21 07:17:48.848178-03:00
YAHOO_FINANCE,ITUB4.SA,2024-01-31,28.667255401611328,29.4174747467041,28.658428192138672,28.932037353515625,23.285795211791992,27023862,2026-07-21 07:17:48.848178-03:00
YAHOO_FINANCE,ITUB4.SA,2024-02-01,28.932037353515625,29.179170608520508,28.455427169799805,28.852603912353516,23.2343807220459,26301462,2026-07-21 07:17:48.848178-03:00
YAHOO_FINANCE,ITUB4.SA,2024-02-02,28.905559539794922,29.029125213623047,28.411296844482422,28.8967342376709,23.269912719726562,25338865,2026-07-21 07:17:48.848178-03:00
YAHOO_FINANCE,ITUB4.SA,2024-02-05,29.020299911499023,29.45277976989746,28.949691772460938,29.443954467773438,23.710582733154297,21139400,2026-07-21 07:17:48.848178-03:00
YAHOO_FINANCE,ITUB4.SA,2024-02-06,29.62047576904297,30.77669906616211,29.37334442138672,30.706090927124023,24.726953506469727,76215210,2026-07-21 07:17:48.848178-03:00
YAHOO_FINANCE,ITUB4.SA,2024-02-07,30.450132369995117,30.77669906616211,30.097087860107422,30.485435485839844,24.549257278442383,53422083,2026-07-21 07:17:48.848178-03:00
YAHOO_FINANCE,ITUB4.SA,2024-02-08,30.388349533081055,30.750219345092773,29.8852596282959,29.8852596282959,24.065954208374023,55241227,2026-07-21 07:17:48.848178-03:00
YAHOO_FINANCE,ITUB4.SA,2024-02-09,29.902912139892578,30.370697021484375,29.779346466064453,30.26478385925293,24.371572494506836,30560069,2026-07-21 07:17:48.848178-03:00
YAHOO_FINANCE,ITUB4.SA,2024-02-14,30.185348510742188,30.397174835205078,30.11473846435547,30.26478385925293,24.371572494506836,14313415,2026-07-21 07:17:48.848178-03:00
YAHOO_FINANCE,ITUB4.SA,2024-02-15,30.34421730041504,30.56487274169922,30.13239097595215,30.520740509033203,24.577688217163086,32298657,2026-07-21 07:17:48.848178-03:00
YAHOO_FINANCE,ITUB4.SA,2024-02-16,30.60900115966797,30.706090927124023,30.255956649780273,30.485435485839844,24.549257278442383,25879532,2026-07-21 07:17:48.848178-03:00
YAHOO_FINANCE,ITUB4.SA,2024-02-19,30.520740509033203,30.838481903076172,30.4942626953125,30.820829391479492,24.81934928894043,32035461,2026-07-21 07:17:48.848178-03:00
YAHOO_FINANCE,ITUB4.SA,2024-02-20,30.79435157775879,31.72991943359375,30.79435157775879,31.491615295410156,25.359512329101562,62343778,2026-07-21 07:17:48.848178-03:00
YAHOO_FINANCE,ITUB4.SA,2024-02-21,31.46513557434082,31.624006271362305,31.315092086791992,31.315092086791992,25.217361450195312,32185244,2026-07-21 07:17:48.848178-03:00
YAHOO_FINANCE,ITUB4.SA,2024-02-22,30.62665367126465,30.653133392333984,30.150043487548828,30.150043487548828,25.074323654174805,24314973,2026-07-21 07:17:48.848178-03:00
YAHOO_FINANCE,ITUB4.SA,2024-02-23,30.185348510742188,30.34421730041504,29.894086837768555,30.238304138183594,25.147727966308594,25725331,2026-07-21 07:17:48.848178-03:00
YAHOO_FINANCE,ITUB4.SA,2024-02-26,30.26478385925293,30.397174835205078,30.150043487548828,30.326566696166992,25.221120834350586,15356342,2026-07-21 07:17:48.848178-03:00
YAHOO_FINANCE,ITUB4.SA,2024-02-27,30.556045532226562,30.75904655456543,30.36187171936035,30.697263717651367,25.529417037963867,17802262,2026-07-21 07:17:48.848178-03:00
YAHOO_FINANCE,ITUB4.SA,2024-02-28,30.62665367126465,30.79435157775879,30.414827346801758,30.714916229248047,25.544097900390625,15121697,2026-07-21 07:17:48.848178-03:00
YAHOO_FINANCE,ITUB4.SA,2024-02-29,30.600175857543945,30.670785903930664,29.779346466064453,29.955869674682617,24.912837982177734,48078175,2026-07-21 07:17:48.848178-03:00
YAHOO_FINANCE,ITUB4.SA,2024-03-01,30.11473846435547,30.24713134765625,29.92938995361328,30.070608139038086,25.021272659301758,16520612,2026-07-21 07:17:48.848178-03:00
YAHOO_FINANCE,ITUB4.SA,2024-03-04,30.079435348510742,30.185348510742188,29.841129302978516,29.841129302978516,24.83032989501953,17674233,2026-07-21 07:17:48.848178-03:00
YAHOO_FINANCE,ITUB4.SA,2024-03-05,29.938217163085938,30.044130325317383,29.655780792236328,29.814651489257812,24.808290481567383,20542423,2026-07-21 07:17:48.848178-03:00
YAHOO_FINANCE,ITUB4.SA,2024-03-06,29.973520278930664,30.26478385925293,29.796998977661133,30.141218185424805,25.08002471923828,36605983,2026-07-21 07:17:48.848178-03:00
YAHOO_FINANCE,ITUB4.SA,2024-03-07,30.052955627441406,30.308914184570312,29.56751823425293,29.823476791381836,24.81563949584961,18729056,2026-07-21 07:17:48.848178-03:00
YAHOO_FINANCE,ITUB4.SA,2024-03-08,29.726390838623047,30.238304138183594,29.69991111755371,30.097087860107422,25.043306350708008,19630131,2026-07-21 07:17:48.848178-03:00
YAHOO_FINANCE,ITUB4.SA,2024-03-11,30.01765251159668,30.24713134765625,30.0,30.24713134765625,25.16815757751465,22865412,2026-07-21 07:17:48.848178-03:00
YAHOO_FINANCE,ITUB4.SA,2024-03-12,30.414827346801758,30.547218322753906,30.123565673828125,30.370697021484375,25.270973205566406,24434504,2026-07-21 07:17:48.848178-03:00
YAHOO_FINANCE,ITUB4.SA,2024-03-13,30.28243637084961,30.820829391479492,30.185348510742188,30.670785903930664,25.52066993713379,30214957,2026-07-21 07:17:48.848178-03:00
YAHOO_FINANCE,ITUB4.SA,2024-03-14,30.714916229248047,30.829654693603516,30.4942626953125,30.653133392333984,25.505983352661133,32383745,2026-07-21 07:17:48.848178-03:00
YAHOO_FINANCE,ITUB4.SA,2024-03-15,30.77669906616211,30.803176879882812,30.36187171936035,30.485435485839844,25.36644172668457,42577460,2026-07-21 07:17:48.848178-03:00
YAHOO_FINANCE,ITUB4.SA,2024-03-18,30.600175857543945,30.847307205200195,30.34421730041504,30.60900115966797,25.469261169433594,14672010,2026-07-21 07:17:48.848178-03:00
YAHOO_FINANCE,ITUB4.SA,2024-03-19,30.679611206054688,30.75904655456543,30.573698043823242,30.653133392333984,25.505983352661133,11934228,2026-07-21 07:17:48.848178-03:00
YAHOO_FINANCE,ITUB4.SA,2024-03-20,30.653133392333984,30.891437530517578,30.503089904785156,30.714916229248047,25.557390213012695,19759180,2026-07-21 07:17:48.848178-03:00
YAHOO_FINANCE,ITUB4.SA,2024-03-21,30.714916229248047,30.829654693603516,30.24713134765625,30.397174835205078,25.292999267578125,38034356,2026-07-21 07:17:48.848178-03:00
YAHOO_FINANCE,ITUB4.SA,2024-03-22,30.097087860107422,30.185348510742188,29.66460609436035,29.761693954467773,24.93932342529297,13144839,2026-07-21 07:17:48.848178-03:00
YAHOO_FINANCE,ITUB4.SA,2024-03-25,29.691085815429688,29.779346466064453,29.611650466918945,29.761693954467773,24.93932342529297,13844693,2026-07-21 07:17:48.848178-03:00
YAHOO_FINANCE,ITUB4.SA,2024-03-26,29.726390838623047,30.353044509887695,29.63812828063965,30.353044509887695,25.434852600097656,19262812,2026-07-21 07:17:48.848178-03:00
YAHOO_FINANCE,ITUB4.SA,2024-03-27,30.273609161376953,30.60900115966797,30.141218185424805,30.520740509033203,25.575380325317383,19398772,2026-07-21 07:17:48.848178-03:00
YAHOO_FINANCE,ITUB4.SA,2024-03-28,30.51191520690918,30.706090927124023,30.353044509887695,30.573698043823242,25.6197566986084,18913508,2026-07-21 07:17:48.848178-03:00
YAHOO_FINANCE,ITUB4.SA,2024-04-01,30.520740509033203,30.706090927124023,29.505735397338867,29.514562606811523,24.744842529296875,35605204,2026-07-21 07:17:48.848178-03:00
YAHOO_FINANCE,ITUB4.SA,2024-04-02,29.52338981628418,29.62047576904297,29.249778747558594,29.549867630004883,24.774446487426758,20491664,2026-07-21 07:17:48.848178-03:00
YAHOO_FINANCE,ITUB4.SA,2024-04-03,29.514562606811523,29.63812828063965,29.135038375854492,29.329214096069336,24.589447021484375,33775409,2026-07-21 07:17:48.848178-03:00
YAHOO_FINANCE,ITUB4.SA,2024-04-04,29.45277976989746,29.73521614074707,28.781993865966797,28.94086456298828,24.263856887817383,54117291,2026-07-21 07:17:48.848178-03:00
YAHOO_FINANCE,ITUB4.SA,2024-04-05,28.949691772460938,29.117387771606445,28.71138572692871,28.887908935546875,24.219463348388672,28261098,2026-07-21 07:17:48.848178-03:00
YAHOO_FINANCE,ITUB4.SA,2024-04-08,29.09090805053711,29.593997955322266,29.029125213623047,29.320388793945312,24.582050323486328,19296916,2026-07-21 07:17:48.848178-03:00
YAHOO_FINANCE,ITUB4.SA,2024-04-09,29.461605072021484,29.68225860595703,29.37334442138672,29.629301071166992,24.841039657592773,20178616,2026-07-21 07:17:48.848178-03:00
YAHOO_FINANCE,ITUB4.SA,2024-04-10,29.52338981628418,29.56751823425293,28.84377670288086,29.002647399902344,24.315656661987305,31255391,2026-07-21 07:17:48.848178-03:00
YAHOO_FINANCE,ITUB4.SA,2024-04-11,28.87908172607422,29.064430236816406,28.729036331176758,28.949691772460938,24.27126121520996,20688126,2026-07-21 07:17:48.848178-03:00
YAHOO_FINANCE,ITUB4.SA,2024-04-12,28.86142921447754,28.887908935546875,28.587818145751953,28.64960289001465,24.019662857055664,25841237,2026-07-21 07:17:48.848178-03:00
YAHOO_FINANCE,ITUB4.SA,2024-04-15,28.64960289001465,28.799646377563477,28.058252334594727,28.164165496826172,23.612680435180664,35825686,2026-07-21 07:17:48.848178-03:00
YAHOO_FINANCE,ITUB4.SA,2024-04-16,27.987642288208008,28.128860473632812,27.696380615234375,27.95233726501465,23.435081481933594,34875666,2026-07-21 07:17:48.848178-03:00
YAHOO_FINANCE,ITUB4.SA,2024-04-17,27.96999168395996,28.040599822998047,27.696380615234375,27.96999168395996,23.44989013671875,28706141,2026-07-21 07:17:48.848178-03:00
YAHOO_FINANCE,ITUB4.SA,2024-04-18,28.022947311401367,28.243600845336914,27.678728103637695,28.005294799804688,23.479476928710938,24583607,2026-07-21 07:17:48.848178-03:00
YAHOO_FINANCE,ITUB4.SA,2024-04-19,28.04942512512207,28.217121124267578,27.758163452148438,27.846424102783203,23.346284866333008,30496961,2026-07-21 07:17:48.848178-03:00
YAHOO_FINANCE,ITUB4.SA,2024-04-22,27.925859451293945,28.01412010192871,27.60811996459961,27.828773498535156,23.331491470336914,24603774,2026-07-21 07:17:48.848178-03:00
YAHOO_FINANCE,ITUB4.SA,2024-04-23,27.714033126831055,28.517210006713867,27.714033126831055,28.243600845336914,23.679279327392578,53107109,2026-07-21 07:17:48.848178-03:00
YAHOO_FINANCE,ITUB4.SA,2024-04-24,28.243600845336914,28.323036193847656,27.9082088470459,28.12003517150879,23.57568359375,27387442,2026-07-21 07:17:48.848178-03:00
YAHOO_FINANCE,ITUB4.SA,2024-04-25,28.04942512512207,28.243600845336914,27.758163452148438,27.961164474487305,23.44248390197754,23076377,2026-07-21 07:17:48.848178-03:00
YAHOO_FINANCE,ITUB4.SA,2024-04-26,28.08473014831543,28.552515029907227,27.996469497680664,28.4289493560791,23.834674835205078,30762989,2026-07-21 07:17:48.848178-03:00
YAHOO_FINANCE,ITUB4.SA,2024-04-29,28.46425437927246,28.508384704589844,27.987642288208008,28.208295822143555,23.649675369262695,25020378,2026-07-21 07:17:48.848178-03:00
YAHOO_FINANCE,ITUB4.SA,2024-04-30,28.164165496826172,28.420122146606445,27.678728103637695,27.678728103637695,23.2056884765625,53143478,2026-07-21 07:17:48.848178-03:00
YAHOO_FINANCE,ITUB4.SA,2024-05-02,28.172992706298828,28.340688705444336,27.8199462890625,28.06707763671875,23.544532775878906,31652054,2026-07-21 07:17:48.848178-03:00
YAHOO_FINANCE,ITUB4.SA,2024-05-03,28.473079681396484,28.764341354370117,28.314210891723633,28.420122146606445,23.840688705444336,32765680,2026-07-21 07:17:48.848178-03:00
YAHOO_FINANCE,ITUB4.SA,2024-05-06,28.4024715423584,28.834951400756836,28.33186149597168,28.59664535522461,23.988773345947266,21100312,2026-07-21 07:17:48.848178-03:00
YAHOO_FINANCE,ITUB4.SA,2024-05-07,28.684907913208008,29.33803939819336,28.4024715423584,29.18799591064453,24.484832763671875,43603391,2026-07-21 07:17:48.848178-03:00
YAHOO_FINANCE,ITUB4.SA,2024-05-08,28.97616958618164,29.45277976989746,28.79081916809082,29.37334442138672,24.640317916870117,27721450,2026-07-21 07:17:48.848178-03:00
YAHOO_FINANCE,ITUB4.SA,2024-05-09,29.029125213623047,29.09090805053711,28.473079681396484,28.490732192993164,23.899921417236328,31837186,2026-07-21 07:17:48.848178-03:00
YAHOO_FINANCE,ITUB4.SA,2024-05-10,28.534862518310547,29.14386558532715,28.517210006713867,28.817298889160156,24.17386817932129,26443200,2026-07-21 07:17:48.848178-03:00
YAHOO_FINANCE,ITUB4.SA,2024-05-13,28.95851707458496,29.285083770751953,28.87908172607422,29.17034339904785,24.470027923583984,26666401,2026-07-21 07:17:48.848178-03:00
YAHOO_FINANCE,ITUB4.SA,2024-05-14,28.967342376708984,29.62047576904297,28.95851707458496,29.48808479309082,24.7365665435791,34497357,2026-07-21 07:17:48.848178-03:00
YAHOO_FINANCE,ITUB4.SA,2024-05-15,29.576345443725586,29.629301071166992,29.285083770751953,29.408649444580078,24.66993522644043,23867664,2026-07-21 07:17:48.848178-03:00
YAHOO_FINANCE,ITUB4.SA,2024-05-16,29.541040420532227,29.673433303833008,29.232126235961914,29.320388793945312,24.595888137817383,20274355,2026-07-21 07:17:48.848178-03:00
YAHOO_FINANCE,ITUB4.SA,2024-05-17,29.267431259155273,29.45277976989746,29.179170608520508,29.329214096069336,24.60329246520996,21065189,2026-07-21 07:17:48.848178-03:00
YAHOO_FINANCE,ITUB4.SA,2024-05-20,29.293909072875977,29.479257583618164,29.12621307373047,29.24095344543457,24.52925682067871,17755129,2026-07-21 07:17:48.848178-03:00
YAHOO_FINANCE,ITUB4.SA,2024-05-21,29.276256561279297,29.37334442138672,28.97616958618164,29.09090805053711,24.40339469909668,18694273,2026-07-21 07:17:48.848178-03:00
YAHOO_FINANCE,ITUB4.SA,2024-05-22,28.94086456298828,28.993820190429688,28.526037216186523,28.640775680541992,24.025789260864258,23786768,2026-07-21 07:17:48.848178-03:00
YAHOO_FINANCE,ITUB4.SA,2024-05-23,28.59664535522461,28.63195037841797,28.287731170654297,28.38481903076172,23.81107521057129,21792348,2026-07-21 07:17:48.848178-03:00
YAHOO_FINANCE,ITUB4.SA,2024-05-24,28.437774658203125,28.455427169799805,28.005294799804688,28.111209869384766,23.5815486907959,23438031,2026-07-21 07:17:48.848178-03:00
YAHOO_FINANCE,ITUB4.SA,2024-05-27,28.111209869384766,28.128860473632812,27.89055633544922,28.01412010192871,23.500110626220703,13641546,2026-07-21 07:17:48.848178-03:00
YAHOO_FINANCE,ITUB4.SA,2024-05-28,28.358339309692383,28.36716651916504,27.80229377746582,27.864076614379883,23.374244689941406,28440452,2026-07-21 07:17:48.848178-03:00
YAHOO_FINANCE,ITUB4.SA,2024-05-29,27.678728103637695,27.828773498535156,27.316856384277344,27.669902801513672,23.211360931396484,28148705,2026-07-21 07:17:48.848178-03:00
YAHOO_FINANCE,ITUB4.SA,2024-05-31,27.661075592041016,27.722858428955078,27.36098861694336,27.387466430664062,22.974428176879883,38825757,2026-07-21 07:17:48.848178-03:00
YAHOO_FINANCE,ITUB4.SA,2024-06-03,27.502206802368164,27.9346866607666,27.44042205810547,27.758163452148438,23.298648834228516,25750257,2026-07-21 07:17:48.848178-03:00
YAHOO_FINANCE,ITUB4.SA,2024-06-04,27.661075592041016,27.95233726501465,27.511032104492188,27.85525131225586,23.38014030456543,25163703,2026-07-21 07:17:48.848178-03:00
YAHOO_FINANCE,ITUB4.SA,2024-06-05,27.758163452148438,27.925859451293945,27.652250289916992,27.80229377746582,23.3356876373291,25288786,2026-07-21 07:17:48.848178-03:00
YAHOO_FINANCE,ITUB4.SA,2024-06-06,27.811119079589844,28.243600845336914,27.766990661621094,28.155338287353516,23.63201332092285,14607995,2026-07-21 07:17:48.848178-03:00
YAHOO_FINANCE,ITUB4.SA,2024-06-07,27.87290382385254,28.06707763671875,27.652250289916992,27.758163452148438,23.298648834228516,26331259,2026-07-21 07:17:48.848178-03:00
YAHOO_FINANCE,ITUB4.SA,2024-06-10,27.793468475341797,27.89055633544922,27.281553268432617,27.537511825561523,23.113447189331055,23061082,2026-07-21 07:17:48.848178-03:00
YAHOO_FINANCE,ITUB4.SA,2024-06-11,27.696380615234375,27.96999168395996,27.57281494140625,27.846424102783203,23.37272834777832,16807035,2026-07-21 07:17:48.848178-03:00
YAHOO_FINANCE,ITUB4.SA,2024-06-12,27.95233726501465,28.01412010192871,27.493379592895508,27.80229377746582,23.3356876373291,39355661,2026-07-21 07:17:48.848178-03:00
YAHOO_FINANCE,ITUB4.SA,2024-06-13,27.80229377746582,27.95233726501465,27.511032104492188,27.511032104492188,23.09122085571289,23094958,2026-07-21 07:17:48.848178-03:00
YAHOO_FINANCE,ITUB4.SA,2024-06-14,27.475727081298828,27.68755531311035,27.30803108215332,27.484554290771484,23.068988800048828,17478111,2026-07-21 07:17:48.848178-03:00
YAHOO_FINANCE,ITUB4.SA,2024-06-17,27.722858428955078,28.243600845336914,27.616945266723633,28.155338287353516,23.63201332092285,30480419,2026-07-21 07:17:48.848178-03:00
YAHOO_FINANCE,ITUB4.SA,2024-06-18,28.10238265991211,28.44660186767578,27.996469497680664,28.13768768310547,23.617202758789062,24588705,2026-07-21 07:17:48.848178-03:00
YAHOO_FINANCE,ITUB4.SA,2024-06-19,28.01412010192871,28.499557495117188,27.89055633544922,28.358339309692383,23.802398681640625,16497726,2026-07-21 07:17:48.848178-03:00
YAHOO_FINANCE,ITUB4.SA,2024-06-20,28.57899284362793,28.64960289001465,28.12003517150879,28.164165496826172,23.639421463012695,23141638,2026-07-21 07:17:48.848178-03:00
YAHOO_FINANCE,ITUB4.SA,2024-06-21,28.13768768310547,28.4024715423584,27.925859451293945,28.13768768310547,23.804443359375,58654050,2026-07-21 07:17:48.848178-03:00
YAHOO_FINANCE,ITUB4.SA,2024-06-24,28.234773635864258,29.002647399902344,28.225948333740234,28.543689727783203,24.147916793823242,36808677,2026-07-21 07:17:48.848178-03:00
YAHOO_FINANCE,ITUB4.SA,2024-06-25,28.534862518310547,28.84377670288086,28.455427169799805,28.63195037841797,24.222591400146484,27162088,2026-07-21 07:17:48.848178-03:00
YAHOO_FINANCE,ITUB4.SA,2024-06-26,28.44660186767578,28.57899284362793,28.075904846191406,28.57899284362793,24.177785873413086,26776528,2026-07-21 07:17:48.848178-03:00
YAHOO_FINANCE,ITUB4.SA,2024-06-27,28.640775680541992,28.781993865966797,28.490732192993164,28.63195037841797,24.222591400146484,17012674,2026-07-21 07:17:48.848178-03:00
YAHOO_FINANCE,ITUB4.SA,2024-06-28,28.667255401611328,28.720211029052734,28.287731170654297,28.605472564697266,24.20018768310547,32848049,2026-07-21 07:17:48.848178-03:00
YAHOO_FINANCE,ITUB4.SA,2024-07-01,28.57899284362793,28.82612419128418,28.393644332885742,28.455427169799805,24.086368560791016,17694174,2026-07-21 07:17:48.848178-03:00
YAHOO_FINANCE,ITUB4.SA,2024-07-02,28.490732192993164,28.82612419128418,28.44660186767578,28.82612419128418,24.400144577026367,34497357,2026-07-21 07:17:48.848178-03:00
YAHOO_FINANCE,ITUB4.SA,2024-07-03,29.002647399902344,29.382171630859375,28.914386749267578,29.002647399902344,24.5495662689209,28588875,2026-07-21 07:17:48.848178-03:00
YAHOO_FINANCE,ITUB4.SA,2024-07-04,29.276256561279297,29.33803939819336,29.037952423095703,29.046777725219727,24.58692169189453,11373280,2026-07-21 07:17:48.848178-03:00
YAHOO_FINANCE,ITUB4.SA,2024-07-05,29.12621307373047,29.196821212768555,28.781993865966797,29.064430236816406,24.601865768432617,19063291,2026-07-21 07:17:48.848178-03:00
YAHOO_FINANCE,ITUB4.SA,2024-07-08,28.97616958618164,29.12621307373047,28.773168563842773,29.011472702026367,24.557035446166992,19708195,2026-07-21 07:17:48.848178-03:00
YAHOO_FINANCE,ITUB4.SA,2024-07-09,28.8967342376709,29.214473724365234,28.729036331176758,29.214473724365234,24.728866577148438,19027715,2026-07-21 07:17:48.848178-03:00
YAHOO_FINANCE,ITUB4.SA,2024-07-10,29.285083770751953,29.549867630004883,29.214473724365234,29.52338981628418,24.990352630615234,38936224,2026-07-21 07:17:48.848178-03:00
YAHOO_FINANCE,ITUB4.SA,2024-07-11,29.52338981628418,29.708736419677734,29.461605072021484,29.69991111755371,25.139774322509766,22220282,2026-07-21 07:17:48.848178-03:00
YAHOO_FINANCE,ITUB4.SA,2024-07-12,29.69991111755371,29.73521614074707,29.408649444580078,29.532215118408203,24.997827529907227,24991940,2026-07-21 07:17:48.848178-03:00
YAHOO_FINANCE,ITUB4.SA,2024-07-15,29.56751823425293,29.71756362915039,29.461605072021484,29.646953582763672,25.094947814941406,22336415,2026-07-21 07:17:48.848178-03:00
YAHOO_FINANCE,ITUB4.SA,2024-07-16,29.62047576904297,29.876434326171875,29.585172653198242,29.823476791381836,25.244361877441406,22061662,2026-07-21 07:17:48.848178-03:00
YAHOO_FINANCE,ITUB4.SA,2024-07-17,29.761693954467773,30.22947883605957,29.66460609436035,30.150043487548828,25.520790100097656,18500757,2026-07-21 07:17:48.848178-03:00
YAHOO_FINANCE,ITUB4.SA,2024-07-18,30.070608139038086,30.19417381286621,29.805824279785156,30.008825302124023,25.401260375976562,17774957,2026-07-21 07:17:48.848178-03:00
YAHOO_FINANCE,ITUB4.SA,2024-07-19,30.141218185424805,30.556045532226562,30.061782836914062,30.238304138183594,25.595500946044922,26942513,2026-07-21 07:17:48.848178-03:00
YAHOO_FINANCE,ITUB4.SA,2024-07-22,30.255956649780273,30.4060001373291,30.158870697021484,30.220653533935547,25.58055877685547,14046027,2026-07-21 07:17:48.848178-03:00
YAHOO_FINANCE,ITUB4.SA,2024-07-23,30.19417381286621,30.36187171936035,30.097087860107422,30.17652130126953,25.543201446533203,19171379,2026-07-21 07:17:48.848178-03:00
YAHOO_FINANCE,ITUB4.SA,2024-07-24,30.273609161376953,30.30008888244629,30.052955627441406,30.13239097595215,25.50585174560547,17873754,2026-07-21 07:17:48.848178-03:00
YAHOO_FINANCE,ITUB4.SA,2024-07-25,30.070608139038086,30.19417381286621,29.86760711669922,30.0,25.39379119873047,22461951,2026-07-21 07:17:48.848178-03:00
YAHOO_FINANCE,ITUB4.SA,2024-07-26,29.938217163085938,30.308914184570312,29.938217163085938,30.220653533935547,25.58055877685547,12668639,2026-07-21 07:17:48.848178-03:00
YAHOO_FINANCE,ITUB4.SA,2024-07-29,30.255956649780273,30.547218322753906,30.22947883605957,30.44130516052246,25.767333984375,17147388,2026-07-21 07:17:48.848178-03:00
YAHOO_FINANCE,ITUB4.SA,2024-07-30,30.3795223236084,30.45895767211914,30.13239097595215,30.326566696166992,25.670207977294922,19972297,2026-07-21 07:17:48.848178-03:00
YAHOO_FINANCE,ITUB4.SA,2024-07-31,30.238304138183594,30.370697021484375,29.876434326171875,29.902912139892578,25.311599731445312,28667619,2026-07-21 07:17:48.848178-03:00
YAHOO_FINANCE,ITUB4.SA,2024-08-01,30.026477813720703,30.11473846435547,29.364517211914062,29.45277976989746,24.94357681274414,25644208,2026-07-21 07:17:48.848178-03:00
YAHOO_FINANCE,ITUB4.SA,2024-08-02,29.558692932128906,29.60282325744629,28.94086456298828,29.082082748413086,24.629636764526367,27354812,2026-07-21 07:17:48.848178-03:00
YAHOO_FINANCE,ITUB4.SA,2024-08-05,28.640775680541992,29.152690887451172,28.552515029907227,29.082082748413086,24.629636764526367,30036736,2026-07-21 07:17:48.848178-03:00
YAHOO_FINANCE,ITUB4.SA,2024-08-06,29.135038375854492,29.955869674682617,29.135038375854492,29.726390838623047,25.1752986907959,29244996,2026-07-21 07:17:48.848178-03:00
YAHOO_FINANCE,ITUB4.SA,2024-08-07,30.052955627441406,30.167695999145508,29.18799591064453,29.805824279785156,25.24257469177246,46066533,2026-07-21 07:17:48.848178-03:00
YAHOO_FINANCE,ITUB4.SA,2024-08-08,29.876434326171875,30.13239097595215,29.60282325744629,29.69991111755371,25.152873992919922,22235464,2026-07-21 07:17:48.848178-03:00
YAHOO_FINANCE,ITUB4.SA,2024-08-09,29.83230209350586,30.503089904785156,29.788171768188477,30.503089904785156,25.833087921142578,27350166,2026-07-21 07:17:48.848178-03:00
YAHOO_FINANCE,ITUB4.SA,2024-08-12,30.600175857543945,30.732568740844727,30.423654556274414,30.547218322753906,25.870458602905273,23753798,2026-07-21 07:17:48.848178-03:00
YAHOO_FINANCE,ITUB4.SA,2024-08-13,30.75904655456543,31.412179946899414,30.635480880737305,31.412179946899414,26.602996826171875,44797573,2026-07-21 07:17:48.848178-03:00
YAHOO_FINANCE,ITUB4.SA,2024-08-14,31.412179946899414,32.462486267089844,31.412179946899414,32.18887710571289,27.260784149169922,61454486,2026-07-21 07:17:48.848178-03:00
YAHOO_FINANCE,ITUB4.SA,2024-08-15,32.36540222167969,32.73609924316406,32.268314361572266,32.7007942199707,27.69432830810547,36976474,2026-07-21 07:17:48.848178-03:00
YAHOO_FINANCE,ITUB4.SA,2024-08-16,32.86848831176758,33.089141845703125,32.338924407958984,32.42718505859375,27.462604522705078,39069012,2026-07-21 07:17:48.848178-03:00
YAHOO_FINANCE,ITUB4.SA,2024-08-19,32.550750732421875,32.88614273071289,32.462486267089844,32.621360778808594,27.627046585083008,25227717,2026-07-21 07:17:48.848178-03:00
YAHOO_FINANCE,ITUB4.SA,2024-08-20,32.65666198730469,32.974403381347656,32.42718505859375,32.85966491699219,27.828866958618164,17856533,2026-07-21 07:17:48.848178-03:00
YAHOO_FINANCE,ITUB4.SA,2024-08-21,32.94792556762695,32.99205780029297,32.57722854614258,32.727272033691406,27.716751098632812,16012462,2026-07-21 07:17:48.848178-03:00
YAHOO_FINANCE,ITUB4.SA,2024-08-22,32.056488037109375,32.43600845336914,32.03883361816406,32.42718505859375,27.462604522705078,24315199,2026-07-21 07:17:48.848178-03:00
YAHOO_FINANCE,ITUB4.SA,2024-08-23,32.4713134765625,32.7007942199707,32.100616455078125,32.1800537109375,27.25330924987793,24645695,2026-07-21 07:17:48.848178-03:00
YAHOO_FINANCE,ITUB4.SA,2024-08-26,32.24183654785156,32.338924407958984,32.0035285949707,32.25065994262695,27.313106536865234,16314180,2026-07-21 07:17:48.848178-03:00
YAHOO_FINANCE,ITUB4.SA,2024-08-27,32.24183654785156,32.40070724487305,32.065311431884766,32.28596496582031,27.343006134033203,16586780,2026-07-21 07:17:48.848178-03:00
YAHOO_FINANCE,ITUB4.SA,2024-08-28,32.09178924560547,33.07149124145508,31.977052688598633,32.98323059082031,27.933521270751953,36121512,2026-07-21 07:17:48.848178-03:00
YAHOO_FINANCE,ITUB4.SA,2024-08-29,32.82435989379883,32.99205780029297,32.621360778808594,32.621360778808594,27.627046585083008,25176619,2026-07-21 07:17:48.848178-03:00
YAHOO_FINANCE,ITUB4.SA,2024-08-30,32.50661849975586,32.630184173583984,32.135921478271484,32.39188003540039,27.43270492553711,69846390,2026-07-21 07:17:48.848178-03:00
YAHOO_FINANCE,ITUB4.SA,2024-09-02,32.27714157104492,32.39188003540039,32.07413864135742,32.11827087402344,27.21407699584961,11520344,2026-07-21 07:17:48.848178-03:00
YAHOO_FINANCE,ITUB4.SA,2024-09-03,32.2065315246582,32.6478385925293,32.09178924560547,32.63901138305664,27.655302047729492,17829227,2026-07-21 07:17:48.848178-03:00
YAHOO_FINANCE,ITUB4.SA,2024-09-04,32.78905487060547,33.35392761230469,32.67431640625,32.86848831176758,27.84973907470703,23012702,2026-07-21 07:17:48.848178-03:00
YAHOO_FINANCE,ITUB4.SA,2024-09-05,32.92144775390625,33.18622970581055,32.78022766113281,33.080318450927734,28.029226303100586,13102351,2026-07-21 07:17:48.848178-03:00
YAHOO_FINANCE,ITUB4.SA,2024-09-06,33.1685791015625,33.1685791015625,32.54192352294922,32.61253356933594,27.63286781311035,18068290,2026-07-21 07:17:48.848178-03:00
YAHOO_FINANCE,ITUB4.SA,2024-09-09,32.67431640625,33.05384063720703,32.630184173583984,32.93027114868164,27.902088165283203,15484371,2026-07-21 07:17:48.848178-03:00
YAHOO_FINANCE,ITUB4.SA,2024-09-10,32.7007942199707,32.99205780029297,32.67431640625,32.93027114868164,27.902088165283203,15099944,2026-07-21 07:17:48.848178-03:00
YAHOO_FINANCE,ITUB4.SA,2024-09-11,32.99205780029297,33.13327407836914,32.78022766113281,32.99205780029297,27.954437255859375,22282257,2026-07-21 07:17:48.848178-03:00
YAHOO_FINANCE,ITUB4.SA,2024-09-12,32.842010498046875,32.90379333496094,32.39188003540039,32.630184173583984,27.647823333740234,16309421,2026-07-21 07:17:48.848178-03:00
YAHOO_FINANCE,ITUB4.SA,2024-09-13,32.797882080078125,32.94792556762695,32.28596496582031,32.665489196777344,27.677736282348633,22909713,2026-07-21 07:17:48.848178-03:00
YAHOO_FINANCE,ITUB4.SA,2024-09-16,32.70962142944336,32.85083770751953,32.50661849975586,32.65666198730469,27.670255661010742,12252828,2026-07-21 07:17:48.848178-03:00
YAHOO_FINANCE,ITUB4.SA,2024-09-17,32.57722854614258,32.63901138305664,32.35657501220703,32.57722854614258,27.602951049804688,19981701,2026-07-21 07:17:48.848178-03:00
YAHOO_FINANCE,ITUB4.SA,2024-09-18,32.524269104003906,32.683143615722656,32.268314361572266,32.39188003540039,27.44590187072754,18703790,2026-07-21 07:17:48.848178-03:00
YAHOO_FINANCE,ITUB4.SA,2024-09-19,32.480140686035156,32.550750732421875,32.100616455078125,32.303619384765625,27.37112045288086,27012532,2026-07-21 07:17:48.848178-03:00
YAHOO_FINANCE,ITUB4.SA,2024-09-20,32.056488037109375,32.19770431518555,31.694616317749023,31.712268829345703,27.071985244750977,34731661,2026-07-21 07:17:48.848178-03:00
YAHOO_FINANCE,ITUB4.SA,2024-09-23,31.544570922851562,31.756397247314453,31.394527435302734,31.526918411254883,26.913755416870117,17373195,2026-07-21 07:17:48.848178-03:00
YAHOO_FINANCE,ITUB4.SA,2024-09-24,31.818180084228516,32.065311431884766,31.35039710998535,31.51809310913086,26.906219482421875,27208315,2026-07-21 07:17:48.848178-03:00
YAHOO_FINANCE,ITUB4.SA,2024-09-25,31.579875946044922,31.924095153808594,31.579875946044922,31.91526985168457,27.245283126831055,24582587,2026-07-21 07:17:48.848178-03:00
YAHOO_FINANCE,ITUB4.SA,2024-09-26,32.21535873413086,32.559574127197266,32.07413864135742,32.32126998901367,27.59186553955078,42599440,2026-07-21 07:17:48.848178-03:00
YAHOO_FINANCE,ITUB4.SA,2024-09-27,32.25065994262695,32.53309631347656,32.233009338378906,32.4448356628418,27.69736099243164,31411178,2026-07-21 07:17:48.848178-03:00
YAHOO_FINANCE,ITUB4.SA,2024-09-30,32.303619384765625,32.65666198730469,31.871137619018555,31.871137619018555,27.207603454589844,28491777,2026-07-21 07:17:48.848178-03:00
YAHOO_FINANCE,ITUB4.SA,2024-10-01,32.0035285949707,32.04766082763672,31.27096176147461,31.332744598388672,26.761070251464844,30144937,2026-07-21 07:17:48.848178-03:00
YAHOO_FINANCE,ITUB4.SA,2024-10-02,31.659311294555664,32.0035285949707,31.35039710998535,31.526918411254883,26.926916122436523,23530370,2026-07-21 07:17:48.848178-03:00
YAHOO_FINANCE,ITUB4.SA,2024-10-03,31.085613250732422,31.173873901367188,30.582523345947266,30.750219345092773,26.263538360595703,35700490,2026-07-21 07:17:48.848178-03:00
YAHOO_FINANCE,ITUB4.SA,2024-10-04,30.617828369140625,31.015003204345703,30.56487274169922,30.812002182006836,26.31631088256836,17541559,2026-07-21 07:17:48.848178-03:00
YAHOO_FINANCE,ITUB4.SA,2024-10-07,31.067960739135742,31.173873901367188,30.75904655456543,31.015003204345703,26.489688873291016,26410683,2026-07-21 07:17:48.848178-03:00
YAHOO_FINANCE,ITUB4.SA,2024-10-08,31.226831436157227,31.341571807861328,31.129743576049805,31.200353622436523,26.64799690246582,26176152,2026-07-21 07:17:48.848178-03:00
YAHOO_FINANCE,ITUB4.SA,2024-10-09,30.988525390625,31.067960739135742,30.56487274169922,30.62665367126465,26.158002853393555,23707005,2026-07-21 07:17:48.848178-03:00
YAHOO_FINANCE,ITUB4.SA,2024-10-10,30.635480880737305,30.864959716796875,30.51191520690918,30.79435157775879,26.30123519897461,23211884,2026-07-21 07:17:48.848178-03:00
YAHOO_FINANCE,ITUB4.SA,2024-10-11,30.74139404296875,30.864959716796875,30.4942626953125,30.56487274169922,26.105236053466797,19225310,2026-07-21 07:17:48.848178-03:00
YAHOO_FINANCE,ITUB4.SA,2024-10-14,30.661958694458008,30.95322036743164,30.556045532226562,30.75904655456543,26.271076202392578,16356101,2026-07-21 07:17:48.848178-03:00
YAHOO_FINANCE,ITUB4.SA,2024-10-15,30.803176879882812,31.165048599243164,30.653133392333984,31.112091064453125,26.57261085510254,32631872,2026-07-21 07:17:48.848178-03:00
YAHOO_FINANCE,ITUB4.SA,2024-10-16,31.112091064453125,31.129743576049805,30.75904655456543,30.926742553710938,26.414310455322266,39642197,2026-07-21 07:17:48.848178-03:00
YAHOO_FINANCE,ITUB4.SA,2024-10-17,30.617828369140625,31.27096176147461,30.485435485839844,30.988525390625,26.46707534790039,22310809,2026-07-21 07:17:48.848178-03:00
YAHOO_FINANCE,ITUB4.SA,2024-10-18,31.067960739135742,31.226831436157227,30.909090042114258,31.13857078552246,26.595224380493164,17703125,2026-07-21 07:17:48.848178-03:00
YAHOO_FINANCE,ITUB4.SA,2024-10-21,31.23565673828125,31.262134552001953,30.891437530517578,30.979698181152344,26.459535598754883,16873089,2026-07-21 07:17:48.848178-03:00
YAHOO_FINANCE,ITUB4.SA,2024-10-22,30.891437530517578,31.112091064453125,30.72374153137207,31.032655715942383,26.5047664642334,24850542,2026-07-21 07:17:48.848178-03:00
YAHOO_FINANCE,ITUB4.SA,2024-10-23,30.900264739990234,31.244483947753906,30.891437530517578,31.226831436157227,26.670608520507812,17395402,2026-07-21 07:17:48.848178-03:00
YAHOO_FINANCE,ITUB4.SA,2024-10-24,31.226831436157227,31.624006271362305,31.147396087646484,31.509267807006836,26.911836624145508,24236796,2026-07-21 07:17:48.848178-03:00
YAHOO_FINANCE,ITUB4.SA,2024-10-25,31.509267807006836,31.579875946044922,31.085613250732422,31.156221389770508,26.610305786132812,17380220,2026-07-21 07:17:48.848178-03:00
YAHOO_FINANCE,ITUB4.SA,2024-10-28,31.456310272216797,31.694616317749023,31.323917388916016,31.53574562072754,26.934459686279297,11933889,2026-07-21 07:17:48.848178-03:00
YAHOO_FINANCE,ITUB4.SA,2024-10-29,31.650484085083008,31.721094131469727,31.200353622436523,31.200353622436523,26.64799690246582,13225282,2026-07-21 07:17:48.848178-03:00
YAHOO_FINANCE,ITUB4.SA,2024-10-30,31.191526412963867,31.412179946899414,31.00617790222168,31.112091064453125,26.57261085510254,12081065,2026-07-21 07:17:48.848178-03:00
YAHOO_FINANCE,ITUB4.SA,2024-10-31,31.112091064453125,31.429832458496094,30.909090042114258,30.909090042114258,26.399232864379883,22748147,2026-07-21 07:17:48.848178-03:00
YAHOO_FINANCE,ITUB4.SA,2024-11-01,30.891437530517578,31.156221389770508,30.706090927124023,30.72374153137207,26.254159927368164,25777562,2026-07-21 07:17:48.848178-03:00
YAHOO_FINANCE,ITUB4.SA,2024-11-04,31.00617790222168,31.36804962158203,30.79435157775879,31.13857078552246,26.608638763427734,23226386,2026-07-21 07:17:48.848178-03:00
YAHOO_FINANCE,ITUB4.SA,2024-11-05,31.509267807006836,32.347747802734375,31.421005249023438,32.07413864135742,27.40810775756836,59510598,2026-07-21 07:17:48.848178-03:00
YAHOO_FINANCE,ITUB4.SA,2024-11-06,31.659311294555664,32.1535758972168,31.35039710998535,31.924095153808594,27.279890060424805,44058971,2026-07-21 07:17:48.848178-03:00
YAHOO_FINANCE,ITUB4.SA,2024-11-07,31.888790130615234,32.19770431518555,31.385700225830078,31.456310272216797,26.88015365600586,16816325,2026-07-21 07:17:48.848178-03:00
YAHOO_FINANCE,ITUB4.SA,2024-11-08,30.95322036743164,31.21800422668457,30.785524368286133,30.962047576904297,26.457796096801758,26247984,2026-07-21 07:17:48.848178-03:00
YAHOO_FINANCE,ITUB4.SA,2024-11-11,30.85613441467285,31.262134552001953,30.812002182006836,30.997352600097656,26.48796272277832,20677703,2026-07-21 07:17:48.848178-03:00
YAHOO_FINANCE,ITUB4.SA,2024-11-12,31.02383041381836,31.13857078552246,30.591350555419922,30.62665367126465,26.171192169189453,26591283,2026-07-21 07:17:48.848178-03:00
YAHOO_FINANCE,ITUB4.SA,2024-11-13,30.714916229248047,30.75904655456543,30.273609161376953,30.467784881591797,26.03543472290039,29706013,2026-07-21 07:17:48.848178-03:00
YAHOO_FINANCE,ITUB4.SA,2024-11-14,30.4060001373291,30.547218322753906,30.158870697021484,30.3795223236084,25.960018157958984,35013665,2026-07-21 07:17:48.848178-03:00
YAHOO_FINANCE,ITUB4.SA,2024-11-18,30.34421730041504,30.51191520690918,30.202999114990234,30.273609161376953,25.869508743286133,20962992,2026-07-21 07:17:48.848178-03:00
YAHOO_FINANCE,ITUB4.SA,2024-11-19,30.273609161376953,30.62665367126465,30.150043487548828,30.547218322753906,26.103313446044922,18019798,2026-07-21 07:17:48.848178-03:00
YAHOO_FINANCE,ITUB4.SA,2024-11-21,30.220653533935547,30.388349533081055,30.01765251159668,30.01765251159668,25.65079116821289,28727441,2026-07-21 07:17:48.848178-03:00
YAHOO_FINANCE,ITUB4.SA,2024-11-22,30.36187171936035,30.36187171936035,29.955869674682617,30.105913162231445,25.72620964050293,14604143,2026-07-21 07:17:48.848178-03:00
YAHOO_FINANCE,ITUB4.SA,2024-11-25,30.088260650634766,30.19417381286621,29.98234748840332,30.097087860107422,25.718671798706055,27017291,2026-07-21 07:17:48.848178-03:00
YAHOO_FINANCE,ITUB4.SA,2024-11-26,30.185348510742188,31.032655715942383,30.158870697021484,30.670785903930664,26.208906173706055,30264922,2026-07-21 07:17:48.848178-03:00
YAHOO_FINANCE,ITUB4.SA,2024-11-27,30.60900115966797,30.75904655456543,29.761693954467773,29.920564651489258,25.567827224731445,26816070,2026-07-21 07:17:48.848178-03:00
YAHOO_FINANCE,ITUB4.SA,2024-11-28,29.805824279785156,29.858781814575195,28.799646377563477,28.84377670288086,24.647687911987305,44303925,2026-07-21 07:17:48.848178-03:00
YAHOO_FINANCE,ITUB4.SA,2024-11-29,28.914386749267578,29.064430236816406,28.4024715423584,28.773168563842773,24.58734893798828,41721478,2026-07-21 07:17:48.848178-03:00
YAHOO_FINANCE,ITUB4.SA,2024-12-02,28.587818145751953,28.817298889160156,28.243600845336914,28.34951400756836,24.238445281982422,25024231,2026-07-21 07:17:48.848178-03:00
YAHOO_FINANCE,ITUB4.SA,2024-12-03,28.4289493560791,28.702558517456055,28.4024715423584,28.667255401611328,24.510112762451172,23357474,2026-07-21 07:17:48.848178-03:00
YAHOO_FINANCE,ITUB4.SA,2024-12-04,28.605472564697266,28.993820190429688,28.56134033203125,28.84377670288086,24.661039352416992,25113058,2026-07-21 07:17:48.848178-03:00
YAHOO_FINANCE,ITUB4.SA,2024-12-05,29.10856056213379,29.56751823425293,28.949691772460938,29.461605072021484,25.18927574157715,36947243,2026-07-21 07:17:48.848178-03:00
YAHOO_FINANCE,ITUB4.SA,2024-12-06,29.37334442138672,29.47043228149414,28.84377670288086,28.86142921447754,24.676128387451172,24236456,2026-07-21 07:17:48.848178-03:00
YAHOO_FINANCE,ITUB4.SA,2024-12-09,28.905559539794922,29.24095344543457,28.905559539794922,29.002647399902344,24.796865463256836,18324009,2026-07-21 07:17:48.848178-03:00
YAHOO_FINANCE,ITUB4.SA,2024-12-10,28.8967342376709,29.276256561279297,28.86142921447754,29.117387771606445,25.132495880126953,21447916,2026-07-21 07:17:48.848178-03:00
YAHOO_FINANCE,ITUB4.SA,2024-12-11,29.14386558532715,29.788171768188477,28.817298889160156,29.399822235107422,25.376279830932617,35985666,2026-07-21 07:17:48.848178-03:00
YAHOO_FINANCE,ITUB4.SA,2024-12-12,29.12621307373047,29.285083770751953,28.570167541503906,28.667255401611328,24.743968963623047,27479555,2026-07-21 07:17:48.848178-03:00
YAHOO_FINANCE,ITUB4.SA,2024-12-13,28.71138572692871,28.799646377563477,28.287731170654297,28.29655647277832,24.42400550842285,27998356,2026-07-21 07:17:48.848178-03:00
YAHOO_FINANCE,ITUB4.SA,2024-12-16,28.252426147460938,28.340688705444336,27.987642288208008,27.987642288208008,24.15736198425293,37414605,2026-07-21 07:17:48.848178-03:00
YAHOO_FINANCE,ITUB4.SA,2024-12-17,28.06707763671875,28.4024715423584,27.89055633544922,28.13768768310547,24.286874771118164,45447689,2026-07-21 07:17:48.848178-03:00
YAHOO_FINANCE,ITUB4.SA,2024-12-18,28.040599822998047,28.10238265991211,27.246248245239258,27.334510803222656,23.593616485595703,58162101,2026-07-21 07:17:48.848178-03:00
YAHOO_FINANCE,ITUB4.SA,2024-12-19,27.528684616088867,27.83759880065918,27.281553268432617,27.484554290771484,23.723125457763672,53287369,2026-07-21 07:17:48.848178-03:00
YAHOO_FINANCE,ITUB4.SA,2024-12-20,27.413944244384766,27.8199462890625,27.413944244384766,27.80229377746582,23.99738121032715,60210112,2026-07-21 07:17:48.848178-03:00
YAHOO_FINANCE,ITUB4.SA,2024-12-23,27.475727081298828,27.634597778320312,27.140335083007812,27.263900756835938,23.532670974731445,31425454,2026-07-21 07:17:48.848178-03:00
YAHOO_FINANCE,ITUB4.SA,2024-12-26,27.228595733642578,27.563989639282227,27.17563819885254,27.44042205810547,23.685033798217773,23278278,2026-07-21 07:17:48.848178-03:00
YAHOO_FINANCE,ITUB4.SA,2024-12-27,27.493379592895508,27.563989639282227,27.166812896728516,27.166812896728516,23.448869705200195,15418543,2026-07-21 07:17:48.848178-03:00
YAHOO_FINANCE,ITUB4.SA,2024-12-30,27.246248245239258,27.422771453857422,27.122682571411133,27.122682571411133,23.410776138305664,32151480,2026-07-21 07:17:48.848178-03:00
YAHOO_FINANCE,ITUB4.SA,2025-01-02,27.052074432373047,27.228595733642578,26.690202713012695,26.981464385986328,23.302268981933594,29053972,2026-07-21 07:17:48.848178-03:00
YAHOO_FINANCE,ITUB4.SA,2025-01-03,26.999116897583008,27.02559471130371,26.31950569152832,26.31950569152832,22.730579376220703,40039200,2026-07-21 07:17:48.848178-03:00
YAHOO_FINANCE,ITUB4.SA,2025-01-06,26.663724899291992,27.581640243530273,26.575462341308594,27.502206802368164,23.752004623413086,35104078,2026-07-21 07:17:48.848178-03:00
YAHOO_FINANCE,ITUB4.SA,2025-01-07,27.643423080444336,28.12003517150879,27.57281494140625,27.80229377746582,24.01116943359375,28624338,2026-07-21 07:17:48.848178-03:00
YAHOO_FINANCE,ITUB4.SA,2025-01-08,27.55516242980957,27.722858428955078,27.237422943115234,27.352161407470703,23.622419357299805,21783171,2026-07-21 07:17:48.848178-03:00
YAHOO_FINANCE,ITUB4.SA,2025-01-09,27.369813919067383,27.511032104492188,27.29037857055664,27.422771453857422,23.683401107788086,11465733,2026-07-21 07:17:48.848178-03:00
YAHOO_FINANCE,ITUB4.SA,2025-01-10,27.413944244384766,27.484554290771484,26.96381187438965,27.04324722290039,23.355632781982422,21853643,2026-07-21 07:17:48.848178-03:00
YAHOO_FINANCE,ITUB4.SA,2025-01-13,27.034421920776367,27.475727081298828,27.034421920776367,27.237422943115234,23.52332878112793,17535780,2026-07-21 07:17:48.848178-03:00
YAHOO_FINANCE,ITUB4.SA,2025-01-14,27.299205780029297,27.316856384277344,26.84907341003418,27.255075454711914,23.53857421875,22928521,2026-07-21 07:17:48.848178-03:00
YAHOO_FINANCE,ITUB4.SA,2025-01-15,27.511032104492188,28.499557495117188,27.422771453857422,28.437774658203125,24.560001373291016,40308287,2026-07-21 07:17:48.848178-03:00
YAHOO_FINANCE,ITUB4.SA,2025-01-16,28.375991821289062,28.587818145751953,28.111209869384766,28.34951400756836,24.483768463134766,24765227,2026-07-21 07:17:48.848178-03:00
YAHOO_FINANCE,ITUB4.SA,2025-01-17,28.48190689086914,28.74669075012207,28.323036193847656,28.552515029907227,24.659090042114258,23627808,2026-07-21 07:17:48.848178-03:00
YAHOO_FINANCE,ITUB4.SA,2025-01-20,28.420122146606445,29.037952423095703,28.420122146606445,28.82612419128418,24.895395278930664,10462575,2026-07-21 07:17:48.848178-03:00
YAHOO_FINANCE,ITUB4.SA,2025-01-21,28.82612419128418,29.037952423095703,28.71138572692871,28.887908935546875,24.94875717163086,15918423,2026-07-21 07:17:48.848178-03:00
YAHOO_FINANCE,ITUB4.SA,2025-01-22,28.993820190429688,29.09090805053711,28.69373321533203,28.781993865966797,24.857284545898438,23835940,2026-07-21 07:17:48.848178-03:00
YAHOO_FINANCE,ITUB4.SA,2025-01-23,28.870254516601562,29.011472702026367,28.534862518310547,28.720211029052734,24.80392074584961,22913792,2026-07-21 07:17:48.848178-03:00
YAHOO_FINANCE,ITUB4.SA,2025-01-24,28.623123168945312,28.773168563842773,28.517210006713867,28.64960289001465,24.74294090270996,9909218,2026-07-21 07:17:48.848178-03:00
YAHOO_FINANCE,ITUB4.SA,2025-01-27,28.64960289001465,29.399822235107422,28.517210006713867,29.33803939819336,25.33750343322754,22917984,2026-07-21 07:17:48.848178-03:00
YAHOO_FINANCE,ITUB4.SA,2025-01-28,29.33803939819336,29.52338981628418,29.099735260009766,29.3909969329834,25.383241653442383,16244500,2026-07-21 07:17:48.848178-03:00
YAHOO_FINANCE,ITUB4.SA,2025-01-29,29.514562606811523,29.611650466918945,29.302736282348633,29.320388793945312,25.322267532348633,13655935,2026-07-21 07:17:48.848178-03:00
YAHOO_FINANCE,ITUB4.SA,2025-01-30,29.329214096069336,30.167695999145508,29.329214096069336,30.035303115844727,25.939687728881836,29709865,2026-07-21 07:17:48.848178-03:00
YAHOO_FINANCE,ITUB4.SA,2025-01-31,30.141218185424805,30.202999114990234,29.841129302978516,29.841129302978516,25.771991729736328,20432975,2026-07-21 07:17:48.848178-03:00
YAHOO_FINANCE,ITUB4.SA,2025-02-03,29.726390838623047,29.823476791381836,29.33803939819336,29.549867630004883,25.533775329589844,25677405,2026-07-21 07:17:48.848178-03:00
YAHOO_FINANCE,ITUB4.SA,2025-02-04,29.479257583618164,29.9117374420166,29.320388793945312,29.655780792236328,25.625295639038086,23154667,2026-07-21 07:17:48.848178-03:00
YAHOO_FINANCE,ITUB4.SA,2025-02-05,29.84995460510254,30.370697021484375,29.788171768188477,30.105913162231445,26.014249801635742,45348664,2026-07-21 07:17:48.848178-03:00
YAHOO_FINANCE,ITUB4.SA,2025-02-06,29.3909969329834,30.353044509887695,29.082082748413086,30.158870697021484,26.06001091003418,44044581,2026-07-21 07:17:48.848178-03:00
YAHOO_FINANCE,ITUB4.SA,2025-02-07,30.26478385925293,30.423654556274414,29.744041442871094,29.938217163085938,25.869342803955078,40083613,2026-07-21 07:17:48.848178-03:00
YAHOO_FINANCE,ITUB4.SA,2025-02-10,30.061782836914062,30.485435485839844,30.01765251159668,30.26478385925293,26.151531219482422,42687021,2026-07-21 07:17:48.848178-03:00
YAHOO_FINANCE,ITUB4.SA,2025-02-11,30.36187171936035,30.803176879882812,30.36187171936035,30.582523345947266,26.42608642578125,35512412,2026-07-21 07:17:48.848178-03:00
YAHOO_FINANCE,ITUB4.SA,2025-02-12,30.36187171936035,30.547218322753906,29.593997955322266,29.73521614074707,25.69392967224121,34311545,2026-07-21 07:17:48.848178-03:00
YAHOO_FINANCE,ITUB4.SA,2025-02-13,29.75286865234375,29.920564651489258,29.611650466918945,29.894086837768555,25.83121109008789,15168830,2026-07-21 07:17:48.848178-03:00
YAHOO_FINANCE,ITUB4.SA,2025-02-14,30.097087860107422,30.803176879882812,30.052955627441406,30.68843650817871,26.517601013183594,33546090,2026-07-21 07:17:48.848178-03:00
YAHOO_FINANCE,ITUB4.SA,2025-02-17,30.785524368286133,31.156221389770508,30.750219345092773,30.750219345092773,26.57098960876465,20231641,2026-07-21 07:17:48.848178-03:00
YAHOO_FINANCE,ITUB4.SA,2025-02-18,29.399822235107422,29.43512725830078,29.002647399902344,29.302736282348633,26.526540756225586,34668327,2026-07-21 07:17:48.848178-03:00
YAHOO_FINANCE,ITUB4.SA,2025-02-19,29.17034339904785,29.196821212768555,28.905559539794922,29.029125213623047,26.27885627746582,25496918,2026-07-21 07:17:48.848178-03:00
YAHOO_FINANCE,ITUB4.SA,2025-02-20,29.029125213623047,29.161518096923828,28.817298889160156,28.949691772460938,26.206947326660156,17946380,2026-07-21 07:17:48.848178-03:00
YAHOO_FINANCE,ITUB4.SA,2025-02-21,28.9232120513916,28.95851707458496,28.720211029052734,28.86142921447754,26.127042770385742,34362303,2026-07-21 07:17:48.848178-03:00
YAHOO_FINANCE,ITUB4.SA,2025-02-24,29.011472702026367,29.099735260009766,28.526037216186523,28.702558517456055,25.98322868347168,29019415,2026-07-21 07:17:48.848178-03:00
YAHOO_FINANCE,ITUB4.SA,2025-02-25,28.932037353515625,29.249778747558594,28.799646377563477,28.993820190429688,26.24689292907715,29667378,2026-07-21 07:17:48.848178-03:00
YAHOO_FINANCE,ITUB4.SA,2025-02-26,29.258604049682617,29.285083770751953,28.905559539794922,28.9232120513916,26.182973861694336,24486962,2026-07-21 07:17:48.848178-03:00
YAHOO_FINANCE,ITUB4.SA,2025-02-27,29.099735260009766,29.232126235961914,28.8967342376709,28.8967342376709,26.15900230407715,23485390,2026-07-21 07:17:48.848178-03:00
YAHOO_FINANCE,ITUB4.SA,2025-02-28,28.8967342376709,29.046777725219727,28.190643310546875,28.190643310546875,25.519811630249023,40016653,2026-07-21 07:17:48.848178-03:00
YAHOO_FINANCE,ITUB4.SA,2025-03-05,28.605472564697266,28.74669075012207,28.243600845336914,28.59664535522461,25.901662826538086,29404182,2026-07-21 07:17:48.848178-03:00
YAHOO_FINANCE,ITUB4.SA,2025-03-06,28.59664535522461,28.887908935546875,28.4289493560791,28.64960289001465,25.949626922607422,21081617,2026-07-21 07:17:48.848178-03:00
YAHOO_FINANCE,ITUB4.SA,2025-03-07,28.57899284362793,29.055604934692383,28.46425437927246,28.773168563842773,26.061546325683594,23391804,2026-07-21 07:17:48.848178-03:00
YAHOO_FINANCE,ITUB4.SA,2025-03-10,28.640775680541992,29.029125213623047,28.473079681396484,29.029125213623047,26.29338264465332,31361893,2026-07-21 07:17:48.848178-03:00
YAHOO_FINANCE,ITUB4.SA,2025-03-11,29.082082748413086,29.082082748413086,28.605472564697266,28.773168563842773,26.061546325683594,21005253,2026-07-21 07:17:48.848178-03:00
YAHOO_FINANCE,ITUB4.SA,2025-03-12,28.87908172607422,28.949691772460938,28.605472564697266,28.86142921447754,26.14148712158203,20300754,2026-07-21 07:17:48.848178-03:00
YAHOO_FINANCE,ITUB4.SA,2025-03-13,28.86142921447754,29.4174747467041,28.808473587036133,29.329214096069336,26.5651912689209,32681045,2026-07-21 07:17:48.848178-03:00
YAHOO_FINANCE,ITUB4.SA,2025-03-14,29.479257583618164,30.4942626953125,29.4174747467041,30.28243637084961,27.42858123779297,35848233,2026-07-21 07:17:48.848178-03:00
YAHOO_FINANCE,ITUB4.SA,2025-03-17,30.26478385925293,31.28861427307129,30.22947883605957,31.191526412963867,28.251998901367188,30713817,2026-07-21 07:17:48.848178-03:00
YAHOO_FINANCE,ITUB4.SA,2025-03-18,31.368932723999023,31.640775680541992,31.213592529296875,31.359222412109375,28.403886795043945,30775164,2026-07-21 07:17:48.848178-03:00
YAHOO_FINANCE,ITUB4.SA,2025-03-19,31.55339813232422,31.660194396972656,31.30097007751465,31.436893463134766,28.47423553466797,25414117,2026-07-21 07:17:48.848178-03:00
YAHOO_FINANCE,ITUB4.SA,2025-03-20,31.388349533081055,31.601940155029297,30.922330856323242,31.145631790161133,28.210424423217773,32136515,2026-07-21 07:17:48.848178-03:00
YAHOO_FINANCE,ITUB4.SA,2025-03-21,31.17475700378418,31.359222412109375,31.04854393005371,31.213592529296875,28.271982192993164,49041184,2026-07-21 07:17:48.848178-03:00
YAHOO_FINANCE,ITUB4.SA,2025-03-24,31.145631790161133,31.378639221191406,31.009708404541016,31.242717742919922,28.298358917236328,32838563,2026-07-21 07:17:48.848178-03:00
YAHOO_FINANCE,ITUB4.SA,2025-03-25,31.359222412109375,31.990291595458984,31.359222412109375,31.495145797729492,28.527002334594727,19574017,2026-07-21 07:17:48.848178-03:00
YAHOO_FINANCE,ITUB4.SA,2025-03-26,31.601940155029297,31.650484085083008,31.029125213623047,31.155338287353516,28.219219207763672,32860090,2026-07-21 07:17:48.848178-03:00
YAHOO_FINANCE,ITUB4.SA,2025-03-27,31.213592529296875,31.262134552001953,31.029125213623047,31.19417381286621,28.254392623901367,29373952,2026-07-21 07:17:48.848178-03:00
YAHOO_FINANCE,ITUB4.SA,2025-03-28,31.04854393005371,31.203882217407227,30.55339813232422,30.766990661621094,27.867464065551758,22939851,2026-07-21 07:17:48.848178-03:00
YAHOO_FINANCE,ITUB4.SA,2025-03-31,30.679611206054688,30.679611206054688,30.184465408325195,30.495145797729492,27.621244430541992,26139340,2026-07-21 07:17:48.848178-03:00
YAHOO_FINANCE,ITUB4.SA,2025-04-01,30.475727081298828,30.74757194519043,30.262134552001953,30.485435485839844,27.627971649169922,12749134,2026-07-21 07:17:48.848178-03:00
YAHOO_FINANCE,ITUB4.SA,2025-04-02,30.456310272216797,30.69902992248535,30.2718448638916,30.495145797729492,27.63677406311035,12147820,2026-07-21 07:17:48.848178-03:00
YAHOO_FINANCE,ITUB4.SA,2025-04-03,30.242717742919922,31.262134552001953,30.184465408325195,31.038833618164062,28.129501342773438,32876673,2026-07-21 07:17:48.848178-03:00
YAHOO_FINANCE,ITUB4.SA,2025-04-04,30.660194396972656,30.815532684326172,30.009708404541016,30.233009338378906,27.399206161499023,32585286,2026-07-21 07:17:48.848178-03:00
YAHOO_FINANCE,ITUB4.SA,2025-04-07,30.0,30.69902992248535,29.650484085083008,30.291261672973633,27.452001571655273,33261069,2026-07-21 07:17:48.848178-03:00
YAHOO_FINANCE,ITUB4.SA,2025-04-08,30.62135887145996,30.84465980529785,30.087377548217773,30.30097007751465,27.460803985595703,37102660,2026-07-21 07:17:48.848178-03:00
YAHOO_FINANCE,ITUB4.SA,2025-04-09,30.097087860107422,31.407766342163086,29.922330856323242,30.854368209838867,27.962324142456055,37906369,2026-07-21 07:17:48.848178-03:00
YAHOO_FINANCE,ITUB4.SA,2025-04-10,30.737863540649414,31.106796264648438,30.22330093383789,30.7281551361084,27.847942352294922,36347258,2026-07-21 07:17:48.848178-03:00
YAHOO_FINANCE,ITUB4.SA,2025-04-11,30.834951400756836,31.19417381286621,30.52427101135254,30.883495330810547,27.988723754882812,28350853,2026-07-21 07:17:48.848178-03:00
YAHOO_FINANCE,ITUB4.SA,2025-04-14,31.22330093383789,31.57281494140625,31.038833618164062,31.388349533081055,28.446256637573242,27027200,2026-07-21 07:17:48.848178-03:00
YAHOO_FINANCE,ITUB4.SA,2025-04-15,31.34951400756836,31.834951400756836,31.262134552001953,31.786407470703125,28.807004928588867,25716216,2026-07-21 07:17:48.848178-03:00
YAHOO_FINANCE,ITUB4.SA,2025-04-16,31.650484085083008,31.961164474487305,31.55339813232422,31.737863540649414,28.76300811767578,32431301,2026-07-21 07:17:48.848178-03:00
YAHOO_FINANCE,ITUB4.SA,2025-04-17,31.62135887145996,31.87378692626953,31.4174747467041,31.79611587524414,28.81580352783203,20502356,2026-07-21 07:17:48.848178-03:00
YAHOO_FINANCE,ITUB4.SA,2025-04-22,31.74757194519043,32.563106536865234,31.669902801513672,32.417476654052734,29.37891960144043,21624747,2026-07-21 07:17:48.848178-03:00
YAHOO_FINANCE,ITUB4.SA,2025-04-23,32.708736419677734,33.17475509643555,32.57281494140625,33.09708786010742,29.994831085205078,28074813,2026-07-21 07:17:48.848178-03:00
YAHOO_FINANCE,ITUB4.SA,2025-04-24,33.155338287353516,33.79611587524414,33.077667236328125,33.73786544799805,30.57554817199707,27701953,2026-07-21 07:17:48.848178-03:00
YAHOO_FINANCE,ITUB4.SA,2025-04-25,33.73786544799805,33.951454162597656,33.49514389038086,33.61164855957031,30.461166381835938,32716096,2026-07-21 07:17:48.848178-03:00
YAHOO_FINANCE,ITUB4.SA,2025-04-28,33.6019401550293,34.04854202270508,33.46601867675781,33.97087478637695,30.786718368530273,15664343,2026-07-21 07:17:48.848178-03:00
YAHOO_FINANCE,ITUB4.SA,2025-04-29,33.98058319091797,34.38834762573242,33.8349494934082,34.24271774291992,31.033084869384766,25215842,2026-07-21 07:17:48.848178-03:00
YAHOO_FINANCE,ITUB4.SA,2025-04-30,34.02912521362305,34.640777587890625,34.009708404541016,34.5436897277832,31.30583953857422,32424606,2026-07-21 07:17:48.848178-03:00
YAHOO_FINANCE,ITUB4.SA,2025-05-02,34.38834762573242,34.640777587890625,33.73786544799805,34.436893463134766,31.22454261779785,39184393,2026-07-21 07:17:48.848178-03:00
YAHOO_FINANCE,ITUB4.SA,2025-05-05,34.22330093383789,34.359222412109375,33.73786544799805,33.82524108886719,30.66994857788086,28440154,2026-07-21 07:17:48.848178-03:00
YAHOO_FINANCE,ITUB4.SA,2025-05-06,33.805824279785156,33.864078521728516,33.417476654052734,33.65048599243164,30.511497497558594,17773062,2026-07-21 07:17:48.848178-03:00
YAHOO_FINANCE,ITUB4.SA,2025-05-07,33.90291213989258,34.11650466918945,33.71844482421875,34.01941680908203,30.846006393432617,13799837,2026-07-21 07:17:48.848178-03:00
YAHOO_FINANCE,ITUB4.SA,2025-05-08,34.563106536865234,34.951454162597656,34.11650466918945,34.291263580322266,31.092500686645508,34181683,2026-07-21 07:17:48.848178-03:00
YAHOO_FINANCE,ITUB4.SA,2025-05-09,35.339805603027344,36.16504669189453,34.74757385253906,36.1456298828125,32.77389144897461,59744738,2026-07-21 07:17:48.848178-03:00
YAHOO_FINANCE,ITUB4.SA,2025-05-12,36.34951400756836,36.34951400756836,35.194175720214844,35.417476654052734,32.113651275634766,27701747,2026-07-21 07:17:48.848178-03:00
YAHOO_FINANCE,ITUB4.SA,2025-05-13,35.61164855957031,36.02912521362305,35.4563102722168,35.854366302490234,32.50978469848633,25374256,2026-07-21 07:17:48.848178-03:00
YAHOO_FINANCE,ITUB4.SA,2025-05-14,35.864078521728516,36.25242614746094,35.73786544799805,36.09708786010742,32.72986602783203,18405585,2026-07-21 07:17:48.848178-03:00
YAHOO_FINANCE,ITUB4.SA,2025-05-15,36.27184295654297,36.66990280151367,36.135921478271484,36.582523345947266,33.17002487182617,27141221,2026-07-21 07:17:48.848178-03:00
YAHOO_FINANCE,ITUB4.SA,2025-05-16,36.582523345947266,36.89320373535156,36.281551361083984,36.79611587524414,33.36369323730469,30524874,2026-07-21 07:17:48.848178-03:00
YAHOO_FINANCE,ITUB4.SA,2025-05-19,36.71844482421875,37.46601867675781,36.61164855957031,37.233009338378906,33.759830474853516,25052690,2026-07-21 07:17:48.848178-03:00
YAHOO_FINANCE,ITUB4.SA,2025-05-20,37.26213455200195,37.26213455200195,36.75728225708008,37.18446731567383,33.715816497802734,18517546,2026-07-21 07:17:48.848178-03:00
YAHOO_FINANCE,ITUB4.SA,2025-05-21,37.077667236328125,37.087379455566406,36.135921478271484,36.436893463134766,33.03798294067383,20822892,2026-07-21 07:17:48.848178-03:00
YAHOO_FINANCE,ITUB4.SA,2025-05-22,36.5436897277832,36.640777587890625,36.058250427246094,36.18446731567383,32.809104919433594,23576494,2026-07-21 07:17:48.848178-03:00
YAHOO_FINANCE,ITUB4.SA,2025-05-23,35.53398132324219,36.621360778808594,35.300968170166016,36.621360778808594,33.20524215698242,20729677,2026-07-21 07:17:48.848178-03:00
YAHOO_FINANCE,ITUB4.SA,2025-05-26,36.524269104003906,37.135921478271484,36.44660186767578,36.69902801513672,33.275657653808594,6695412,2026-07-21 07:17:48.848178-03:00
YAHOO_FINANCE,ITUB4.SA,2025-05-27,37.18446731567383,37.49514389038086,36.766990661621094,36.990291595458984,33.53976821899414,15157789,2026-07-21 07:17:48.848178-03:00
YAHOO_FINANCE,ITUB4.SA,2025-05-28,36.97087478637695,37.03883361816406,36.6019401550293,36.6893196105957,33.2668571472168,14984646,2026-07-21 07:17:48.848178-03:00
YAHOO_FINANCE,ITUB4.SA,2025-05-29,36.563106536865234,36.854366302490234,36.26213455200195,36.3980598449707,33.00277328491211,18040759,2026-07-21 07:17:48.848178-03:00
YAHOO_FINANCE,ITUB4.SA,2025-05-30,36.53398132324219,36.621360778808594,36.009708404541016,36.339805603027344,32.949951171875,32129614,2026-07-21 07:17:48.848178-03:00
YAHOO_FINANCE,ITUB4.SA,2025-06-02,36.57281494140625,36.660194396972656,35.951454162597656,36.067962646484375,32.71888732910156,23768074,2026-07-21 07:17:48.848178-03:00
YAHOO_FINANCE,ITUB4.SA,2025-06-03,35.932037353515625,36.067962646484375,35.708736419677734,35.951454162597656,32.613197326660156,24216330,2026-07-21 07:17:48.848178-03:00
YAHOO_FINANCE,ITUB4.SA,2025-06-04,36.087379455566406,36.20388412475586,35.6019401550293,35.864078521728516,32.53394317626953,17784701,2026-07-21 07:17:48.848178-03:00
YAHOO_FINANCE,ITUB4.SA,2025-06-05,35.92232894897461,35.92232894897461,35.32038879394531,35.42718505859375,32.13761520385742,25542146,2026-07-21 07:17:48.848178-03:00
YAHOO_FINANCE,ITUB4.SA,2025-06-06,35.40776443481445,35.67961120605469,35.24271774291992,35.514564514160156,32.21687316894531,18733537,2026-07-21 07:17:48.848178-03:00
YAHOO_FINANCE,ITUB4.SA,2025-06-09,35.40776443481445,35.563106536865234,34.82524108886719,35.33009719848633,32.04954528808594,24664895,2026-07-21 07:17:48.848178-03:00
YAHOO_FINANCE,ITUB4.SA,2025-06-10,35.436893463134766,35.514564514160156,34.92232894897461,34.951454162597656,31.99984359741211,20974508,2026-07-21 07:17:48.848178-03:00
YAHOO_FINANCE,ITUB4.SA,2025-06-11,34.92232894897461,35.524269104003906,34.69902801513672,35.27184295654297,32.293182373046875,16665400,2026-07-21 07:17:48.848178-03:00
YAHOO_FINANCE,ITUB4.SA,2025-06-12,35.03883361816406,35.75728225708008,35.009708404541016,35.5436897277832,32.54207229614258,22525482,2026-07-21 07:17:48.848178-03:00
YAHOO_FINANCE,ITUB4.SA,2025-06-13,35.11650466918945,35.291263580322266,34.864078521728516,35.11650466918945,32.150962829589844,14821597,2026-07-21 07:17:48.848178-03:00
YAHOO_FINANCE,ITUB4.SA,2025-06-16,35.46601867675781,36.135921478271484,35.4563102722168,35.75728225708008,32.73761749267578,17874002,2026-07-21 07:17:48.848178-03:00
YAHOO_FINANCE,ITUB4.SA,2025-06-17,35.912620544433594,36.009708404541016,35.69902801513672,35.97087478637695,32.93318557739258,20133513,2026-07-21 07:17:48.848178-03:00
YAHOO_FINANCE,ITUB4.SA,2025-06-18,35.854366302490234,36.0,35.640777587890625,35.75728225708008,32.73761749267578,20285232,2026-07-21 07:17:48.848178-03:00
YAHOO_FINANCE,ITUB4.SA,2025-06-20,35.4563102722168,35.6019401550293,35.33009719848633,35.57281494140625,32.56873321533203,21841974,2026-07-21 07:17:48.848178-03:00
YAHOO_FINANCE,ITUB4.SA,2025-06-23,35.57281494140625,35.57281494140625,35.09708786010742,35.49514389038086,32.497623443603516,14711387,2026-07-21 07:17:48.848178-03:00
YAHOO_FINANCE,ITUB4.SA,2025-06-24,35.65048599243164,36.485435485839844,35.514564514160156,36.16504669189453,33.1109504699707,20742037,2026-07-21 07:17:48.848178-03:00
YAHOO_FINANCE,ITUB4.SA,2025-06-25,36.01941680908203,36.058250427246094,35.378639221191406,35.514564514160156,32.51539993286133,20384627,2026-07-21 07:17:48.848178-03:00
YAHOO_FINANCE,ITUB4.SA,2025-06-26,35.563106536865234,35.71844482421875,35.1456298828125,35.25242614746094,32.27540588378906,23717707,2026-07-21 07:17:48.848178-03:00
YAHOO_FINANCE,ITUB4.SA,2025-06-27,34.951454162597656,35.300968170166016,34.89320373535156,35.213592529296875,32.23985290527344,14240265,2026-07-21 07:17:48.848178-03:00
YAHOO_FINANCE,ITUB4.SA,2025-06-30,35.09708786010742,35.88349533081055,34.87378692626953,35.87378692626953,32.84428787231445,30712643,2026-07-21 07:17:48.848178-03:00
YAHOO_FINANCE,ITUB4.SA,2025-07-01,35.854366302490234,36.087379455566406,35.73786544799805,36.01941680908203,32.99338150024414,18712010,2026-07-21 07:17:48.848178-03:00
YAHOO_FINANCE,ITUB4.SA,2025-07-02,36.01941680908203,36.194175720214844,35.485435485839844,35.728153228759766,32.726585388183594,20331479,2026-07-21 07:17:48.848178-03:00
YAHOO_FINANCE,ITUB4.SA,2025-07-03,35.766990661621094,36.69902801513672,35.766990661621094,36.61164855957031,33.535858154296875,13945170,2026-07-21 07:17:48.848178-03:00
YAHOO_FINANCE,ITUB4.SA,2025-07-04,36.6019401550293,36.88349533081055,36.485435485839844,36.631065368652344,33.55364990234375,7528785,2026-07-21 07:17:48.848178-03:00
YAHOO_FINANCE,ITUB4.SA,2025-07-07,36.640777587890625,36.67961120605469,36.067962646484375,36.1456298828125,33.10899353027344,13885121,2026-07-21 07:17:48.848178-03:00
YAHOO_FINANCE,ITUB4.SA,2025-07-08,36.077667236328125,36.233009338378906,35.82524108886719,36.058250427246094,33.028953552246094,21526588,2026-07-21 07:17:48.848178-03:00
YAHOO_FINANCE,ITUB4.SA,2025-07-09,36.0,36.009708404541016,35.20388412475586,35.3106803894043,32.34418487548828,16093132,2026-07-21 07:17:48.848178-03:00
YAHOO_FINANCE,ITUB4.SA,2025-07-10,34.854366302490234,34.854366302490234,34.213592529296875,34.22330093383789,31.348163604736328,39571879,2026-07-21 07:17:48.848178-03:00
YAHOO_FINANCE,ITUB4.SA,2025-07-11,34.12621307373047,34.17475509643555,33.71844482421875,33.94174575805664,31.090255737304688,43139284,2026-07-21 07:17:48.848178-03:00
YAHOO_FINANCE,ITUB4.SA,2025-07-14,33.912620544433594,34.009708404541016,33.504852294921875,33.88349533081055,31.03690528869629,26665052,2026-07-21 07:17:48.848178-03:00
YAHOO_FINANCE,ITUB4.SA,2025-07-15,33.88349533081055,34.194175720214844,33.67961120605469,34.0,31.143613815307617,27356285,2026-07-21 07:17:48.848178-03:00
YAHOO_FINANCE,ITUB4.SA,2025-07-16,34.067962646484375,34.27184295654297,33.864078521728516,34.16504669189453,31.294801712036133,27655294,2026-07-21 07:17:48.848178-03:00
YAHOO_FINANCE,ITUB4.SA,2025-07-17,34.18446731567383,34.79611587524414,34.16504669189453,34.67961120605469,31.76614761352539,25587775,2026-07-21 07:17:48.848178-03:00
YAHOO_FINANCE,ITUB4.SA,2025-07-18,34.38834762573242,34.67961120605469,33.97087478637695,34.04854202270508,31.188081741333008,32227155,2026-07-21 07:17:48.848178-03:00
YAHOO_FINANCE,ITUB4.SA,2025-07-21,34.02912521362305,34.5436897277832,33.990291595458984,34.44660186767578,31.552703857421875,12354541,2026-07-21 07:17:48.848178-03:00
YAHOO_FINANCE,ITUB4.SA,2025-07-22,34.46601867675781,34.69902801513672,33.92232894897461,33.98058319091797,31.125837326049805,23330324,2026-07-21 07:17:48.848178-03:00
YAHOO_FINANCE,ITUB4.SA,2025-07-23,33.94174575805664,34.49514389038086,33.844661712646484,34.359222412109375,31.4726619720459,13271962,2026-07-21 07:17:48.848178-03:00
YAHOO_FINANCE,ITUB4.SA,2025-07-24,34.24271774291992,34.24271774291992,33.8349494934082,34.03883361816406,31.179187774658203,11460089,2026-07-21 07:17:48.848178-03:00
YAHOO_FINANCE,ITUB4.SA,2025-07-25,34.009708404541016,34.4563102722168,34.009708404541016,34.18446731567383,31.312589645385742,18518061,2026-07-21 07:17:48.848178-03:00
YAHOO_FINANCE,ITUB4.SA,2025-07-28,34.25242614746094,34.291263580322266,33.155338287353516,33.46601867675781,30.654499053955078,17849385,2026-07-21 07:17:48.848178-03:00
YAHOO_FINANCE,ITUB4.SA,2025-07-29,33.436893463134766,33.844661712646484,33.36893081665039,33.660194396972656,30.832359313964844,16655821,2026-07-21 07:17:48.848178-03:00
YAHOO_FINANCE,ITUB4.SA,2025-07-30,33.504852294921875,34.233009338378906,33.3106803894043,34.04854202270508,31.188081741333008,19531787,2026-07-21 07:17:48.848178-03:00
YAHOO_FINANCE,ITUB4.SA,2025-07-31,33.66990280151367,34.194175720214844,33.631065368652344,34.135921478271484,31.268123626708984,22001830,2026-07-21 07:17:48.848178-03:00
YAHOO_FINANCE,ITUB4.SA,2025-08-01,34.563106536865234,34.71844482421875,33.728153228759766,33.912620544433594,31.079187393188477,16498643,2026-07-21 07:17:48.848178-03:00
YAHOO_FINANCE,ITUB4.SA,2025-08-04,34.40776443481445,34.524269104003906,34.009708404541016,34.27184295654297,31.40839195251465,17430072,2026-07-21 07:17:48.848178-03:00
YAHOO_FINANCE,ITUB4.SA,2025-08-05,34.194175720214844,34.88349533081055,34.03883361816406,34.65048599243164,31.755401611328125,49690805,2026-07-21 07:17:48.848178-03:00
YAHOO_FINANCE,ITUB4.SA,2025-08-06,35.233009338378906,36.067962646484375,35.04854202270508,35.087379455566406,32.15579605102539,41157358,2026-07-21 07:17:48.848178-03:00
YAHOO_FINANCE,ITUB4.SA,2025-08-07,35.18446731567383,35.932037353515625,35.058250427246094,35.708736419677734,32.7252311706543,26887326,2026-07-21 07:17:48.848178-03:00
YAHOO_FINANCE,ITUB4.SA,2025-08-08,35.71844482421875,36.067962646484375,35.67961120605469,35.951454162597656,32.947669982910156,18329262,2026-07-21 07:17:48.848178-03:00
YAHOO_FINANCE,ITUB4.SA,2025-08-11,35.73786544799805,36.281551361083984,35.66990280151367,36.17475509643555,33.15230941772461,22695226,2026-07-21 07:17:48.848178-03:00
YAHOO_FINANCE,ITUB4.SA,2025-08-12,36.36893081665039,37.155338287353516,36.300968170166016,36.92232894897461,33.83742904663086,27812781,2026-07-21 07:17:48.848178-03:00
YAHOO_FINANCE,ITUB4.SA,2025-08-13,36.81553268432617,37.009708404541016,36.55339813232422,36.57281494140625,33.517120361328125,22618491,2026-07-21 07:17:48.848178-03:00
YAHOO_FINANCE,ITUB4.SA,2025-08-14,36.26213455200195,36.89320373535156,36.194175720214844,36.524269104003906,33.47262191772461,26818728,2026-07-21 07:17:48.848178-03:00
YAHOO_FINANCE,ITUB4.SA,2025-08-15,36.3980598449707,36.728153228759766,36.26213455200195,36.3980598449707,33.356964111328125,19527976,2026-07-21 07:17:48.848178-03:00
YAHOO_FINANCE,ITUB4.SA,2025-08-18,36.504852294921875,36.951454162597656,36.417476654052734,36.660194396972656,33.597198486328125,21658634,2026-07-21 07:17:48.848178-03:00
YAHOO_FINANCE,ITUB4.SA,2025-08-19,35.8349494934082,35.844661712646484,34.844661712646484,35.25242614746094,32.62098693847656,40817973,2026-07-21 07:17:48.848178-03:00
YAHOO_FINANCE,ITUB4.SA,2025-08-20,35.213592529296875,35.46601867675781,35.0,35.27184295654297,32.638954162597656,16894884,2026-07-21 07:17:48.848178-03:00
YAHOO_FINANCE,ITUB4.SA,2025-08-21,35.0,35.36893081665039,34.94174575805664,35.3106803894043,32.67489242553711,16147619,2026-07-21 07:17:48.848178-03:00
YAHOO_FINANCE,ITUB4.SA,2025-08-22,35.436893463134766,36.33009719848633,35.33009719848633,36.300968170166016,33.59125900268555,32623087,2026-07-21 07:17:48.848178-03:00
YAHOO_FINANCE,ITUB4.SA,2025-08-25,36.38834762573242,36.485435485839844,36.02912521362305,36.11650466918945,33.420570373535156,11064054,2026-07-21 07:17:48.848178-03:00
YAHOO_FINANCE,ITUB4.SA,2025-08-26,36.16504669189453,36.20388412475586,35.485435485839844,35.87378692626953,33.19596862792969,22088247,2026-07-21 07:17:48.848178-03:00
YAHOO_FINANCE,ITUB4.SA,2025-08-27,35.728153228759766,36.49514389038086,35.582523345947266,36.47572708129883,33.752967834472656,12612968,2026-07-21 07:17:48.848178-03:00
YAHOO_FINANCE,ITUB4.SA,2025-08-28,36.73786544799805,37.59223175048828,36.621360778808594,37.233009338378906,34.45372772216797,25167947,2026-07-21 07:17:48.848178-03:00
YAHOO_FINANCE,ITUB4.SA,2025-08-29,37.34951400756836,37.524269104003906,37.20388412475586,37.36893081665039,34.57950973510742,32600942,2026-07-21 07:17:48.848178-03:00
YAHOO_FINANCE,ITUB4.SA,2025-09-01,37.46601867675781,37.932037353515625,37.36893081665039,37.65048599243164,34.85602569580078,14863209,2026-07-21 07:17:48.848178-03:00
YAHOO_FINANCE,ITUB4.SA,2025-09-02,37.03883361816406,37.359222412109375,36.854366302490234,37.009708404541016,34.26280212402344,24358676,2026-07-21 07:17:48.848178-03:00
YAHOO_FINANCE,ITUB4.SA,2025-09-03,37.009708404541016,37.17475509643555,36.53398132324219,36.6893196105957,33.9661979675293,20686108,2026-07-21 07:17:48.848178-03:00
YAHOO_FINANCE,ITUB4.SA,2025-09-04,36.67961120605469,37.233009338378906,36.417476654052734,36.8349494934082,34.101016998291016,15877244,2026-07-21 07:17:48.848178-03:00
YAHOO_FINANCE,ITUB4.SA,2025-09-05,37.20388412475586,37.6893196105957,36.98058319091797,37.24271774291992,34.47852325439453,15664343,2026-07-21 07:17:48.848178-03:00
YAHOO_FINANCE,ITUB4.SA,2025-09-08,37.24271774291992,37.291263580322266,36.66990280151367,37.067962646484375,34.31673812866211,11800195,2026-07-21 07:17:48.848178-03:00
YAHOO_FINANCE,ITUB4.SA,2025-09-09,37.25242614746094,37.25242614746094,36.69902801513672,36.74757385253906,34.02012634277344,19497179,2026-07-21 07:17:48.848178-03:00
YAHOO_FINANCE,ITUB4.SA,2025-09-10,36.75728225708008,37.233009338378906,36.69902801513672,36.77669906616211,34.047096252441406,14517129,2026-07-21 07:17:48.848178-03:00
YAHOO_FINANCE,ITUB4.SA,2025-09-11,36.94174575805664,37.61164855957031,36.844661712646484,36.844661712646484,34.110008239746094,18078972,2026-07-21 07:17:48.848178-03:00
YAHOO_FINANCE,ITUB4.SA,2025-09-12,36.621360778808594,36.660194396972656,36.17475509643555,36.291263580322266,33.597686767578125,22589754,2026-07-21 07:17:48.848178-03:00
YAHOO_FINANCE,ITUB4.SA,2025-09-15,36.417476654052734,37.067962646484375,36.32038879394531,36.89320373535156,34.15494918823242,14196181,2026-07-21 07:17:48.848178-03:00
YAHOO_FINANCE,ITUB4.SA,2025-09-16,37.077667236328125,37.135921478271484,36.57281494140625,36.79611587524414,34.065067291259766,19993536,2026-07-21 07:17:48.848178-03:00
YAHOO_FINANCE,ITUB4.SA,2025-09-17,36.82524108886719,37.6893196105957,36.75728225708008,37.32038879394531,34.5504264831543,25226348,2026-07-21 07:17:48.848178-03:00
YAHOO_FINANCE,ITUB4.SA,2025-09-18,37.32038879394531,37.42718505859375,37.04854202270508,37.36893081665039,34.59537124633789,15433005,2026-07-21 07:17:48.848178-03:00
YAHOO_FINANCE,ITUB4.SA,2025-09-19,37.378639221191406,37.864078521728516,37.33009719848633,37.864078521728516,35.05377197265625,26702853,2026-07-21 07:17:48.848178-03:00
YAHOO_FINANCE,ITUB4.SA,2025-09-22,37.6019401550293,37.728153228759766,37.16504669189453,37.32038879394531,34.5504264831543,18325039,2026-07-21 07:17:48.848178-03:00
YAHOO_FINANCE,ITUB4.SA,2025-09-23,37.34951400756836,38.09708786010742,37.34951400756836,37.912620544433594,35.09871292114258,16930110,2026-07-21 07:17:48.848178-03:00
YAHOO_FINANCE,ITUB4.SA,2025-09-24,37.92232894897461,38.0,37.582523345947266,37.660194396972656,34.865013122558594,18713452,2026-07-21 07:17:48.848178-03:00
YAHOO_FINANCE,ITUB4.SA,2025-09-25,37.67961120605469,37.88349533081055,37.34951400756836,37.359222412109375,34.58637619018555,15146768,2026-07-21 07:17:48.848178-03:00
YAHOO_FINANCE,ITUB4.SA,2025-09-26,37.417476654052734,37.728153228759766,37.36893081665039,37.5436897277832,34.75716018676758,12786935,2026-07-21 07:17:48.848178-03:00
YAHOO_FINANCE,ITUB4.SA,2025-09-29,37.94174575805664,38.213592529296875,37.728153228759766,37.75728225708008,34.95490264892578,19124422,2026-07-21 07:17:48.848178-03:00
YAHOO_FINANCE,ITUB4.SA,2025-09-30,38.25242614746094,38.34951400756836,37.59223175048828,37.932037353515625,35.11669158935547,33263438,2026-07-21 07:17:48.848178-03:00
YAHOO_FINANCE,ITUB4.SA,2025-10-01,38.11650466918945,38.26213455200195,37.18446731567383,37.233009338378906,34.4851188659668,25519177,2026-07-21 07:17:48.848178-03:00
YAHOO_FINANCE,ITUB4.SA,2025-10-02,37.300968170166016,37.57281494140625,36.786407470703125,36.82524108886719,34.107444763183594,17094601,2026-07-21 07:17:48.848178-03:00
YAHOO_FINANCE,ITUB4.SA,2025-10-03,36.805824279785156,37.09708786010742,36.621360778808594,37.09708786010742,34.35922622680664,17766985,2026-07-21 07:17:48.848178-03:00
YAHOO_FINANCE,ITUB4.SA,2025-10-06,37.087379455566406,37.135921478271484,36.66990280151367,36.66990280151367,33.96356964111328,14832309,2026-07-21 07:17:48.848178-03:00
YAHOO_FINANCE,ITUB4.SA,2025-10-07,36.621360778808594,36.631065368652344,35.89320373535156,36.087379455566406,33.42403793334961,20705472,2026-07-21 07:17:48.848178-03:00
YAHOO_FINANCE,ITUB4.SA,2025-10-08,36.16504669189453,36.359222412109375,35.97087478637695,36.155338287353516,33.48698425292969,15395204,2026-07-21 07:17:48.848178-03:00
YAHOO_FINANCE,ITUB4.SA,2025-10-09,36.33009719848633,36.33009719848633,35.88349533081055,36.09708786010742,33.43302917480469,18067539,2026-07-21 07:17:48.848178-03:00
YAHOO_FINANCE,ITUB4.SA,2025-10-10,36.281551361083984,36.46601867675781,35.951454162597656,36.058250427246094,33.397064208984375,23250808,2026-07-21 07:17:48.848178-03:00
YAHOO_FINANCE,ITUB4.SA,2025-10-13,36.194175720214844,36.436893463134766,36.194175720214844,36.20388412475586,33.531944274902344,8194989,2026-07-21 07:17:48.848178-03:00
YAHOO_FINANCE,ITUB4.SA,2025-10-14,36.10679626464844,36.73786544799805,36.10679626464844,36.359222412109375,33.67581558227539,21154861,2026-07-21 07:17:48.848178-03:00
YAHOO_FINANCE,ITUB4.SA,2025-10-15,36.233009338378906,36.6019401550293,35.98058319091797,36.359222412109375,33.67581558227539,21972166,2026-07-21 07:17:48.848178-03:00
YAHOO_FINANCE,ITUB4.SA,2025-10-16,36.233009338378906,36.69902801513672,36.01941680908203,36.27184295654297,33.594879150390625,15847580,2026-07-21 07:17:48.848178-03:00
YAHOO_FINANCE,ITUB4.SA,2025-10-17,36.067962646484375,36.524269104003906,35.932037353515625,36.3980598449707,33.711788177490234,17469315,2026-07-21 07:17:48.848178-03:00
YAHOO_FINANCE,ITUB4.SA,2025-10-20,36.524269104003906,37.233009338378906,36.485435485839844,37.04854202270508,34.31426239013672,19114019,2026-07-21 07:17:48.848178-03:00
YAHOO_FINANCE,ITUB4.SA,2025-10-21,37.04854202270508,37.11650466918945,36.66990280151367,36.69902801513672,33.990535736083984,14013871,2026-07-21 07:17:48.848178-03:00
YAHOO_FINANCE,ITUB4.SA,2025-10-22,36.82524108886719,37.0,36.640777587890625,37.0,34.26930236816406,13890374,2026-07-21 07:17:48.848178-03:00
YAHOO_FINANCE,ITUB4.SA,2025-10-23,37.135921478271484,37.22330093383789,36.77669906616211,36.97087478637695,34.24232864379883,11432588,2026-07-21 07:17:48.848178-03:00
YAHOO_FINANCE,ITUB4.SA,2025-10-24,37.26213455200195,37.3980598449707,36.87378692626953,36.92232894897461,34.19736099243164,10169911,2026-07-21 07:17:48.848178-03:00
YAHOO_FINANCE,ITUB4.SA,2025-10-27,37.20388412475586,37.485435485839844,37.077667236328125,37.233009338378906,34.4851188659668,11194349,2026-07-21 07:17:48.848178-03:00
YAHOO_FINANCE,ITUB4.SA,2025-10-28,37.12621307373047,37.359222412109375,37.077667236328125,37.359222412109375,34.60200881958008,10478499,2026-07-21 07:17:48.848178-03:00
YAHOO_FINANCE,ITUB4.SA,2025-10-29,37.42718505859375,38.359222412109375,37.42718505859375,38.194175720214844,35.375343322753906,27235466,2026-07-21 07:17:48.848178-03:00
YAHOO_FINANCE,ITUB4.SA,2025-10-30,38.12621307373047,38.524269104003906,37.88349533081055,38.1456298828125,35.330379486083984,18657008,2026-07-21 07:17:48.848178-03:00
YAHOO_FINANCE,ITUB4.SA,2025-10-31,38.291263580322266,38.47572708129883,38.17475509643555,38.291263580322266,35.46527099609375,16449821,2026-07-21 07:17:48.848178-03:00
YAHOO_FINANCE,ITUB4.SA,2025-11-03,38.73786544799805,38.96116638183594,38.3980598449707,38.912620544433594,36.05690002441406,17968144,2026-07-21 07:17:48.848178-03:00
YAHOO_FINANCE,ITUB4.SA,2025-11-04,38.88349533081055,39.0,38.65048599243164,38.79611587524414,35.94894790649414,20386481,2026-07-21 07:17:48.848178-03:00
YAHOO_FINANCE,ITUB4.SA,2025-11-05,38.79611587524414,38.990291595458984,38.155338287353516,38.96116638183594,36.10188674926758,36312135,2026-07-21 07:17:48.848178-03:00
YAHOO_FINANCE,ITUB4.SA,2025-11-06,38.92232894897461,39.6019401550293,38.844661712646484,38.96116638183594,36.10188674926758,23226500,2026-07-21 07:17:48.848178-03:00
YAHOO_FINANCE,ITUB4.SA,2025-11-07,38.96116638183594,39.02912521362305,38.61164855957031,39.0,36.13787078857422,12706904,2026-07-21 07:17:48.848178-03:00
YAHOO_FINANCE,ITUB4.SA,2025-11-10,39.17475509643555,39.339805603027344,39.04854202270508,39.26213455200195,36.38076400756836,16552409,2026-07-21 07:17:48.848178-03:00
YAHOO_FINANCE,ITUB4.SA,2025-11-11,39.417476654052734,40.16504669189453,39.26213455200195,40.01941680908203,37.08246612548828,37289193,2026-07-21 07:17:48.848178-03:00
YAHOO_FINANCE,ITUB4.SA,2025-11-12,40.01941680908203,40.1456298828125,38.96116638183594,39.10679626464844,36.2368278503418,36789128,2026-07-21 07:17:48.848178-03:00
YAHOO_FINANCE,ITUB4.SA,2025-11-13,39.281551361083984,39.854366302490234,39.009708404541016,39.26213455200195,36.38076400756836,33686974,2026-07-21 07:17:48.848178-03:00
YAHOO_FINANCE,ITUB4.SA,2025-11-14,39.24271774291992,39.49514389038086,39.03883361816406,39.417476654052734,36.52470779418945,17006742,2026-07-21 07:17:48.848178-03:00
YAHOO_FINANCE,ITUB4.SA,2025-11-17,39.417476654052734,39.514564514160156,39.01941680908203,39.12621307373047,36.25482177734375,43985120,2026-07-21 07:17:48.848178-03:00
YAHOO_FINANCE,ITUB4.SA,2025-11-18,38.786407470703125,39.17475509643555,38.73786544799805,38.932037353515625,36.07489013671875,17147337,2026-07-21 07:17:48.848178-03:00
YAHOO_FINANCE,ITUB4.SA,2025-11-19,38.88349533081055,39.02912521362305,38.582523345947266,38.6893196105957,35.84999465942383,25766686,2026-07-21 07:17:48.848178-03:00
YAHOO_FINANCE,ITUB4.SA,2025-11-21,38.6893196105957,38.864078521728516,38.3980598449707,38.805824279785156,35.957942962646484,16502454,2026-07-21 07:17:48.848178-03:00
YAHOO_FINANCE,ITUB4.SA,2025-11-24,38.75728225708008,39.0,38.563106536865234,38.660194396972656,35.823001861572266,29014997,2026-07-21 07:17:48.848178-03:00
YAHOO_FINANCE,ITUB4.SA,2025-11-25,38.8349494934082,39.04854202270508,38.57281494140625,38.74757385253906,35.903968811035156,30345963,2026-07-21 07:17:48.848178-03:00
YAHOO_FINANCE,ITUB4.SA,2025-11-26,38.932037353515625,39.71844482421875,38.805824279785156,39.660194396972656,36.749610900878906,22251296,2026-07-21 07:17:48.848178-03:00
YAHOO_FINANCE,ITUB4.SA,2025-11-27,39.47572708129883,39.6893196105957,39.3980598449707,39.524269104003906,36.623661041259766,9469408,2026-07-21 07:17:48.848178-03:00
YAHOO_FINANCE,ITUB4.SA,2025-11-28,40.067962646484375,40.6893196105957,40.0,40.42718505859375,37.46031951904297,45311657,2026-07-21 07:17:48.848178-03:00
YAHOO_FINANCE,ITUB4.SA,2025-12-01,40.49514389038086,40.53398132324219,39.951454162597656,40.09708786010742,37.17019271850586,15912985,2026-07-21 07:17:48.848178-03:00
YAHOO_FINANCE,ITUB4.SA,2025-12-02,40.25242614746094,40.990291595458984,40.233009338378906,40.990291595458984,37.998199462890625,21175667,2026-07-21 07:17:48.848178-03:00
YAHOO_FINANCE,ITUB4.SA,2025-12-03,41.067962646484375,41.22330093383789,40.69902801513672,40.990291595458984,37.998199462890625,23159653,2026-07-21 07:17:48.848178-03:00
YAHOO_FINANCE,ITUB4.SA,2025-12-04,41.12621307373047,42.0,41.11650466918945,42.0,38.9342041015625,23199514,2026-07-21 07:17:48.848178-03:00
YAHOO_FINANCE,ITUB4.SA,2025-12-05,42.04854202270508,42.135921478271484,39.951454162597656,40.058250427246094,37.134193420410156,39832160,2026-07-21 07:17:48.848178-03:00
YAHOO_FINANCE,ITUB4.SA,2025-12-08,40.728153228759766,40.854366302490234,40.01941680908203,40.25242614746094,37.31420135498047,40458400,2026-07-21 07:17:48.848178-03:00
YAHOO_FINANCE,ITUB4.SA,2025-12-09,40.16504669189453,40.291263580322266,39.5436897277832,40.16504669189453,37.23319625854492,24725047,2026-07-21 07:17:48.848178-03:00
YAHOO_FINANCE,ITUB4.SA,2025-12-10,38.058250427246094,38.485435485839844,37.75728225708008,38.291263580322266,37.526222229003906,25643189,2026-07-21 07:17:48.848178-03:00
YAHOO_FINANCE,ITUB4.SA,2025-12-11,38.25242614746094,38.6019401550293,38.077667236328125,38.26213455200195,37.497676849365234,21275268,2026-07-21 07:17:48.848178-03:00
YAHOO_FINANCE,ITUB4.SA,2025-12-12,38.5436897277832,38.89320373535156,38.20388412475586,38.6019401550293,37.8306999206543,17595593,2026-07-21 07:17:48.848178-03:00
YAHOO_FINANCE,ITUB4.SA,2025-12-15,39.009708404541016,39.3980598449707,38.73786544799805,39.18446731567383,38.401588439941406,17767809,2026-07-21 07:17:48.848178-03:00
YAHOO_FINANCE,ITUB4.SA,2025-12-16,38.990291595458984,39.03883361816406,38.17475509643555,38.17475509643555,37.41204833984375,20379168,2026-07-21 07:17:48.848178-03:00
YAHOO_FINANCE,ITUB4.SA,2025-12-17,37.96116638183594,38.194175720214844,37.621360778808594,37.8349494934082,37.07903289794922,31625017,2026-07-21 07:17:48.848178-03:00
YAHOO_FINANCE,ITUB4.SA,2025-12-18,37.6893196105957,38.11650466918945,37.6893196105957,38.02912521362305,37.269325256347656,21898830,2026-07-21 07:17:48.848178-03:00
YAHOO_FINANCE,ITUB4.SA,2025-12-19,38.20388412475586,38.8349494934082,38.04854202270508,38.378639221191406,37.61186218261719,35446214,2026-07-21 07:17:48.848178-03:00
YAHOO_FINANCE,ITUB4.SA,2025-12-22,38.32038879394531,38.563106536865234,38.1456298828125,38.4563102722168,37.68797302246094,15858704,2026-07-21 07:17:48.848178-03:00
YAHOO_FINANCE,ITUB4.SA,2025-12-23,38.640777587890625,39.17475509643555,38.582523345947266,39.087379455566406,38.30643844604492,10490138,2026-07-21 07:17:48.848178-03:00
YAHOO_FINANCE,ITUB4.SA,2025-12-26,39.02000045776367,39.220001220703125,38.709999084472656,39.099998474121094,38.31880569458008,12196300,2026-07-21 07:17:48.848178-03:00
YAHOO_FINANCE,ITUB4.SA,2025-12-29,39.18000030517578,39.27000045776367,38.86000061035156,38.97999954223633,38.20120620727539,10657000,2026-07-21 07:17:48.848178-03:00
YAHOO_FINANCE,ITUB4.SA,2025-12-30,39.22999954223633,39.66999816894531,39.150001525878906,39.22999954223633,38.44620895385742,13764900,2026-07-21 07:17:48.848178-03:00
YAHOO_FINANCE,ITUB4.SA,2026-01-02,39.630001068115234,39.77000045776367,39.150001525878906,39.150001525878906,38.385597229003906,18846800,2026-07-21 07:17:48.848178-03:00
YAHOO_FINANCE,ITUB4.SA,2026-01-05,39.2400016784668,40.13999938964844,39.060001373291016,39.720001220703125,38.94447326660156,24438700,2026-07-21 07:17:48.848178-03:00
YAHOO_FINANCE,ITUB4.SA,2026-01-06,40.09000015258789,40.47999954223633,39.959999084472656,39.959999084472656,39.179786682128906,21959800,2026-07-21 07:17:48.848178-03:00
YAHOO_FINANCE,ITUB4.SA,2026-01-07,39.900001525878906,39.97999954223633,39.189998626708984,39.31999969482422,38.552284240722656,20894500,2026-07-21 07:17:48.848178-03:00
YAHOO_FINANCE,ITUB4.SA,2026-01-08,39.349998474121094,40.09000015258789,39.22999954223633,39.93000030517578,39.15037536621094,17209400,2026-07-21 07:17:48.848178-03:00
YAHOO_FINANCE,ITUB4.SA,2026-01-09,39.93000030517578,40.290000915527344,39.77000045776367,39.849998474121094,39.071929931640625,17023600,2026-07-21 07:17:48.848178-03:00
YAHOO_FINANCE,ITUB4.SA,2026-01-12,39.849998474121094,39.90999984741211,39.4900016784668,39.4900016784668,38.718955993652344,10672200,2026-07-21 07:17:48.848178-03:00
YAHOO_FINANCE,ITUB4.SA,2026-01-13,39.470001220703125,39.56999969482422,39.16999816894531,39.16999816894531,38.40520477294922,17397400,2026-07-21 07:17:48.848178-03:00
YAHOO_FINANCE,ITUB4.SA,2026-01-14,39.470001220703125,39.65999984741211,39.220001220703125,39.599998474121094,38.826805114746094,21222100,2026-07-21 07:17:48.848178-03:00
YAHOO_FINANCE,ITUB4.SA,2026-01-15,39.79999923706055,40.220001220703125,39.65999984741211,39.939998626708984,39.16017150878906,19093500,2026-07-21 07:17:48.848178-03:00
YAHOO_FINANCE,ITUB4.SA,2026-01-16,39.970001220703125,40.09000015258789,39.459999084472656,39.61000061035156,38.83661651611328,19742500,2026-07-21 07:17:48.848178-03:00
YAHOO_FINANCE,ITUB4.SA,2026-01-19,39.720001220703125,39.869998931884766,39.529998779296875,39.54999923706055,38.77779006958008,7190900,2026-07-21 07:17:48.848178-03:00
YAHOO_FINANCE,ITUB4.SA,2026-01-20,39.349998474121094,40.09000015258789,39.06999969482422,39.91999816894531,39.14056396484375,20693900,2026-07-21 07:17:48.848178-03:00
YAHOO_FINANCE,ITUB4.SA,2026-01-21,40.27000045776367,41.77000045776367,40.2400016784668,41.66999816894531,40.85639572143555,39510800,2026-07-21 07:17:48.848178-03:00
YAHOO_FINANCE,ITUB4.SA,2026-01-22,41.959999084472656,43.56999969482422,41.900001525878906,43.08000183105469,42.23887252807617,42959700,2026-07-21 07:17:48.848178-03:00
YAHOO_FINANCE,ITUB4.SA,2026-01-23,43.189998626708984,43.90999984741211,43.040000915527344,43.56999969482422,42.719303131103516,41025100,2026-07-21 07:17:48.848178-03:00
YAHOO_FINANCE,ITUB4.SA,2026-01-26,43.5099983215332,44.34000015258789,43.279998779296875,44.150001525878906,43.28797912597656,25371700,2026-07-21 07:17:48.848178-03:00
YAHOO_FINANCE,ITUB4.SA,2026-01-27,44.779998779296875,46.06999969482422,44.689998626708984,45.31999969482422,44.43513107299805,40280000,2026-07-21 07:17:48.848178-03:00
YAHOO_FINANCE,ITUB4.SA,2026-01-28,45.63999938964844,46.41999816894531,45.630001068115234,46.34000015258789,45.435211181640625,36337500,2026-07-21 07:17:48.848178-03:00
YAHOO_FINANCE,ITUB4.SA,2026-01-29,46.68000030517578,47.04999923706055,45.650001525878906,46.150001525878906,45.248924255371094,36252700,2026-07-21 07:17:48.848178-03:00
YAHOO_FINANCE,ITUB4.SA,2026-01-30,46.09000015258789,46.380001068115234,44.97999954223633,45.5,44.61161422729492,38117000,2026-07-21 07:17:48.848178-03:00
YAHOO_FINANCE,ITUB4.SA,2026-02-02,45.790000915527344,46.099998474121094,45.43000030517578,45.880001068115234,45.00217819213867,28095400,2026-07-21 07:17:48.848178-03:00
YAHOO_FINANCE,ITUB4.SA,2026-02-03,46.29999923706055,46.97999954223633,45.88999938964844,46.13999938964844,45.257198333740234,48570600,2026-07-21 07:17:48.848178-03:00
YAHOO_FINANCE,ITUB4.SA,2026-02-04,45.900001525878906,45.97999954223633,44.04999923706055,44.619998931884766,43.76628875732422,48683500,2026-07-21 07:17:48.848178-03:00
YAHOO_FINANCE,ITUB4.SA,2026-02-05,45.2400016784668,45.880001068115234,44.7400016784668,45.52000045776367,44.64906692504883,36014400,2026-07-21 07:17:48.848178-03:00
YAHOO_FINANCE,ITUB4.SA,2026-02-06,45.59000015258789,46.939998626708984,45.11000061035156,46.75,45.855533599853516,38175900,2026-07-21 07:17:48.848178-03:00
YAHOO_FINANCE,ITUB4.SA,2026-02-09,47.0,48.400001525878906,46.7400016784668,48.310001373291016,47.38569259643555,41656900,2026-07-21 07:17:48.848178-03:00
YAHOO_FINANCE,ITUB4.SA,2026-02-10,48.310001373291016,49.189998626708984,48.189998626708984,48.41999816894531,47.49357986450195,43939300,2026-07-21 07:17:48.848178-03:00
YAHOO_FINANCE,ITUB4.SA,2026-02-11,48.79999923706055,49.66999816894531,48.599998474121094,49.369998931884766,48.4254035949707,45819200,2026-07-21 07:17:48.848178-03:00
YAHOO_FINANCE,ITUB4.SA,2026-02-12,49.04999923706055,49.099998474121094,47.869998931884766,48.2400016784668,47.31702423095703,42023800,2026-07-21 07:17:48.848178-03:00
YAHOO_FINANCE,ITUB4.SA,2026-02-13,48.06999969482422,48.06999969482422,46.599998474121094,47.77000045776367,46.856021881103516,32353500,2026-07-21 07:17:48.848178-03:00
YAHOO_FINANCE,ITUB4.SA,2026-02-18,48.06999969482422,48.41999816894531,47.52000045776367,47.9900016784668,47.071807861328125,23368500,2026-07-21 07:17:48.848178-03:00
YAHOO_FINANCE,ITUB4.SA,2026-02-19,48.099998474121094,49.16999816894531,47.93000030517578,48.54999923706055,47.621089935302734,32026400,2026-07-21 07:17:48.848178-03:00
YAHOO_FINANCE,ITUB4.SA,2026-02-20,48.04999923706055,49.290000915527344,48.02000045776367,49.22999954223633,48.288082122802734,31655900,2026-07-21 07:17:48.848178-03:00
YAHOO_FINANCE,ITUB4.SA,2026-02-23,48.79999923706055,48.88999938964844,47.290000915527344,47.45000076293945,46.542137145996094,34148200,2026-07-21 07:17:48.848178-03:00
YAHOO_FINANCE,ITUB4.SA,2026-02-24,47.63999938964844,48.349998474121094,47.25,48.16999816894531,47.24835968017578,38465900,2026-07-21 07:17:48.848178-03:00
YAHOO_FINANCE,ITUB4.SA,2026-02-25,48.34000015258789,48.5,47.06999969482422,47.790000915527344,46.87563705444336,28980200,2026-07-21 07:17:48.848178-03:00
YAHOO_FINANCE,ITUB4.SA,2026-02-26,47.790000915527344,48.150001525878906,47.15999984741211,47.66999816894531,46.757930755615234,26516600,2026-07-21 07:17:48.848178-03:00
YAHOO_FINANCE,ITUB4.SA,2026-02-27,47.599998474121094,47.619998931884766,46.279998779296875,46.779998779296875,45.88496017456055,44765800,2026-07-21 07:17:48.848178-03:00
YAHOO_FINANCE,ITUB4.SA,2026-03-02,45.83000183105469,46.33000183105469,45.58000183105469,45.91999816894531,45.05892562866211,47144000,2026-07-21 07:17:48.848178-03:00
YAHOO_FINANCE,ITUB4.SA,2026-03-03,44.220001220703125,44.869998931884766,43.439998626708984,44.380001068115234,43.54780197143555,54352300,2026-07-21 07:17:48.848178-03:00
YAHOO_FINANCE,ITUB4.SA,2026-03-04,45.2400016784668,45.4900016784668,44.52000045776367,45.0099983215332,44.165985107421875,27146100,2026-07-21 07:17:48.848178-03:00
YAHOO_FINANCE,ITUB4.SA,2026-03-05,44.79999923706055,45.0,43.33000183105469,43.5099983215332,42.694114685058594,37085400,2026-07-21 07:17:48.848178-03:00
YAHOO_FINANCE,ITUB4.SA,2026-03-06,43.459999084472656,43.59000015258789,42.650001525878906,42.93000030517578,42.1249885559082,26063600,2026-07-21 07:17:48.848178-03:00
YAHOO_FINANCE,ITUB4.SA,2026-03-09,42.52000045776367,43.279998779296875,42.349998474121094,43.15999984741211,42.350685119628906,40970400,2026-07-21 07:17:48.848178-03:00
YAHOO_FINANCE,ITUB4.SA,2026-03-10,43.58000183105469,44.20000076293945,42.81999969482422,43.79999923706055,42.97867965698242,50383100,2026-07-21 07:17:48.848178-03:00
YAHOO_FINANCE,ITUB4.SA,2026-03-11,43.27000045776367,44.439998626708984,43.20000076293945,43.88999938964844,43.066993713378906,18482600,2026-07-21 07:17:48.848178-03:00
YAHOO_FINANCE,ITUB4.SA,2026-03-12,43.09000015258789,43.220001220703125,42.29999923706055,42.689998626708984,41.88949203491211,27095200,2026-07-21 07:17:48.848178-03:00
YAHOO_FINANCE,ITUB4.SA,2026-03-13,42.83000183105469,43.349998474121094,42.33000183105469,42.400001525878906,41.60493850708008,24896600,2026-07-21 07:17:48.848178-03:00
YAHOO_FINANCE,ITUB4.SA,2026-03-16,43.25,43.470001220703125,42.849998474121094,43.0,42.193687438964844,17777300,2026-07-21 07:17:48.848178-03:00
YAHOO_FINANCE,ITUB4.SA,2026-03-17,42.900001525878906,43.380001068115234,42.27000045776367,42.709999084472656,41.90911865234375,22436600,2026-07-21 07:17:48.848178-03:00
YAHOO_FINANCE,ITUB4.SA,2026-03-18,42.5,43.040000915527344,42.27000045776367,42.279998779296875,41.487178802490234,23872800,2026-07-21 07:17:48.848178-03:00
YAHOO_FINANCE,ITUB4.SA,2026-03-19,41.70000076293945,42.599998474121094,41.369998931884766,42.58000183105469,41.781558990478516,32908000,2026-07-21 07:17:48.848178-03:00
YAHOO_FINANCE,ITUB4.SA,2026-03-20,42.11000061035156,42.27000045776367,41.20000076293945,41.54999923706055,41.10768508911133,37660900,2026-07-21 07:17:48.848178-03:00
YAHOO_FINANCE,ITUB4.SA,2026-03-23,42.540000915527344,43.13999938964844,42.060001373291016,42.779998779296875,42.324588775634766,27535500,2026-07-21 07:17:48.848178-03:00
YAHOO_FINANCE,ITUB4.SA,2026-03-24,42.5,42.810001373291016,41.959999084472656,42.540000915527344,42.0871467590332,18609000,2026-07-21 07:17:48.848178-03:00
YAHOO_FINANCE,ITUB4.SA,2026-03-25,43.150001525878906,43.5,42.849998474121094,43.099998474121094,42.64118576049805,35148900,2026-07-21 07:17:48.848178-03:00
YAHOO_FINANCE,ITUB4.SA,2026-03-26,42.689998626708984,42.84000015258789,41.939998626708984,41.939998626708984,41.493534088134766,18260900,2026-07-21 07:17:48.848178-03:00
YAHOO_FINANCE,ITUB4.SA,2026-03-27,41.810001373291016,41.810001373291016,41.18000030517578,41.45000076293945,41.008750915527344,27910700,2026-07-21 07:17:48.848178-03:00
YAHOO_FINANCE,ITUB4.SA,2026-03-30,42.0,42.060001373291016,41.22999954223633,41.599998474121094,41.15715026855469,18528100,2026-07-21 07:17:48.848178-03:00
YAHOO_FINANCE,ITUB4.SA,2026-03-31,42.290000915527344,43.63999938964844,42.150001525878906,43.47999954223633,43.01714324951172,33419700,2026-07-21 07:17:48.848178-03:00
YAHOO_FINANCE,ITUB4.SA,2026-04-01,43.84000015258789,44.279998779296875,43.5,43.83000183105469,43.381561279296875,26681100,2026-07-21 07:17:48.848178-03:00
YAHOO_FINANCE,ITUB4.SA,2026-04-02,42.619998931884766,44.0099983215332,42.470001220703125,43.29999923706055,42.85697937011719,17811800,2026-07-21 07:17:48.848178-03:00
YAHOO_FINANCE,ITUB4.SA,2026-04-06,43.349998474121094,43.7400016784668,43.20000076293945,43.4900016784668,43.04503631591797,11004600,2026-07-21 07:17:48.848178-03:00
YAHOO_FINANCE,ITUB4.SA,2026-04-07,43.29999923706055,43.470001220703125,42.63999938964844,43.459999084472656,43.015342712402344,20302000,2026-07-21 07:17:48.848178-03:00
YAHOO_FINANCE,ITUB4.SA,2026-04-08,45.70000076293945,45.72999954223633,44.70000076293945,44.97999954223633,44.51979064941406,35777600,2026-07-21 07:17:48.848178-03:00
YAHOO_FINANCE,ITUB4.SA,2026-04-09,45.20000076293945,45.959999084472656,44.9900016784668,45.75,45.28190994262695,22162900,2026-07-21 07:17:48.848178-03:00
YAHOO_FINANCE,ITUB4.SA,2026-04-10,45.83000183105469,46.380001068115234,45.77000045776367,46.06999969482422,45.598636627197266,29705900,2026-07-21 07:17:48.848178-03:00
YAHOO_FINANCE,ITUB4.SA,2026-04-13,45.7599983215332,46.040000915527344,45.2400016784668,45.83000183105469,45.36109924316406,31011600,2026-07-21 07:17:48.848178-03:00
YAHOO_FINANCE,ITUB4.SA,2026-04-14,46.0,46.84000015258789,45.849998474121094,46.529998779296875,46.05392837524414,23343300,2026-07-21 07:17:48.848178-03:00
YAHOO_FINANCE,ITUB4.SA,2026-04-15,46.369998931884766,47.40999984741211,46.369998931884766,47.040000915527344,46.5587158203125,28907200,2026-07-21 07:17:48.848178-03:00
YAHOO_FINANCE,ITUB4.SA,2026-04-16,47.27000045776367,47.470001220703125,46.52000045776367,46.97999954223633,46.49932861328125,22566300,2026-07-21 07:17:48.848178-03:00
YAHOO_FINANCE,ITUB4.SA,2026-04-17,47.5,47.900001525878906,46.75,46.79999923706055,46.3211669921875,39165500,2026-07-21 07:17:48.848178-03:00
YAHOO_FINANCE,ITUB4.SA,2026-04-20,46.79999923706055,47.029998779296875,46.22999954223633,46.369998931884766,45.895572662353516,19194500,2026-07-21 07:17:48.848178-03:00
YAHOO_FINANCE,ITUB4.SA,2026-04-22,46.2599983215332,46.2599983215332,44.97999954223633,45.029998779296875,44.569278717041016,25440000,2026-07-21 07:17:48.848178-03:00
YAHOO_FINANCE,ITUB4.SA,2026-04-23,44.900001525878906,45.119998931884766,44.119998931884766,44.18000030517578,43.72797775268555,20444200,2026-07-21 07:17:48.848178-03:00
YAHOO_FINANCE,ITUB4.SA,2026-04-24,44.459999084472656,44.52000045776367,43.88999938964844,44.369998931884766,43.91603088378906,18234600,2026-07-21 07:17:48.848178-03:00
YAHOO_FINANCE,ITUB4.SA,2026-04-27,44.5,44.560001373291016,43.97999954223633,43.9900016784668,43.539920806884766,13718400,2026-07-21 07:17:48.848178-03:00
YAHOO_FINANCE,ITUB4.SA,2026-04-28,43.68000030517578,44.61000061035156,43.20000076293945,44.099998474121094,43.64879608154297,27131800,2026-07-21 07:17:48.848178-03:00
YAHOO_FINANCE,ITUB4.SA,2026-04-29,43.849998474121094,44.0099983215332,42.7599983215332,42.869998931884766,42.43137741088867,18628100,2026-07-21 07:17:48.848178-03:00
YAHOO_FINANCE,ITUB4.SA,2026-04-30,43.31999969482422,43.560001373291016,43.130001068115234,43.189998626708984,42.748104095458984,22735500,2026-07-21 07:17:48.848178-03:00
YAHOO_FINANCE,ITUB4.SA,2026-05-04,43.11000061035156,43.25,42.25,42.400001525878906,41.983863830566406,25336300,2026-07-21 07:17:48.848178-03:00
YAHOO_FINANCE,ITUB4.SA,2026-05-05,42.5,42.70000076293945,42.119998931884766,42.459999084472656,42.04327392578125,29386700,2026-07-21 07:17:48.848178-03:00
YAHOO_FINANCE,ITUB4.SA,2026-05-06,43.2400016784668,43.290000915527344,41.540000915527344,41.779998779296875,41.36994552612305,38718400,2026-07-21 07:17:48.848178-03:00
YAHOO_FINANCE,ITUB4.SA,2026-05-07,41.790000915527344,41.869998931884766,40.52000045776367,40.790000915527344,40.38966751098633,36335300,2026-07-21 07:17:48.848178-03:00
YAHOO_FINANCE,ITUB4.SA,2026-05-08,41.15999984741211,41.54999923706055,40.97999954223633,41.2599983215332,40.85504913330078,35920000,2026-07-21 07:17:48.848178-03:00
YAHOO_FINANCE,ITUB4.SA,2026-05-11,40.95000076293945,41.11000061035156,40.11000061035156,40.33000183105469,39.93417739868164,41215600,2026-07-21 07:17:48.848178-03:00
YAHOO_FINANCE,ITUB4.SA,2026-05-12,40.290000915527344,40.33000183105469,39.77000045776367,39.869998931884766,39.47869110107422,43381700,2026-07-21 07:17:48.848178-03:00
YAHOO_FINANCE,ITUB4.SA,2026-05-13,39.93000030517578,40.56999969482422,39.369998931884766,39.630001068115234,39.241050720214844,48564700,2026-07-21 07:17:48.848178-03:00
YAHOO_FINANCE,ITUB4.SA,2026-05-14,40.150001525878906,40.650001525878906,39.9900016784668,40.400001525878906,40.00349426269531,34925200,2026-07-21 07:17:48.848178-03:00
YAHOO_FINANCE,ITUB4.SA,2026-05-15,39.779998779296875,40.04999923706055,39.58000183105469,39.70000076293945,39.310359954833984,46869600,2026-07-21 07:17:48.848178-03:00
YAHOO_FINANCE,ITUB4.SA,2026-05-18,39.66999816894531,39.849998474121094,39.29999923706055,39.619998931884766,39.23114776611328,22993100,2026-07-21 07:17:48.848178-03:00
YAHOO_FINANCE,ITUB4.SA,2026-05-19,39.04999923706055,39.41999816894531,38.70000076293945,38.779998779296875,38.399391174316406,41150400,2026-07-21 07:17:48.848178-03:00
YAHOO_FINANCE,ITUB4.SA,2026-05-20,39.220001220703125,39.97999954223633,39.099998474121094,39.66999816894531,39.2806510925293,38261500,2026-07-21 07:17:48.848178-03:00
YAHOO_FINANCE,ITUB4.SA,2026-05-21,39.43000030517578,40.45000076293945,39.25,40.119998931884766,39.72623825073242,40949800,2026-07-21 07:17:48.848178-03:00
YAHOO_FINANCE,ITUB4.SA,2026-05-22,40.0099983215332,40.040000915527344,39.310001373291016,39.43000030517578,39.04301452636719,21539700,2026-07-21 07:17:48.848178-03:00
YAHOO_FINANCE,ITUB4.SA,2026-05-25,39.86000061035156,40.4900016784668,39.86000061035156,40.31999969482422,39.924278259277344,11436200,2026-07-21 07:17:48.848178-03:00
YAHOO_FINANCE,ITUB4.SA,2026-05-26,40.220001220703125,40.36000061035156,39.650001525878906,40.060001373291016,39.666831970214844,23046600,2026-07-21 07:17:48.848178-03:00
YAHOO_FINANCE,ITUB4.SA,2026-05-27,40.599998474121094,40.81999969482422,40.290000915527344,40.31999969482422,39.924278259277344,21601400,2026-07-21 07:17:48.848178-03:00
YAHOO_FINANCE,ITUB4.SA,2026-05-28,40.31999969482422,40.45000076293945,39.720001220703125,40.0,39.607418060302734,20196600,2026-07-21 07:17:48.848178-03:00
YAHOO_FINANCE,ITUB4.SA,2026-05-29,39.869998931884766,40.15999984741211,39.540000915527344,40.040000915527344,39.64702606201172,80334400,2026-07-21 07:17:48.848178-03:00
YAHOO_FINANCE,ITUB4.SA,2026-06-01,40.04999923706055,40.060001373291016,39.25,39.36000061035156,38.99140548706055,32832400,2026-07-21 07:17:48.848178-03:00
YAHOO_FINANCE,ITUB4.SA,2026-06-02,39.630001068115234,39.9900016784668,39.470001220703125,39.560001373291016,39.18953323364258,23121000,2026-07-21 07:17:48.848178-03:00
YAHOO_FINANCE,ITUB4.SA,2026-06-03,39.22999954223633,39.29999923706055,38.63999938964844,38.720001220703125,38.357398986816406,40844400,2026-07-21 07:17:48.848178-03:00
YAHOO_FINANCE,ITUB4.SA,2026-06-05,38.75,39.16999816894531,38.56999969482422,38.83000183105469,38.466365814208984,34727700,2026-07-21 07:17:48.848178-03:00
YAHOO_FINANCE,ITUB4.SA,2026-06-08,38.720001220703125,39.08000183105469,38.43000030517578,38.52000045776367,38.159271240234375,23153100,2026-07-21 07:17:48.848178-03:00
YAHOO_FINANCE,ITUB4.SA,2026-06-09,38.91999816894531,39.34000015258789,38.77000045776367,39.220001220703125,38.852718353271484,28212000,2026-07-21 07:17:48.848178-03:00
YAHOO_FINANCE,ITUB4.SA,2026-06-10,39.029998779296875,39.59000015258789,38.650001525878906,39.36000061035156,38.99140548706055,41470600,2026-07-21 07:17:48.848178-03:00
YAHOO_FINANCE,ITUB4.SA,2026-06-11,39.2400016784668,40.619998931884766,39.220001220703125,40.5,40.1207275390625,57558800,2026-07-21 07:17:48.848178-03:00
YAHOO_FINANCE,ITUB4.SA,2026-06-12,40.220001220703125,41.119998931884766,40.11000061035156,40.599998474121094,40.21978759765625,30651000,2026-07-21 07:17:48.848178-03:00
YAHOO_FINANCE,ITUB4.SA,2026-06-15,41.279998779296875,41.4900016784668,40.31999969482422,40.400001525878906,40.02166748046875,25132500,2026-07-21 07:17:48.848178-03:00
YAHOO_FINANCE,ITUB4.SA,2026-06-16,40.279998779296875,40.630001068115234,40.130001068115234,40.45000076293945,40.071197509765625,20052700,2026-07-21 07:17:48.848178-03:00
YAHOO_FINANCE,ITUB4.SA,2026-06-17,40.95000076293945,41.630001068115234,40.630001068115234,40.79999923706055,40.41791915893555,28205700,2026-07-21 07:17:48.848178-03:00
YAHOO_FINANCE,ITUB4.SA,2026-06-18,40.91999816894531,41.380001068115234,40.459999084472656,40.4900016784668,40.11082458496094,20051100,2026-07-21 07:17:48.848178-03:00
YAHOO_FINANCE,ITUB4.SA,2026-06-19,40.36000061035156,40.369998931884766,39.7599983215332,39.869998931884766,39.852813720703125,48413400,2026-07-21 07:17:48.848178-03:00
YAHOO_FINANCE,ITUB4.SA,2026-06-22,40.15999984741211,41.02000045776367,40.099998474121094,40.939998626708984,40.9223518371582,25404800,2026-07-21 07:17:48.848178-03:00
YAHOO_FINANCE,ITUB4.SA,2026-06-23,40.52000045776367,41.380001068115234,40.38999938964844,41.04999923706055,41.03230285644531,21074900,2026-07-21 07:17:48.848178-03:00
YAHOO_FINANCE,ITUB4.SA,2026-06-24,40.810001373291016,41.47999954223633,40.810001373291016,40.970001220703125,40.95233917236328,22041600,2026-07-21 07:17:48.848178-03:00
YAHOO_FINANCE,ITUB4.SA,2026-06-25,41.29999923706055,42.11000061035156,41.220001220703125,41.70000076293945,41.68202590942383,20778400,2026-07-21 07:17:48.848178-03:00
YAHOO_FINANCE,ITUB4.SA,2026-06-26,41.5099983215332,42.540000915527344,41.400001525878906,42.2400016784668,42.22179412841797,23047700,2026-07-21 07:17:48.848178-03:00
YAHOO_FINANCE,ITUB4.SA,2026-06-29,42.2400016784668,42.61000061035156,42.040000915527344,42.40999984741211,42.391719818115234,21151300,2026-07-21 07:17:48.848178-03:00
YAHOO_FINANCE,ITUB4.SA,2026-06-30,42.09000015258789,42.52000045776367,41.63999938964844,42.18000030517578,42.16181945800781,40172400,2026-07-21 07:17:48.848178-03:00
YAHOO_FINANCE,ITUB4.SA,2026-07-01,41.70000076293945,42.79999923706055,41.470001220703125,42.439998626708984,42.439998626708984,26405300,2026-07-21 07:17:48.848178-03:00
YAHOO_FINANCE,ITUB4.SA,2026-07-02,42.709999084472656,43.15999984741211,42.310001373291016,42.470001220703125,42.470001220703125,15005100,2026-07-21 07:17:48.848178-03:00
YAHOO_FINANCE,ITUB4.SA,2026-07-03,42.790000915527344,42.88999938964844,42.529998779296875,42.7400016784668,42.7400016784668,9878400,2026-07-21 07:17:48.848178-03:00
YAHOO_FINANCE,ITUB4.SA,2026-07-06,42.4900016784668,42.66999816894531,42.04999923706055,42.560001373291016,42.560001373291016,19170500,2026-07-21 07:17:48.848178-03:00
YAHOO_FINANCE,ITUB4.SA,2026-07-07,42.66999816894531,43.18000030517578,42.36000061035156,42.43000030517578,42.43000030517578,21184500,2026-07-21 07:17:48.848178-03:00
YAHOO_FINANCE,ITUB4.SA,2026-07-08,42.33000183105469,42.33000183105469,41.560001373291016,41.88999938964844,41.88999938964844,18564500,2026-07-21 07:17:48.848178-03:00
YAHOO_FINANCE,ITUB4.SA,2026-07-09,41.95000076293945,42.75,41.939998626708984,42.59000015258789,42.59000015258789,18657300,2026-07-21 07:17:48.848178-03:00
YAHOO_FINANCE,ITUB4.SA,2026-07-10,43.38999938964844,44.34000015258789,43.22999954223633,44.29999923706055,44.29999923706055,28815100,2026-07-21 07:17:48.848178-03:00
YAHOO_FINANCE,ITUB4.SA,2026-07-13,44.11000061035156,44.63999938964844,43.47999954223633,43.52000045776367,43.52000045776367,17749900,2026-07-21 07:17:48.848178-03:00
YAHOO_FINANCE,ITUB4.SA,2026-07-14,43.810001373291016,44.0,43.2400016784668,43.630001068115234,43.630001068115234,15398000,2026-07-21 07:17:48.848178-03:00
YAHOO_FINANCE,ITUB4.SA,2026-07-15,43.52000045776367,43.619998931884766,43.04999923706055,43.13999938964844,43.13999938964844,18975900,2026-07-21 07:17:48.848178-03:00
YAHOO_FINANCE,ITUB4.SA,2026-07-16,43.22999954223633,43.22999954223633,42.34000015258789,42.54999923706055,42.54999923706055,18156600,2026-07-21 07:17:48.848178-03:00
YAHOO_FINANCE,ITUB4.SA,2026-07-17,42.5,42.61000061035156,41.869998931884766,41.959999084472656,41.959999084472656,19576400,2026-07-21 07:17:48.848178-03:00
YAHOO_FINANCE,ITUB4.SA,2026-07-20,42.13999938964844,42.529998779296875,42.099998474121094,42.29999923706055,42.29999923706055,12612200,2026-07-21 07:17:48.848178-03:00
YAHOO_FINANCE,^BVSP,2024-01-02,134186.0,134195.0,132095.0,132697.0,132697.0,8437800,2026-07-21 07:17:49.299523-03:00
YAHOO_FINANCE,^BVSP,2024-01-03,132697.0,133576.0,132250.0,132834.0,132834.0,8702400,2026-07-21 07:17:49.299523-03:00
YAHOO_FINANCE,^BVSP,2024-01-04,132831.0,132885.0,131024.0,131226.0,131226.0,8972300,2026-07-21 07:17:49.299523-03:00
YAHOO_FINANCE,^BVSP,2024-01-05,131218.0,132635.0,130579.0,132023.0,132023.0,9199700,2026-07-21 07:17:49.299523-03:00
YAHOO_FINANCE,^BVSP,2024-01-08,132023.0,132498.0,131015.0,132427.0,132427.0,8497500,2026-07-21 07:17:49.299523-03:00
YAHOO_FINANCE,^BVSP,2024-01-09,132424.0,132426.0,131203.0,131447.0,131447.0,9287500,2026-07-21 07:17:49.299523-03:00
YAHOO_FINANCE,^BVSP,2024-01-10,131447.0,131628.0,130438.0,130841.0,130841.0,8958400,2026-07-21 07:17:49.299523-03:00
YAHOO_FINANCE,^BVSP,2024-01-11,130841.0,131308.0,129898.0,130649.0,130649.0,9761700,2026-07-21 07:17:49.299523-03:00
YAHOO_FINANCE,^BVSP,2024-01-12,130652.0,131927.0,130410.0,130988.0,130988.0,10661900,2026-07-21 07:17:49.299523-03:00
YAHOO_FINANCE,^BVSP,2024-01-15,130988.0,131606.0,130253.0,131521.0,131521.0,5746600,2026-07-21 07:17:49.299523-03:00
YAHOO_FINANCE,^BVSP,2024-01-16,131515.0,131517.0,129147.0,129294.0,129294.0,11911300,2026-07-21 07:17:49.299523-03:00
YAHOO_FINANCE,^BVSP,2024-01-17,129293.0,129296.0,128312.0,128524.0,128524.0,9952500,2026-07-21 07:17:49.299523-03:00
YAHOO_FINANCE,^BVSP,2024-01-18,128524.0,129047.0,127316.0,127316.0,127316.0,12460800,2026-07-21 07:17:49.299523-03:00
YAHOO_FINANCE,^BVSP,2024-01-19,127319.0,127820.0,126533.0,127636.0,127636.0,11956900,2026-07-21 07:17:49.299523-03:00
YAHOO_FINANCE,^BVSP,2024-01-22,127636.0,127843.0,125876.0,126602.0,126602.0,9509100,2026-07-21 07:17:49.299523-03:00
YAHOO_FINANCE,^BVSP,2024-01-23,126612.0,128331.0,126612.0,128263.0,128263.0,9366100,2026-07-21 07:17:49.299523-03:00
YAHOO_FINANCE,^BVSP,2024-01-24,128275.0,129446.0,127680.0,127816.0,127816.0,8823800,2026-07-21 07:17:49.299523-03:00
YAHOO_FINANCE,^BVSP,2024-01-25,127815.0,128697.0,127803.0,128169.0,128169.0,8757600,2026-07-21 07:17:49.299523-03:00
YAHOO_FINANCE,^BVSP,2024-01-26,128196.0,129252.0,127869.0,128967.0,128967.0,8508000,2026-07-21 07:17:49.299523-03:00
YAHOO_FINANCE,^BVSP,2024-01-29,128970.0,129068.0,127853.0,128503.0,128503.0,8764500,2026-07-21 07:17:49.299523-03:00
YAHOO_FINANCE,^BVSP,2024-01-30,128492.0,128492.0,127105.0,127402.0,127402.0,10037400,2026-07-21 07:17:49.299523-03:00
YAHOO_FINANCE,^BVSP,2024-01-31,127402.0,129558.0,127326.0,127752.0,127752.0,12495200,2026-07-21 07:17:49.299523-03:00
YAHOO_FINANCE,^BVSP,2024-02-01,127752.0,128481.0,127284.0,128481.0,128481.0,10226400,2026-07-21 07:17:49.299523-03:00
YAHOO_FINANCE,^BVSP,2024-02-02,128471.0,128878.0,126628.0,127182.0,127182.0,10982800,2026-07-21 07:17:49.299523-03:00
YAHOO_FINANCE,^BVSP,2024-02-05,127182.0,127834.0,126443.0,127593.0,127593.0,9637200,2026-07-21 07:17:49.299523-03:00
YAHOO_FINANCE,^BVSP,2024-02-06,127593.0,130417.0,127593.0,130416.0,130416.0,13780300,2026-07-21 07:17:49.299523-03:00
YAHOO_FINANCE,^BVSP,2024-02-07,130412.0,130552.0,129518.0,129608.0,129608.0,15425400,2026-07-21 07:17:49.299523-03:00
YAHOO_FINANCE,^BVSP,2024-02-08,129950.0,130126.0,127912.0,128217.0,128217.0,13634900,2026-07-21 07:17:49.299523-03:00
YAHOO_FINANCE,^BVSP,2024-02-09,128216.0,128896.0,127579.0,128026.0,128026.0,12115800,2026-07-21 07:17:49.299523-03:00
YAHOO_FINANCE,^BVSP,2024-02-14,128026.0,128026.0,126663.0,127018.0,127018.0,7748300,2026-07-21 07:17:49.299523-03:00
YAHOO_FINANCE,^BVSP,2024-02-15,127018.0,127824.0,126932.0,127804.0,127804.0,10980100,2026-07-21 07:17:49.299523-03:00
YAHOO_FINANCE,^BVSP,2024-02-16,127809.0,129069.0,127653.0,128726.0,128726.0,10119100,2026-07-21 07:17:49.299523-03:00
YAHOO_FINANCE,^BVSP,2024-02-19,128720.0,129036.0,128097.0,129036.0,129036.0,5799100,2026-07-21 07:17:49.299523-03:00
YAHOO_FINANCE,^BVSP,2024-02-20,129033.0,129916.0,128326.0,129916.0,129916.0,12237000,2026-07-21 07:17:49.299523-03:00
YAHOO_FINANCE,^BVSP,2024-02-21,129916.0,130034.0,129359.0,130032.0,130032.0,12585700,2026-07-21 07:17:49.299523-03:00
YAHOO_FINANCE,^BVSP,2024-02-22,130035.0,130829.0,129971.0,130241.0,130241.0,10771700,2026-07-21 07:17:49.299523-03:00
YAHOO_FINANCE,^BVSP,2024-02-23,130240.0,130624.0,129077.0,129419.0,129419.0,9230300,2026-07-21 07:17:49.299523-03:00
YAHOO_FINANCE,^BVSP,2024-02-26,129417.0,129978.0,129077.0,129609.0,129609.0,7436900,2026-07-21 07:17:49.299523-03:00
YAHOO_FINANCE,^BVSP,2024-02-27,129613.0,131696.0,129613.0,131689.0,131689.0,10049000,2026-07-21 07:17:49.299523-03:00
YAHOO_FINANCE,^BVSP,2024-02-28,131685.0,131685.0,129771.0,130155.0,130155.0,9045600,2026-07-21 07:17:49.299523-03:00
YAHOO_FINANCE,^BVSP,2024-02-29,130155.0,130155.0,128669.0,129020.0,129020.0,12003100,2026-07-21 07:17:49.299523-03:00
YAHOO_FINANCE,^BVSP,2024-03-01,129026.0,129716.0,128717.0,129180.0,129180.0,9765100,2026-07-21 07:17:49.299523-03:00
YAHOO_FINANCE,^BVSP,2024-03-04,129176.0,129307.0,128278.0,128341.0,128341.0,7967700,2026-07-21 07:17:49.299523-03:00
YAHOO_FINANCE,^BVSP,2024-03-05,128336.0,128989.0,127823.0,128098.0,128098.0,9692200,2026-07-21 07:17:49.299523-03:00
YAHOO_FINANCE,^BVSP,2024-03-06,128099.0,129323.0,128099.0,128890.0,128890.0,11057900,2026-07-21 07:17:49.299523-03:00
YAHOO_FINANCE,^BVSP,2024-03-07,128890.0,129188.0,128033.0,128340.0,128340.0,7350000,2026-07-21 07:17:49.299523-03:00
YAHOO_FINANCE,^BVSP,2024-03-08,128335.0,128338.0,125802.0,127071.0,127071.0,11937900,2026-07-21 07:17:49.299523-03:00
YAHOO_FINANCE,^BVSP,2024-03-11,127068.0,127068.0,126065.0,126124.0,126124.0,8899100,2026-07-21 07:17:49.299523-03:00
YAHOO_FINANCE,^BVSP,2024-03-12,126124.0,128039.0,126121.0,127668.0,127668.0,9483700,2026-07-21 07:17:49.299523-03:00
YAHOO_FINANCE,^BVSP,2024-03-13,127668.0,128530.0,127439.0,128006.0,128006.0,8837200,2026-07-21 07:17:49.299523-03:00
YAHOO_FINANCE,^BVSP,2024-03-14,127992.0,128256.0,127192.0,127690.0,127690.0,9292600,2026-07-21 07:17:49.299523-03:00
YAHOO_FINANCE,^BVSP,2024-03-15,127682.0,127957.0,126502.0,126742.0,126742.0,14992400,2026-07-21 07:17:49.299523-03:00
YAHOO_FINANCE,^BVSP,2024-03-18,126758.0,127540.0,126272.0,126954.0,126954.0,10512100,2026-07-21 07:17:49.299523-03:00
YAHOO_FINANCE,^BVSP,2024-03-19,126955.0,128000.0,126955.0,127529.0,127529.0,11184800,2026-07-21 07:17:49.299523-03:00
YAHOO_FINANCE,^BVSP,2024-03-20,127534.0,129210.0,127349.0,129125.0,129125.0,10819300,2026-07-21 07:17:49.299523-03:00
YAHOO_FINANCE,^BVSP,2024-03-21,129125.0,129556.0,128093.0,128159.0,128159.0,9570800,2026-07-21 07:17:49.299523-03:00
YAHOO_FINANCE,^BVSP,2024-03-22,128159.0,128159.0,126879.0,127027.0,127027.0,9367800,2026-07-21 07:17:49.299523-03:00
YAHOO_FINANCE,^BVSP,2024-03-25,127027.0,127224.0,126750.0,126931.0,126931.0,8060500,2026-07-21 07:17:49.299523-03:00
YAHOO_FINANCE,^BVSP,2024-03-26,126931.0,127193.0,126591.0,126863.0,126863.0,9435700,2026-07-21 07:17:49.299523-03:00
YAHOO_FINANCE,^BVSP,2024-03-27,126863.0,127756.0,126223.0,127691.0,127691.0,9918200,2026-07-21 07:17:49.299523-03:00
YAHOO_FINANCE,^BVSP,2024-03-28,127689.0,128364.0,127270.0,128106.0,128106.0,9943400,2026-07-21 07:17:49.299523-03:00
YAHOO_FINANCE,^BVSP,2024-04-01,128106.0,128659.0,126772.0,126990.0,126990.0,9372600,2026-07-21 07:17:49.299523-03:00
YAHOO_FINANCE,^BVSP,2024-04-02,126990.0,127654.0,126669.0,127549.0,127549.0,9073600,2026-07-21 07:17:49.299523-03:00
YAHOO_FINANCE,^BVSP,2024-04-03,127546.0,127694.0,126181.0,127318.0,127318.0,11032700,2026-07-21 07:17:49.299523-03:00
YAHOO_FINANCE,^BVSP,2024-04-04,127313.0,129627.0,127178.0,127428.0,127428.0,13229200,2026-07-21 07:17:49.299523-03:00
YAHOO_FINANCE,^BVSP,2024-04-05,127422.0,127432.0,126394.0,126795.0,126795.0,9101300,2026-07-21 07:17:49.299523-03:00
YAHOO_FINANCE,^BVSP,2024-04-08,126796.0,129178.0,126796.0,128857.0,128857.0,8128300,2026-07-21 07:17:49.299523-03:00
YAHOO_FINANCE,^BVSP,2024-04-09,128858.0,129956.0,128826.0,129890.0,129890.0,8489700,2026-07-21 07:17:49.299523-03:00
YAHOO_FINANCE,^BVSP,2024-04-10,129872.0,129872.0,127732.0,128054.0,128054.0,10451800,2026-07-21 07:17:49.299523-03:00
YAHOO_FINANCE,^BVSP,2024-04-11,128051.0,128051.0,127069.0,127396.0,127396.0,8882900,2026-07-21 07:17:49.299523-03:00
YAHOO_FINANCE,^BVSP,2024-04-12,127396.0,127640.0,125635.0,125946.0,125946.0,10246600,2026-07-21 07:17:49.299523-03:00
YAHOO_FINANCE,^BVSP,2024-04-15,125946.0,126250.0,125034.0,125334.0,125334.0,13504500,2026-07-21 07:17:49.299523-03:00
YAHOO_FINANCE,^BVSP,2024-04-16,125316.0,125316.0,123756.0,124389.0,124389.0,14009800,2026-07-21 07:17:49.299523-03:00
YAHOO_FINANCE,^BVSP,2024-04-17,124389.0,125301.0,123642.0,124171.0,124171.0,11370900,2026-07-21 07:17:49.299523-03:00
YAHOO_FINANCE,^BVSP,2024-04-18,124171.0,125140.0,123397.0,124196.0,124196.0,10662400,2026-07-21 07:17:49.299523-03:00
YAHOO_FINANCE,^BVSP,2024-04-19,124197.0,125509.0,124056.0,125124.0,125124.0,13604100,2026-07-21 07:17:49.299523-03:00
YAHOO_FINANCE,^BVSP,2024-04-22,125124.0,126081.0,124633.0,125573.0,125573.0,10264100,2026-07-21 07:17:49.299523-03:00
YAHOO_FINANCE,^BVSP,2024-04-23,125572.0,125826.0,124310.0,125148.0,125148.0,11257800,2026-07-21 07:17:49.299523-03:00
YAHOO_FINANCE,^BVSP,2024-04-24,125149.0,125473.0,124556.0,124741.0,124741.0,10526300,2026-07-21 07:17:49.299523-03:00
YAHOO_FINANCE,^BVSP,2024-04-25,124718.0,124732.0,123703.0,124646.0,124646.0,10093100,2026-07-21 07:17:49.299523-03:00
YAHOO_FINANCE,^BVSP,2024-04-26,124651.0,126826.0,124651.0,126526.0,126526.0,8900000,2026-07-21 07:17:49.299523-03:00
YAHOO_FINANCE,^BVSP,2024-04-29,126527.0,127352.0,126467.0,127352.0,127352.0,8385100,2026-07-21 07:17:49.299523-03:00
YAHOO_FINANCE,^BVSP,2024-04-30,127352.0,127352.0,125856.0,125924.0,125924.0,10889600,2026-07-21 07:17:49.299523-03:00
YAHOO_FINANCE,^BVSP,2024-05-02,125926.0,127670.0,125926.0,127122.0,127122.0,11547800,2026-07-21 07:17:49.299523-03:00
YAHOO_FINANCE,^BVSP,2024-05-03,127130.0,128787.0,127130.0,128509.0,128509.0,12799200,2026-07-21 07:17:49.299523-03:00
YAHOO_FINANCE,^BVSP,2024-05-06,128506.0,129181.0,128294.0,128466.0,128466.0,8779100,2026-07-21 07:17:49.299523-03:00
YAHOO_FINANCE,^BVSP,2024-05-07,128466.0,129745.0,128464.0,129210.0,129210.0,10177500,2026-07-21 07:17:49.299523-03:00
YAHOO_FINANCE,^BVSP,2024-05-08,129210.0,129564.0,128048.0,129481.0,129481.0,9788900,2026-07-21 07:17:49.299523-03:00
YAHOO_FINANCE,^BVSP,2024-05-09,129468.0,129468.0,127376.0,128188.0,128188.0,13369000,2026-07-21 07:17:49.299523-03:00
YAHOO_FINANCE,^BVSP,2024-05-10,128188.0,129022.0,127467.0,127600.0,127600.0,12574200,2026-07-21 07:17:49.299523-03:00
YAHOO_FINANCE,^BVSP,2024-05-13,127600.0,128669.0,127599.0,128155.0,128155.0,8917300,2026-07-21 07:17:49.299523-03:00
YAHOO_FINANCE,^BVSP,2024-05-14,128155.0,128965.0,127962.0,128515.0,128515.0,11886800,2026-07-21 07:17:49.299523-03:00
YAHOO_FINANCE,^BVSP,2024-05-15,128514.0,128646.0,127029.0,128028.0,128028.0,10855600,2026-07-21 07:17:49.299523-03:00
YAHOO_FINANCE,^BVSP,2024-05-16,128029.0,128965.0,127922.0,128284.0,128284.0,9852200,2026-07-21 07:17:49.299523-03:00
YAHOO_FINANCE,^BVSP,2024-05-17,128280.0,128464.0,127696.0,128151.0,128151.0,10262600,2026-07-21 07:17:49.299523-03:00
YAHOO_FINANCE,^BVSP,2024-05-20,128151.0,128730.0,127488.0,127751.0,127751.0,9340300,2026-07-21 07:17:49.299523-03:00
YAHOO_FINANCE,^BVSP,2024-05-21,127754.0,128272.0,127205.0,127412.0,127412.0,9138500,2026-07-21 07:17:49.299523-03:00
YAHOO_FINANCE,^BVSP,2024-05-22,127412.0,127412.0,125524.0,125650.0,125650.0,12403500,2026-07-21 07:17:49.299523-03:00
YAHOO_FINANCE,^BVSP,2024-05-23,125650.0,125665.0,124431.0,124729.0,124729.0,9985400,2026-07-21 07:17:49.299523-03:00
YAHOO_FINANCE,^BVSP,2024-05-24,124731.0,125257.0,124259.0,124306.0,124306.0,9211500,2026-07-21 07:17:49.299523-03:00
YAHOO_FINANCE,^BVSP,2024-05-27,124297.0,124535.0,124081.0,124496.0,124496.0,4327600,2026-07-21 07:17:49.299523-03:00
YAHOO_FINANCE,^BVSP,2024-05-28,124498.0,125392.0,123537.0,123780.0,123780.0,9179800,2026-07-21 07:17:49.299523-03:00
YAHOO_FINANCE,^BVSP,2024-05-29,123780.0,123780.0,122458.0,122707.0,122707.0,8257700,2026-07-21 07:17:49.299523-03:00
YAHOO_FINANCE,^BVSP,2024-05-31,122704.0,122837.0,121929.0,122098.0,122098.0,15918600,2026-07-21 07:17:49.299523-03:00
YAHOO_FINANCE,^BVSP,2024-06-03,122100.0,122495.0,121496.0,122032.0,122032.0,8428100,2026-07-21 07:17:49.299523-03:00
YAHOO_FINANCE,^BVSP,2024-06-04,122032.0,122032.0,120878.0,121802.0,121802.0,8529300,2026-07-21 07:17:49.299523-03:00
YAHOO_FINANCE,^BVSP,2024-06-05,121803.0,122170.0,121253.0,121407.0,121407.0,8768700,2026-07-21 07:17:49.299523-03:00
YAHOO_FINANCE,^BVSP,2024-06-06,121408.0,123246.0,121377.0,122899.0,122899.0,8404200,2026-07-21 07:17:49.299523-03:00
YAHOO_FINANCE,^BVSP,2024-06-07,122899.0,122899.0,120679.0,120767.0,120767.0,9801200,2026-07-21 07:17:49.299523-03:00
YAHOO_FINANCE,^BVSP,2024-06-10,120769.0,121421.0,120540.0,120760.0,120760.0,6568400,2026-07-21 07:17:49.299523-03:00
YAHOO_FINANCE,^BVSP,2024-06-11,120760.0,121759.0,120757.0,121635.0,121635.0,7477000,2026-07-21 07:17:49.299523-03:00
YAHOO_FINANCE,^BVSP,2024-06-12,121644.0,122483.0,119544.0,119936.0,119936.0,11278800,2026-07-21 07:17:49.299523-03:00
YAHOO_FINANCE,^BVSP,2024-06-13,119936.0,120222.0,119171.0,119568.0,119568.0,8543000,2026-07-21 07:17:49.299523-03:00
YAHOO_FINANCE,^BVSP,2024-06-14,119558.0,120214.0,118828.0,119662.0,119662.0,7847600,2026-07-21 07:17:49.299523-03:00
YAHOO_FINANCE,^BVSP,2024-06-17,119663.0,119663.0,118685.0,119138.0,119138.0,7380600,2026-07-21 07:17:49.299523-03:00
YAHOO_FINANCE,^BVSP,2024-06-18,119138.0,120109.0,118872.0,119630.0,119630.0,8100100,2026-07-21 07:17:49.299523-03:00
YAHOO_FINANCE,^BVSP,2024-06-19,119630.0,120383.0,118960.0,120261.0,120261.0,5646300,2026-07-21 07:17:49.299523-03:00
YAHOO_FINANCE,^BVSP,2024-06-20,120267.0,121607.0,120156.0,120446.0,120446.0,8659500,2026-07-21 07:17:49.299523-03:00
YAHOO_FINANCE,^BVSP,2024-06-21,120446.0,121580.0,120061.0,121341.0,121341.0,12906900,2026-07-21 07:17:49.299523-03:00
YAHOO_FINANCE,^BVSP,2024-06-24,121343.0,122840.0,121307.0,122637.0,122637.0,7836100,2026-07-21 07:17:49.299523-03:00
YAHOO_FINANCE,^BVSP,2024-06-25,122804.0,122849.0,121997.0,122331.0,122331.0,6942900,2026-07-21 07:17:49.299523-03:00
YAHOO_FINANCE,^BVSP,2024-06-26,122331.0,122701.0,121402.0,122641.0,122641.0,8178800,2026-07-21 07:17:49.299523-03:00
YAHOO_FINANCE,^BVSP,2024-06-27,122642.0,124308.0,122642.0,124308.0,124308.0,8707300,2026-07-21 07:17:49.299523-03:00
YAHOO_FINANCE,^BVSP,2024-06-28,124308.0,124500.0,123298.0,123907.0,123907.0,9070800,2026-07-21 07:17:49.299523-03:00
YAHOO_FINANCE,^BVSP,2024-07-01,123905.0,125220.0,123735.0,124718.0,124718.0,0,2026-07-21 07:17:49.299523-03:00
YAHOO_FINANCE,^BVSP,2024-07-02,124720.0,125491.0,124310.0,124787.0,124787.0,8368000,2026-07-21 07:17:49.299523-03:00
YAHOO_FINANCE,^BVSP,2024-07-03,124787.0,126581.0,124787.0,125662.0,125662.0,8534200,2026-07-21 07:17:49.299523-03:00
YAHOO_FINANCE,^BVSP,2024-07-04,125666.0,126660.0,125666.0,126164.0,126164.0,6535700,2026-07-21 07:17:49.299523-03:00
YAHOO_FINANCE,^BVSP,2024-07-05,126165.0,126662.0,125556.0,126267.0,126267.0,8085600,2026-07-21 07:17:49.299523-03:00
YAHOO_FINANCE,^BVSP,2024-07-08,126280.0,126551.0,125614.0,126548.0,126548.0,7430300,2026-07-21 07:17:49.299523-03:00
YAHOO_FINANCE,^BVSP,2024-07-09,126548.0,127295.0,125937.0,127108.0,127108.0,6684600,2026-07-21 07:17:49.299523-03:00
YAHOO_FINANCE,^BVSP,2024-07-10,127109.0,127769.0,126928.0,127218.0,127218.0,8152600,2026-07-21 07:17:49.299523-03:00
YAHOO_FINANCE,^BVSP,2024-07-11,127221.0,128326.0,127221.0,128294.0,128294.0,7972900,2026-07-21 07:17:49.299523-03:00
YAHOO_FINANCE,^BVSP,2024-07-12,128293.0,129015.0,128002.0,128897.0,128897.0,7206600,2026-07-21 07:17:49.299523-03:00
YAHOO_FINANCE,^BVSP,2024-07-15,128898.0,129485.0,128723.0,129321.0,129321.0,5826900,2026-07-21 07:17:49.299523-03:00
YAHOO_FINANCE,^BVSP,2024-07-16,129322.0,129521.0,128761.0,129110.0,129110.0,6818900,2026-07-21 07:17:49.299523-03:00
YAHOO_FINANCE,^BVSP,2024-07-17,129112.0,129658.0,128741.0,129450.0,129450.0,6672400,2026-07-21 07:17:49.299523-03:00
YAHOO_FINANCE,^BVSP,2024-07-18,129450.0,129454.0,127523.0,127652.0,127652.0,7591500,2026-07-21 07:17:49.299523-03:00
YAHOO_FINANCE,^BVSP,2024-07-19,127652.0,128360.0,127413.0,127616.0,127616.0,7620400,2026-07-21 07:17:49.299523-03:00
YAHOO_FINANCE,^BVSP,2024-07-22,127616.0,128151.0,127456.0,127860.0,127860.0,6098200,2026-07-21 07:17:49.299523-03:00
YAHOO_FINANCE,^BVSP,2024-07-23,127860.0,127860.0,126530.0,126590.0,126590.0,7022900,2026-07-21 07:17:49.299523-03:00
YAHOO_FINANCE,^BVSP,2024-07-24,126596.0,126823.0,126218.0,126423.0,126423.0,7304800,2026-07-21 07:17:49.299523-03:00
YAHOO_FINANCE,^BVSP,2024-07-25,126423.0,126423.0,125626.0,125954.0,125954.0,7134100,2026-07-21 07:17:49.299523-03:00
YAHOO_FINANCE,^BVSP,2024-07-26,125964.0,127700.0,125953.0,127492.0,127492.0,8272000,2026-07-21 07:17:49.299523-03:00
YAHOO_FINANCE,^BVSP,2024-07-29,127492.0,127657.0,126606.0,126954.0,126954.0,7075400,2026-07-21 07:17:49.299523-03:00
YAHOO_FINANCE,^BVSP,2024-07-30,126951.0,126951.0,125973.0,126139.0,126139.0,6848600,2026-07-21 07:17:49.299523-03:00
YAHOO_FINANCE,^BVSP,2024-07-31,126139.0,127853.0,126139.0,127652.0,127652.0,9471900,2026-07-21 07:17:49.299523-03:00
YAHOO_FINANCE,^BVSP,2024-08-01,127652.0,128762.0,127150.0,127395.0,127395.0,9814200,2026-07-21 07:17:49.299523-03:00
YAHOO_FINANCE,^BVSP,2024-08-02,127395.0,128104.0,125731.0,125854.0,125854.0,9950900,2026-07-21 07:17:49.299523-03:00
YAHOO_FINANCE,^BVSP,2024-08-05,125851.0,125851.0,123073.0,125270.0,125270.0,10886100,2026-07-21 07:17:49.299523-03:00
YAHOO_FINANCE,^BVSP,2024-08-06,125270.0,126966.0,125261.0,126267.0,126267.0,10052600,2026-07-21 07:17:49.299523-03:00
YAHOO_FINANCE,^BVSP,2024-08-07,126268.0,127517.0,126268.0,127514.0,127514.0,8837900,2026-07-21 07:17:49.299523-03:00
YAHOO_FINANCE,^BVSP,2024-08-08,127515.0,128793.0,127515.0,128661.0,128661.0,8624000,2026-07-21 07:17:49.299523-03:00
YAHOO_FINANCE,^BVSP,2024-08-09,128662.0,130631.0,128662.0,130615.0,130615.0,11324800,2026-07-21 07:17:49.299523-03:00
YAHOO_FINANCE,^BVSP,2024-08-12,130615.0,131662.0,130615.0,131116.0,131116.0,8601600,2026-07-21 07:17:49.299523-03:00
YAHOO_FINANCE,^BVSP,2024-08-13,131115.0,132430.0,131115.0,132398.0,132398.0,9798900,2026-07-21 07:17:49.299523-03:00
YAHOO_FINANCE,^BVSP,2024-08-14,132398.0,133777.0,132112.0,133318.0,133318.0,12158400,2026-07-21 07:17:49.299523-03:00
YAHOO_FINANCE,^BVSP,2024-08-15,133319.0,134575.0,133319.0,134153.0,134153.0,10534800,2026-07-21 07:17:49.299523-03:00
YAHOO_FINANCE,^BVSP,2024-08-16,134154.0,134781.0,133852.0,133953.0,133953.0,10871900,2026-07-21 07:17:49.299523-03:00
YAHOO_FINANCE,^BVSP,2024-08-19,133953.0,136179.0,133953.0,135778.0,135778.0,11281500,2026-07-21 07:17:49.299523-03:00
YAHOO_FINANCE,^BVSP,2024-08-20,135779.0,136330.0,135312.0,136087.0,136087.0,8106800,2026-07-21 07:17:49.299523-03:00
YAHOO_FINANCE,^BVSP,2024-08-21,136088.0,137040.0,136086.0,136464.0,136464.0,9572200,2026-07-21 07:17:49.299523-03:00
YAHOO_FINANCE,^BVSP,2024-08-22,136462.0,136462.0,134836.0,135173.0,135173.0,8050200,2026-07-21 07:17:49.299523-03:00
YAHOO_FINANCE,^BVSP,2024-08-23,135174.0,136478.0,135174.0,135608.0,135608.0,8649400,2026-07-21 07:17:49.299523-03:00
YAHOO_FINANCE,^BVSP,2024-08-26,135608.0,137013.0,135596.0,136889.0,136889.0,7560000,2026-07-21 07:17:49.299523-03:00
YAHOO_FINANCE,^BVSP,2024-08-27,136888.0,137213.0,136664.0,136776.0,136776.0,6745900,2026-07-21 07:17:49.299523-03:00
YAHOO_FINANCE,^BVSP,2024-08-28,136776.0,137469.0,135746.0,137344.0,137344.0,7457100,2026-07-21 07:17:49.299523-03:00
YAHOO_FINANCE,^BVSP,2024-08-29,137349.0,137370.0,135858.0,136041.0,136041.0,8385100,2026-07-21 07:17:49.299523-03:00
YAHOO_FINANCE,^BVSP,2024-08-30,136041.0,136139.0,134910.0,136004.0,136004.0,18397900,2026-07-21 07:17:49.299523-03:00
YAHOO_FINANCE,^BVSP,2024-09-02,136004.0,136004.0,134497.0,134981.0,134981.0,3666100,2026-07-21 07:17:49.299523-03:00
YAHOO_FINANCE,^BVSP,2024-09-03,134907.0,135011.0,134171.0,134353.0,134353.0,8802400,2026-07-21 07:17:49.299523-03:00
YAHOO_FINANCE,^BVSP,2024-09-04,134359.0,136838.0,134359.0,136111.0,136111.0,9419500,2026-07-21 07:17:49.299523-03:00
YAHOO_FINANCE,^BVSP,2024-09-05,136112.0,136656.0,135959.0,136502.0,136502.0,7528700,2026-07-21 07:17:49.299523-03:00
YAHOO_FINANCE,^BVSP,2024-09-06,136508.0,136653.0,134476.0,134572.0,134572.0,7563300,2026-07-21 07:17:49.299523-03:00
YAHOO_FINANCE,^BVSP,2024-09-09,134574.0,135250.0,134399.0,134737.0,134737.0,6587600,2026-07-21 07:17:49.299523-03:00
YAHOO_FINANCE,^BVSP,2024-09-10,134738.0,134738.0,133754.0,134320.0,134320.0,8253500,2026-07-21 07:17:49.299523-03:00
YAHOO_FINANCE,^BVSP,2024-09-11,134319.0,135087.0,133757.0,134677.0,134677.0,7947300,2026-07-21 07:17:49.299523-03:00
YAHOO_FINANCE,^BVSP,2024-09-12,134677.0,134777.0,133591.0,134029.0,134029.0,7004900,2026-07-21 07:17:49.299523-03:00
YAHOO_FINANCE,^BVSP,2024-09-13,134031.0,135879.0,134031.0,134882.0,134882.0,8866000,2026-07-21 07:17:49.299523-03:00
YAHOO_FINANCE,^BVSP,2024-09-16,134885.0,135715.0,134870.0,135118.0,135118.0,6707000,2026-07-21 07:17:49.299523-03:00
YAHOO_FINANCE,^BVSP,2024-09-17,135118.0,135118.0,134180.0,134960.0,134960.0,7314500,2026-07-21 07:17:49.299523-03:00
YAHOO_FINANCE,^BVSP,2024-09-18,134960.0,135203.0,133748.0,133748.0,133748.0,9792800,2026-07-21 07:17:49.299523-03:00
YAHOO_FINANCE,^BVSP,2024-09-19,133748.0,134759.0,133123.0,133123.0,133123.0,9254500,2026-07-21 07:17:49.299523-03:00
YAHOO_FINANCE,^BVSP,2024-09-20,133121.0,133128.0,130907.0,131065.0,131065.0,13605800,2026-07-21 07:17:49.299523-03:00
YAHOO_FINANCE,^BVSP,2024-09-23,131065.0,131065.0,130100.0,130568.0,130568.0,9140800,2026-07-21 07:17:49.299523-03:00
YAHOO_FINANCE,^BVSP,2024-09-24,130570.0,133073.0,130570.0,132156.0,132156.0,9367100,2026-07-21 07:17:49.299523-03:00
YAHOO_FINANCE,^BVSP,2024-09-25,132156.0,132982.0,131489.0,131586.0,131586.0,10527200,2026-07-21 07:17:49.299523-03:00
YAHOO_FINANCE,^BVSP,2024-09-26,131595.0,133313.0,131594.0,133010.0,133010.0,11618300,2026-07-21 07:17:49.299523-03:00
YAHOO_FINANCE,^BVSP,2024-09-27,133010.0,133923.0,132628.0,132730.0,132730.0,9338900,2026-07-21 07:17:49.299523-03:00
YAHOO_FINANCE,^BVSP,2024-09-30,132761.0,133120.0,131816.0,131816.0,131816.0,9131600,2026-07-21 07:17:49.299523-03:00
YAHOO_FINANCE,^BVSP,2024-10-01,131817.0,133405.0,131817.0,132495.0,132495.0,9841100,2026-07-21 07:17:49.299523-03:00
YAHOO_FINANCE,^BVSP,2024-10-02,132495.0,134922.0,132495.0,133515.0,133515.0,9398700,2026-07-21 07:17:49.299523-03:00
YAHOO_FINANCE,^BVSP,2024-10-03,133514.0,133514.0,131176.0,131672.0,131672.0,9821200,2026-07-21 07:17:49.299523-03:00
YAHOO_FINANCE,^BVSP,2024-10-04,131672.0,131936.0,131156.0,131792.0,131792.0,7054700,2026-07-21 07:17:49.299523-03:00
YAHOO_FINANCE,^BVSP,2024-10-07,131792.0,132943.0,131676.0,132018.0,132018.0,7702100,2026-07-21 07:17:49.299523-03:00
YAHOO_FINANCE,^BVSP,2024-10-08,132016.0,132016.0,130371.0,131512.0,131512.0,9093200,2026-07-21 07:17:49.299523-03:00
YAHOO_FINANCE,^BVSP,2024-10-09,131510.0,131520.0,129719.0,129962.0,129962.0,9220400,2026-07-21 07:17:49.299523-03:00
YAHOO_FINANCE,^BVSP,2024-10-10,129963.0,130418.0,129835.0,130353.0,130353.0,7617300,2026-07-21 07:17:49.299523-03:00
YAHOO_FINANCE,^BVSP,2024-10-11,130354.0,130354.0,129338.0,129992.0,129992.0,7973300,2026-07-21 07:17:49.299523-03:00
YAHOO_FINANCE,^BVSP,2024-10-14,129992.0,131220.0,129729.0,131005.0,131005.0,8502100,2026-07-21 07:17:49.299523-03:00
YAHOO_FINANCE,^BVSP,2024-10-15,131005.0,131457.0,130200.0,131043.0,131043.0,7982900,2026-07-21 07:17:49.299523-03:00
YAHOO_FINANCE,^BVSP,2024-10-16,131045.0,132233.0,130780.0,131750.0,131750.0,10282800,2026-07-21 07:17:49.299523-03:00
YAHOO_FINANCE,^BVSP,2024-10-17,131716.0,131716.0,129902.0,130793.0,130793.0,7086000,2026-07-21 07:17:49.299523-03:00
YAHOO_FINANCE,^BVSP,2024-10-18,130793.0,131725.0,130121.0,130499.0,130499.0,8683700,2026-07-21 07:17:49.299523-03:00
YAHOO_FINANCE,^BVSP,2024-10-21,130499.0,131124.0,130157.0,130362.0,130362.0,7774900,2026-07-21 07:17:49.299523-03:00
YAHOO_FINANCE,^BVSP,2024-10-22,130346.0,130346.0,129094.0,129721.0,129721.0,5522000,2026-07-21 07:17:49.299523-03:00
YAHOO_FINANCE,^BVSP,2024-10-23,129949.0,129949.0,128589.0,129233.0,129233.0,7962200,2026-07-21 07:17:49.299523-03:00
YAHOO_FINANCE,^BVSP,2024-10-24,129233.0,130130.0,128798.0,130067.0,130067.0,8310600,2026-07-21 07:17:49.299523-03:00
YAHOO_FINANCE,^BVSP,2024-10-25,130067.0,130529.0,129806.0,129893.0,129893.0,8513300,2026-07-21 07:17:49.299523-03:00
YAHOO_FINANCE,^BVSP,2024-10-28,129894.0,131421.0,129894.0,131213.0,131213.0,7135300,2026-07-21 07:17:49.299523-03:00
YAHOO_FINANCE,^BVSP,2024-10-29,131214.0,131765.0,130693.0,130730.0,130730.0,7636400,2026-07-21 07:17:49.299523-03:00
YAHOO_FINANCE,^BVSP,2024-10-30,130730.0,131027.0,130473.0,130639.0,130639.0,7327100,2026-07-21 07:17:49.299523-03:00
YAHOO_FINANCE,^BVSP,2024-10-31,130639.0,130798.0,129642.0,129713.0,129713.0,9068100,2026-07-21 07:17:49.299523-03:00
YAHOO_FINANCE,^BVSP,2024-11-01,129718.0,129902.0,128070.0,128121.0,128121.0,9897900,2026-07-21 07:17:49.299523-03:00
YAHOO_FINANCE,^BVSP,2024-11-04,128130.0,130609.0,128128.0,130515.0,130515.0,9013500,2026-07-21 07:17:49.299523-03:00
YAHOO_FINANCE,^BVSP,2024-11-05,130515.0,130769.0,129692.0,130661.0,130661.0,8556100,2026-07-21 07:17:49.299523-03:00
YAHOO_FINANCE,^BVSP,2024-11-06,130613.0,130670.0,128822.0,130341.0,130341.0,10540900,2026-07-21 07:17:49.299523-03:00
YAHOO_FINANCE,^BVSP,2024-11-07,130341.0,131319.0,129406.0,129682.0,129682.0,10520800,2026-07-21 07:17:49.299523-03:00
YAHOO_FINANCE,^BVSP,2024-11-08,129647.0,129647.0,126973.0,127830.0,127830.0,13183200,2026-07-21 07:17:49.299523-03:00
YAHOO_FINANCE,^BVSP,2024-11-11,127829.0,128095.0,127306.0,127874.0,127874.0,8395300,2026-07-21 07:17:49.299523-03:00
YAHOO_FINANCE,^BVSP,2024-11-12,127873.0,128210.0,127411.0,127698.0,127698.0,9522100,2026-07-21 07:17:49.299523-03:00
YAHOO_FINANCE,^BVSP,2024-11-13,127698.0,128100.0,126869.0,127734.0,127734.0,12692800,2026-07-21 07:17:49.299523-03:00
YAHOO_FINANCE,^BVSP,2024-11-14,127734.0,128423.0,127389.0,127792.0,127792.0,13138300,2026-07-21 07:17:49.299523-03:00
YAHOO_FINANCE,^BVSP,2024-11-18,127791.0,128277.0,127226.0,127768.0,127768.0,10742000,2026-07-21 07:17:49.299523-03:00
YAHOO_FINANCE,^BVSP,2024-11-19,127768.0,128579.0,127235.0,128197.0,128197.0,9103600,2026-07-21 07:17:49.299523-03:00
YAHOO_FINANCE,^BVSP,2024-11-21,128197.0,128197.0,126594.0,126922.0,126922.0,10271900,2026-07-21 07:17:49.299523-03:00
YAHOO_FINANCE,^BVSP,2024-11-22,126944.0,129126.0,126944.0,129126.0,129126.0,9186200,2026-07-21 07:17:49.299523-03:00
YAHOO_FINANCE,^BVSP,2024-11-25,129125.0,129495.0,128932.0,129036.0,129036.0,14411200,2026-07-21 07:17:49.299523-03:00
YAHOO_FINANCE,^BVSP,2024-11-26,129043.0,130361.0,129042.0,129922.0,129922.0,9745200,2026-07-21 07:17:49.299523-03:00
YAHOO_FINANCE,^BVSP,2024-11-27,129923.0,130283.0,127669.0,127669.0,127669.0,12318800,2026-07-21 07:17:49.299523-03:00
YAHOO_FINANCE,^BVSP,2024-11-28,127667.0,127668.0,124390.0,124610.0,124610.0,12833100,2026-07-21 07:17:49.299523-03:00
YAHOO_FINANCE,^BVSP,2024-11-29,124611.0,126056.0,123946.0,125668.0,125668.0,16398000,2026-07-21 07:17:49.299523-03:00
YAHOO_FINANCE,^BVSP,2024-12-02,125668.0,125901.0,124734.0,125236.0,125236.0,11517200,2026-07-21 07:17:49.299523-03:00
YAHOO_FINANCE,^BVSP,2024-12-03,125235.0,126417.0,125233.0,126139.0,126139.0,9990000,2026-07-21 07:17:49.299523-03:00
YAHOO_FINANCE,^BVSP,2024-12-04,126139.0,126720.0,125828.0,126087.0,126087.0,9388600,2026-07-21 07:17:49.299523-03:00
YAHOO_FINANCE,^BVSP,2024-12-05,126088.0,127989.0,126087.0,127858.0,127858.0,9530800,2026-07-21 07:17:49.299523-03:00
YAHOO_FINANCE,^BVSP,2024-12-06,127856.0,127872.0,125833.0,125946.0,125946.0,11223300,2026-07-21 07:17:49.299523-03:00
YAHOO_FINANCE,^BVSP,2024-12-09,125946.0,127542.0,125946.0,127210.0,127210.0,9367300,2026-07-21 07:17:49.299523-03:00
YAHOO_FINANCE,^BVSP,2024-12-10,127213.0,128511.0,127213.0,128228.0,128228.0,9141300,2026-07-21 07:17:49.299523-03:00
YAHOO_FINANCE,^BVSP,2024-12-11,128228.0,130899.0,127362.0,129593.0,129593.0,13170900,2026-07-21 07:17:49.299523-03:00
YAHOO_FINANCE,^BVSP,2024-12-12,129587.0,129587.0,125829.0,126042.0,126042.0,13453200,2026-07-21 07:17:49.299523-03:00
YAHOO_FINANCE,^BVSP,2024-12-13,126102.0,126290.0,124578.0,124612.0,124612.0,11762700,2026-07-21 07:17:49.299523-03:00
YAHOO_FINANCE,^BVSP,2024-12-16,124610.0,124956.0,123495.0,123560.0,123560.0,11071100,2026-07-21 07:17:49.299523-03:00
YAHOO_FINANCE,^BVSP,2024-12-17,123560.0,125301.0,123560.0,124698.0,124698.0,17561100,2026-07-21 07:17:49.299523-03:00
YAHOO_FINANCE,^BVSP,2024-12-18,124699.0,124699.0,120457.0,120772.0,120772.0,19742800,2026-07-21 07:17:49.299523-03:00
YAHOO_FINANCE,^BVSP,2024-12-19,120768.0,121770.0,120768.0,121188.0,121188.0,13682900,2026-07-21 07:17:49.299523-03:00
YAHOO_FINANCE,^BVSP,2024-12-20,121183.0,122209.0,120700.0,122102.0,122102.0,18128200,2026-07-21 07:17:49.299523-03:00
YAHOO_FINANCE,^BVSP,2024-12-23,122105.0,122105.0,120617.0,120767.0,120767.0,9953300,2026-07-21 07:17:49.299523-03:00
YAHOO_FINANCE,^BVSP,2024-12-26,120767.0,121612.0,120428.0,121078.0,121078.0,8338500,2026-07-21 07:17:49.299523-03:00
YAHOO_FINANCE,^BVSP,2024-12-27,121078.0,121609.0,120252.0,120269.0,120269.0,8937000,2026-07-21 07:17:49.299523-03:00
YAHOO_FINANCE,^BVSP,2024-12-30,120267.0,121050.0,120158.0,120283.0,120283.0,8895300,2026-07-21 07:17:49.299523-03:00
YAHOO_FINANCE,^BVSP,2025-01-02,120283.0,120782.0,119120.0,120125.0,120125.0,9373600,2026-07-21 07:17:49.299523-03:00
YAHOO_FINANCE,^BVSP,2025-01-03,120125.0,120356.0,118404.0,118533.0,118533.0,9804400,2026-07-21 07:17:49.299523-03:00
YAHOO_FINANCE,^BVSP,2025-01-06,118534.0,120322.0,118534.0,120022.0,120022.0,9685600,2026-07-21 07:17:49.299523-03:00
YAHOO_FINANCE,^BVSP,2025-01-07,120022.0,121713.0,120022.0,121163.0,121163.0,11116400,2026-07-21 07:17:49.299523-03:00
YAHOO_FINANCE,^BVSP,2025-01-08,121160.0,121160.0,119351.0,119625.0,119625.0,10230700,2026-07-21 07:17:49.299523-03:00
YAHOO_FINANCE,^BVSP,2025-01-09,119625.0,120145.0,119502.0,119781.0,119781.0,6611500,2026-07-21 07:17:49.299523-03:00
YAHOO_FINANCE,^BVSP,2025-01-10,119781.0,120052.0,118732.0,118856.0,118856.0,9255500,2026-07-21 07:17:49.299523-03:00
YAHOO_FINANCE,^BVSP,2025-01-13,118856.0,119729.0,118743.0,119007.0,119007.0,8161500,2026-07-21 07:17:49.299523-03:00
YAHOO_FINANCE,^BVSP,2025-01-14,119007.0,119451.0,118223.0,119299.0,119299.0,9349300,2026-07-21 07:17:49.299523-03:00
YAHOO_FINANCE,^BVSP,2025-01-15,119309.0,122988.0,119303.0,122650.0,122650.0,11928800,2026-07-21 07:17:49.299523-03:00
YAHOO_FINANCE,^BVSP,2025-01-16,122649.0,122660.0,120796.0,121234.0,121234.0,11312100,2026-07-21 07:17:49.299523-03:00
YAHOO_FINANCE,^BVSP,2025-01-17,121258.0,122674.0,121074.0,122350.0,122350.0,10242300,2026-07-21 07:17:49.299523-03:00
YAHOO_FINANCE,^BVSP,2025-01-20,122349.0,123098.0,121511.0,122543.0,122543.0,4185300,2026-07-21 07:17:49.299523-03:00
YAHOO_FINANCE,^BVSP,2025-01-21,122850.0,123462.0,122290.0,123338.0,123338.0,7819600,2026-07-21 07:17:49.299523-03:00
YAHOO_FINANCE,^BVSP,2025-01-22,123345.0,123865.0,122926.0,122972.0,122972.0,9975100,2026-07-21 07:17:49.299523-03:00
YAHOO_FINANCE,^BVSP,2025-01-23,122965.0,123958.0,122159.0,122483.0,122483.0,9491400,2026-07-21 07:17:49.299523-03:00
YAHOO_FINANCE,^BVSP,2025-01-24,122483.0,122908.0,122196.0,122447.0,122447.0,7777800,2026-07-21 07:17:49.299523-03:00
YAHOO_FINANCE,^BVSP,2025-01-27,122443.0,124862.0,122207.0,124862.0,124862.0,11021500,2026-07-21 07:17:49.299523-03:00
YAHOO_FINANCE,^BVSP,2025-01-28,124861.0,124881.0,123973.0,124056.0,124056.0,8313500,2026-07-21 07:17:49.299523-03:00
YAHOO_FINANCE,^BVSP,2025-01-29,124056.0,124767.0,123278.0,123432.0,123432.0,7348500,2026-07-21 07:17:49.299523-03:00
YAHOO_FINANCE,^BVSP,2025-01-30,123433.0,127169.0,123432.0,126913.0,126913.0,11688100,2026-07-21 07:17:49.299523-03:00
YAHOO_FINANCE,^BVSP,2025-01-31,126914.0,127532.0,126057.0,126135.0,126135.0,10242600,2026-07-21 07:17:49.299523-03:00
YAHOO_FINANCE,^BVSP,2025-02-03,126135.0,126473.0,125566.0,125970.0,125970.0,9548900,2026-07-21 07:17:49.299523-03:00
YAHOO_FINANCE,^BVSP,2025-02-04,125964.0,125964.0,124694.0,125147.0,125147.0,9784500,2026-07-21 07:17:49.299523-03:00
YAHOO_FINANCE,^BVSP,2025-02-05,125146.0,125846.0,124637.0,125534.0,125534.0,9957400,2026-07-21 07:17:49.299523-03:00
YAHOO_FINANCE,^BVSP,2025-02-06,125531.0,126399.0,125249.0,126225.0,126225.0,10028600,2026-07-21 07:17:49.299523-03:00
YAHOO_FINANCE,^BVSP,2025-02-07,126219.0,126524.0,124320.0,124619.0,124619.0,10952400,2026-07-21 07:17:49.299523-03:00
YAHOO_FINANCE,^BVSP,2025-02-10,124619.0,126386.0,124619.0,125572.0,125572.0,8908600,2026-07-21 07:17:49.299523-03:00
YAHOO_FINANCE,^BVSP,2025-02-11,125571.0,126886.0,125570.0,126522.0,126522.0,11242800,2026-07-21 07:17:49.299523-03:00
YAHOO_FINANCE,^BVSP,2025-02-12,126513.0,126513.0,124116.0,124380.0,124380.0,14625100,2026-07-21 07:17:49.299523-03:00
YAHOO_FINANCE,^BVSP,2025-02-13,124372.0,124853.0,123778.0,124850.0,124850.0,9048100,2026-07-21 07:17:49.299523-03:00
YAHOO_FINANCE,^BVSP,2025-02-14,124849.0,128482.0,124849.0,128219.0,128219.0,12560100,2026-07-21 07:17:49.299523-03:00
YAHOO_FINANCE,^BVSP,2025-02-17,128229.0,129534.0,128229.0,128869.0,128869.0,7032800,2026-07-21 07:17:49.299523-03:00
YAHOO_FINANCE,^BVSP,2025-02-18,128553.0,129294.0,128012.0,128532.0,128532.0,10994100,2026-07-21 07:17:49.299523-03:00
YAHOO_FINANCE,^BVSP,2025-02-19,128528.0,128528.0,127028.0,127309.0,127309.0,9295100,2026-07-21 07:17:49.299523-03:00
YAHOO_FINANCE,^BVSP,2025-02-20,127309.0,127871.0,127063.0,127601.0,127601.0,10640300,2026-07-21 07:17:49.299523-03:00
YAHOO_FINANCE,^BVSP,2025-02-21,127601.0,127654.0,126483.0,127128.0,127128.0,11093300,2026-07-21 07:17:49.299523-03:00
YAHOO_FINANCE,^BVSP,2025-02-24,127129.0,127275.0,125162.0,125401.0,125401.0,10148900,2026-07-21 07:17:49.299523-03:00
YAHOO_FINANCE,^BVSP,2025-02-25,125401.0,126718.0,125382.0,125980.0,125980.0,11078000,2026-07-21 07:17:49.299523-03:00
YAHOO_FINANCE,^BVSP,2025-02-26,125980.0,126563.0,124732.0,124769.0,124769.0,11361800,2026-07-21 07:17:49.299523-03:00
YAHOO_FINANCE,^BVSP,2025-02-27,124768.0,125497.0,124352.0,124799.0,124799.0,12554000,2026-07-21 07:17:49.299523-03:00
YAHOO_FINANCE,^BVSP,2025-02-28,124798.0,124916.0,122659.0,122799.0,122799.0,24873800,2026-07-21 07:17:49.299523-03:00
YAHOO_FINANCE,^BVSP,2025-03-05,122799.0,123364.0,122747.0,123047.0,123047.0,9604100,2026-07-21 07:17:49.299523-03:00
YAHOO_FINANCE,^BVSP,2025-03-06,123048.0,124112.0,122681.0,123358.0,123358.0,10060600,2026-07-21 07:17:49.299523-03:00
YAHOO_FINANCE,^BVSP,2025-03-07,123357.0,125822.0,122530.0,125035.0,125035.0,9975600,2026-07-21 07:17:49.299523-03:00
YAHOO_FINANCE,^BVSP,2025-03-10,125031.0,125031.0,123471.0,124519.0,124519.0,9370800,2026-07-21 07:17:49.299523-03:00
YAHOO_FINANCE,^BVSP,2025-03-11,124519.0,124625.0,122636.0,123507.0,123507.0,8810400,2026-07-21 07:17:49.299523-03:00
YAHOO_FINANCE,^BVSP,2025-03-12,123507.0,124048.0,122969.0,123864.0,123864.0,8254800,2026-07-21 07:17:49.299523-03:00
YAHOO_FINANCE,^BVSP,2025-03-13,123863.0,125774.0,123590.0,125637.0,125637.0,11259000,2026-07-21 07:17:49.299523-03:00
YAHOO_FINANCE,^BVSP,2025-03-14,125647.0,129194.0,125647.0,128957.0,128957.0,14572600,2026-07-21 07:17:49.299523-03:00
YAHOO_FINANCE,^BVSP,2025-03-17,128959.0,131313.0,128957.0,130834.0,130834.0,11063200,2026-07-21 07:17:49.299523-03:00
YAHOO_FINANCE,^BVSP,2025-03-18,130832.0,131834.0,130722.0,131475.0,131475.0,10992400,2026-07-21 07:17:49.299523-03:00
YAHOO_FINANCE,^BVSP,2025-03-19,131476.0,132984.0,131451.0,132508.0,132508.0,12204900,2026-07-21 07:17:49.299523-03:00
YAHOO_FINANCE,^BVSP,2025-03-20,132505.0,132713.0,131813.0,131955.0,131955.0,14187500,2026-07-21 07:17:49.299523-03:00
YAHOO_FINANCE,^BVSP,2025-03-21,132005.0,132588.0,131776.0,132345.0,132345.0,14192000,2026-07-21 07:17:49.299523-03:00
YAHOO_FINANCE,^BVSP,2025-03-24,132344.0,132424.0,130992.0,131321.0,131321.0,8301200,2026-07-21 07:17:49.299523-03:00
YAHOO_FINANCE,^BVSP,2025-03-25,131327.0,133471.0,131325.0,132068.0,132068.0,9237600,2026-07-21 07:17:49.299523-03:00
YAHOO_FINANCE,^BVSP,2025-03-26,132069.0,132984.0,132068.0,132520.0,132520.0,9404600,2026-07-21 07:17:49.299523-03:00
YAHOO_FINANCE,^BVSP,2025-03-27,132522.0,133904.0,132479.0,133149.0,133149.0,10016200,2026-07-21 07:17:49.299523-03:00
YAHOO_FINANCE,^BVSP,2025-03-28,133143.0,133143.0,131315.0,131902.0,131902.0,8905500,2026-07-21 07:17:49.299523-03:00
YAHOO_FINANCE,^BVSP,2025-03-31,131900.0,131901.0,130115.0,130260.0,130260.0,9994900,2026-07-21 07:17:49.299523-03:00
YAHOO_FINANCE,^BVSP,2025-04-01,130267.0,131982.0,130081.0,131147.0,131147.0,8966100,2026-07-21 07:17:49.299523-03:00
YAHOO_FINANCE,^BVSP,2025-04-02,131151.0,131424.0,130393.0,131190.0,131190.0,8819500,2026-07-21 07:17:49.299523-03:00
YAHOO_FINANCE,^BVSP,2025-04-03,131185.0,132552.0,130182.0,131141.0,131141.0,12327500,2026-07-21 07:17:49.299523-03:00
YAHOO_FINANCE,^BVSP,2025-04-04,131139.0,131139.0,126466.0,127256.0,127256.0,13176400,2026-07-21 07:17:49.299523-03:00
YAHOO_FINANCE,^BVSP,2025-04-07,127229.0,128411.0,123876.0,125588.0,125588.0,14045900,2026-07-21 07:17:49.299523-03:00
YAHOO_FINANCE,^BVSP,2025-04-08,125588.0,127652.0,123454.0,123932.0,123932.0,12814700,2026-07-21 07:17:49.299523-03:00
YAHOO_FINANCE,^BVSP,2025-04-09,123928.0,128649.0,122887.0,127796.0,127796.0,16919800,2026-07-21 07:17:49.299523-03:00
YAHOO_FINANCE,^BVSP,2025-04-10,127796.0,127797.0,124895.0,126355.0,126355.0,11456300,2026-07-21 07:17:49.299523-03:00
YAHOO_FINANCE,^BVSP,2025-04-11,126355.0,128386.0,126078.0,127682.0,127682.0,10084200,2026-07-21 07:17:49.299523-03:00
YAHOO_FINANCE,^BVSP,2025-04-14,127683.0,129955.0,127683.0,129454.0,129454.0,10608700,2026-07-21 07:17:49.299523-03:00
YAHOO_FINANCE,^BVSP,2025-04-15,129452.0,129927.0,128951.0,129245.0,129245.0,8837800,2026-07-21 07:17:49.299523-03:00
YAHOO_FINANCE,^BVSP,2025-04-16,129245.0,129605.0,128149.0,128317.0,128317.0,11540200,2026-07-21 07:17:49.299523-03:00
YAHOO_FINANCE,^BVSP,2025-04-17,128316.0,130091.0,127973.0,129650.0,129650.0,9983400,2026-07-21 07:17:49.299523-03:00
YAHOO_FINANCE,^BVSP,2025-04-22,129650.0,130877.0,128726.0,130464.0,130464.0,8605300,2026-07-21 07:17:49.299523-03:00
YAHOO_FINANCE,^BVSP,2025-04-23,130468.0,133318.0,130468.0,132216.0,132216.0,11342700,2026-07-21 07:17:49.299523-03:00
YAHOO_FINANCE,^BVSP,2025-04-24,132245.0,134938.0,132223.0,134580.0,134580.0,14113400,2026-07-21 07:17:49.299523-03:00
YAHOO_FINANCE,^BVSP,2025-04-25,134579.0,134992.0,134186.0,134739.0,134739.0,13051800,2026-07-21 07:17:49.299523-03:00
YAHOO_FINANCE,^BVSP,2025-04-28,134741.0,135709.0,134711.0,135016.0,135016.0,11449700,2026-07-21 07:17:49.299523-03:00
YAHOO_FINANCE,^BVSP,2025-04-29,135017.0,136150.0,134899.0,135093.0,135093.0,12761100,2026-07-21 07:17:49.299523-03:00
YAHOO_FINANCE,^BVSP,2025-04-30,135094.0,135171.0,133955.0,135067.0,135067.0,15452400,2026-07-21 07:17:49.299523-03:00
YAHOO_FINANCE,^BVSP,2025-05-02,135067.0,135275.0,134355.0,135134.0,135134.0,12739100,2026-07-21 07:17:49.299523-03:00
YAHOO_FINANCE,^BVSP,2025-05-05,135131.0,135198.0,133390.0,133491.0,133491.0,10796300,2026-07-21 07:17:49.299523-03:00
YAHOO_FINANCE,^BVSP,2025-05-06,133499.0,134135.0,133260.0,133516.0,133516.0,11139700,2026-07-21 07:17:49.299523-03:00
YAHOO_FINANCE,^BVSP,2025-05-07,133517.0,134110.0,132872.0,133398.0,133398.0,9938200,2026-07-21 07:17:49.299523-03:00
YAHOO_FINANCE,^BVSP,2025-05-08,133458.0,137635.0,133458.0,136232.0,136232.0,17202900,2026-07-21 07:17:49.299523-03:00
YAHOO_FINANCE,^BVSP,2025-05-09,136232.0,137286.0,136105.0,136512.0,136512.0,13881800,2026-07-21 07:17:49.299523-03:00
YAHOO_FINANCE,^BVSP,2025-05-12,136516.0,137519.0,136356.0,136563.0,136563.0,10915800,2026-07-21 07:17:49.299523-03:00
YAHOO_FINANCE,^BVSP,2025-05-13,136565.0,139419.0,136550.0,138963.0,138963.0,13071200,2026-07-21 07:17:49.299523-03:00
YAHOO_FINANCE,^BVSP,2025-05-14,138965.0,139362.0,138228.0,138423.0,138423.0,11155300,2026-07-21 07:17:49.299523-03:00
YAHOO_FINANCE,^BVSP,2025-05-15,138425.0,139408.0,138321.0,139334.0,139334.0,11500800,2026-07-21 07:17:49.299523-03:00
YAHOO_FINANCE,^BVSP,2025-05-16,139335.0,139335.0,137713.0,139187.0,139187.0,12106000,2026-07-21 07:17:49.299523-03:00
YAHOO_FINANCE,^BVSP,2025-05-19,139186.0,140203.0,138587.0,139636.0,139636.0,9590600,2026-07-21 07:17:49.299523-03:00
YAHOO_FINANCE,^BVSP,2025-05-20,139636.0,140244.0,138966.0,140110.0,140110.0,9650800,2026-07-21 07:17:49.299523-03:00
YAHOO_FINANCE,^BVSP,2025-05-21,140109.0,140109.0,137538.0,137881.0,137881.0,10150400,2026-07-21 07:17:49.299523-03:00
YAHOO_FINANCE,^BVSP,2025-05-22,137881.0,138837.0,137088.0,137273.0,137273.0,13223200,2026-07-21 07:17:49.299523-03:00
YAHOO_FINANCE,^BVSP,2025-05-23,137273.0,137824.0,134997.0,137824.0,137824.0,10682600,2026-07-21 07:17:49.299523-03:00
YAHOO_FINANCE,^BVSP,2025-05-26,137824.0,138800.0,137795.0,138136.0,138136.0,5553800,2026-07-21 07:17:49.299523-03:00
YAHOO_FINANCE,^BVSP,2025-05-27,138136.0,140382.0,138136.0,139541.0,139541.0,11187800,2026-07-21 07:17:49.299523-03:00
YAHOO_FINANCE,^BVSP,2025-05-28,139541.0,139547.0,138580.0,138888.0,138888.0,9735000,2026-07-21 07:17:49.299523-03:00
YAHOO_FINANCE,^BVSP,2025-05-29,138869.0,139108.0,137993.0,138534.0,138534.0,8826400,2026-07-21 07:17:49.299523-03:00
YAHOO_FINANCE,^BVSP,2025-05-30,138546.0,138637.0,136726.0,137027.0,137027.0,15141600,2026-07-21 07:17:49.299523-03:00
YAHOO_FINANCE,^BVSP,2025-06-02,137026.0,138471.0,136483.0,136787.0,136787.0,9100100,2026-07-21 07:17:49.299523-03:00
YAHOO_FINANCE,^BVSP,2025-06-03,136787.0,137672.0,136175.0,137546.0,137546.0,9696700,2026-07-21 07:17:49.299523-03:00
YAHOO_FINANCE,^BVSP,2025-06-04,137547.0,138797.0,136695.0,137002.0,137002.0,10199100,2026-07-21 07:17:49.299523-03:00
YAHOO_FINANCE,^BVSP,2025-06-05,137003.0,137451.0,136031.0,136236.0,136236.0,9484500,2026-07-21 07:17:49.299523-03:00
YAHOO_FINANCE,^BVSP,2025-06-06,136236.0,136890.0,135601.0,136102.0,136102.0,9119300,2026-07-21 07:17:49.299523-03:00
YAHOO_FINANCE,^BVSP,2025-06-09,136102.0,136106.0,134119.0,135699.0,135699.0,7763800,2026-07-21 07:17:49.299523-03:00
YAHOO_FINANCE,^BVSP,2025-06-10,135716.0,137369.0,135716.0,136436.0,136436.0,8186500,2026-07-21 07:17:49.299523-03:00
YAHOO_FINANCE,^BVSP,2025-06-11,136443.0,137531.0,135628.0,137128.0,137128.0,8767100,2026-07-21 07:17:49.299523-03:00
YAHOO_FINANCE,^BVSP,2025-06-12,137127.0,137931.0,136175.0,137800.0,137800.0,7124600,2026-07-21 07:17:49.299523-03:00
YAHOO_FINANCE,^BVSP,2025-06-13,137800.0,137800.0,136586.0,137213.0,137213.0,8628300,2026-07-21 07:17:49.299523-03:00
YAHOO_FINANCE,^BVSP,2025-06-16,137212.0,139988.0,137212.0,139256.0,139256.0,7620500,2026-07-21 07:17:49.299523-03:00
YAHOO_FINANCE,^BVSP,2025-06-17,139256.0,139497.0,138293.0,138840.0,138840.0,8377000,2026-07-21 07:17:49.299523-03:00
YAHOO_FINANCE,^BVSP,2025-06-18,138844.0,139161.0,138443.0,138717.0,138717.0,8323400,2026-07-21 07:17:49.299523-03:00
YAHOO_FINANCE,^BVSP,2025-06-20,138715.0,138719.0,136815.0,137116.0,137116.0,11289300,2026-07-21 07:17:49.299523-03:00
YAHOO_FINANCE,^BVSP,2025-06-23,137116.0,137130.0,135835.0,136551.0,136551.0,7727800,2026-07-21 07:17:49.299523-03:00
YAHOO_FINANCE,^BVSP,2025-06-24,136552.0,138156.0,136254.0,137165.0,137165.0,8083700,2026-07-21 07:17:49.299523-03:00
YAHOO_FINANCE,^BVSP,2025-06-25,137163.0,137163.0,135565.0,135767.0,135767.0,7705700,2026-07-21 07:17:49.299523-03:00
YAHOO_FINANCE,^BVSP,2025-06-26,135767.0,137353.0,135756.0,137114.0,137114.0,8023300,2026-07-21 07:17:49.299523-03:00
YAHOO_FINANCE,^BVSP,2025-06-27,137113.0,137209.0,136469.0,136866.0,136866.0,6244500,2026-07-21 07:17:49.299523-03:00
YAHOO_FINANCE,^BVSP,2025-06-30,136865.0,139103.0,136430.0,138855.0,138855.0,7680300,2026-07-21 07:17:49.299523-03:00
YAHOO_FINANCE,^BVSP,2025-07-01,138855.0,139695.0,138855.0,139549.0,139549.0,6345700,2026-07-21 07:17:49.299523-03:00
YAHOO_FINANCE,^BVSP,2025-07-02,139586.0,140049.0,138384.0,139051.0,139051.0,8811900,2026-07-21 07:17:49.299523-03:00
YAHOO_FINANCE,^BVSP,2025-07-03,139051.0,141304.0,139051.0,140928.0,140928.0,6082200,2026-07-21 07:17:49.299523-03:00
YAHOO_FINANCE,^BVSP,2025-07-04,140928.0,141537.0,140597.0,141478.0,141478.0,2114300,2026-07-21 07:17:49.299523-03:00
YAHOO_FINANCE,^BVSP,2025-07-07,141265.0,141342.0,139295.0,139490.0,139490.0,6117300,2026-07-21 07:17:49.299523-03:00
YAHOO_FINANCE,^BVSP,2025-07-08,139491.0,139591.0,138770.0,139303.0,139303.0,6750100,2026-07-21 07:17:49.299523-03:00
YAHOO_FINANCE,^BVSP,2025-07-09,139303.0,139331.0,137299.0,137481.0,137481.0,7584500,2026-07-21 07:17:49.299523-03:00
YAHOO_FINANCE,^BVSP,2025-07-10,137472.0,137472.0,136015.0,136743.0,136743.0,9566200,2026-07-21 07:17:49.299523-03:00
YAHOO_FINANCE,^BVSP,2025-07-11,136742.0,136742.0,135528.0,136187.0,136187.0,7401900,2026-07-21 07:17:49.299523-03:00
YAHOO_FINANCE,^BVSP,2025-07-14,136187.0,136187.0,134840.0,135299.0,135299.0,7325600,2026-07-21 07:17:49.299523-03:00
YAHOO_FINANCE,^BVSP,2025-07-15,135298.0,136022.0,134380.0,135250.0,135250.0,6904200,2026-07-21 07:17:49.299523-03:00
YAHOO_FINANCE,^BVSP,2025-07-16,135250.0,135641.0,134265.0,135511.0,135511.0,7833200,2026-07-21 07:17:49.299523-03:00
YAHOO_FINANCE,^BVSP,2025-07-17,135515.0,135793.0,135016.0,135565.0,135565.0,6800000,2026-07-21 07:17:49.299523-03:00
YAHOO_FINANCE,^BVSP,2025-07-18,135563.0,135563.0,133296.0,133382.0,133382.0,10071800,2026-07-21 07:17:49.299523-03:00
YAHOO_FINANCE,^BVSP,2025-07-21,133382.0,134865.0,133367.0,134167.0,134167.0,6726700,2026-07-21 07:17:49.299523-03:00
YAHOO_FINANCE,^BVSP,2025-07-22,134180.0,135300.0,133986.0,134036.0,134036.0,7052100,2026-07-21 07:17:49.299523-03:00
YAHOO_FINANCE,^BVSP,2025-07-23,134036.0,135782.0,133676.0,135368.0,135368.0,6527600,2026-07-21 07:17:49.299523-03:00
YAHOO_FINANCE,^BVSP,2025-07-24,135357.0,135363.0,133648.0,133808.0,133808.0,5976800,2026-07-21 07:17:49.299523-03:00
YAHOO_FINANCE,^BVSP,2025-07-25,133820.0,134204.0,133285.0,133524.0,133524.0,5560900,2026-07-21 07:17:49.299523-03:00
YAHOO_FINANCE,^BVSP,2025-07-28,133538.0,133902.0,131550.0,132129.0,132129.0,6625600,2026-07-21 07:17:49.299523-03:00
YAHOO_FINANCE,^BVSP,2025-07-29,132130.0,133346.0,132130.0,132726.0,132726.0,6324800,2026-07-21 07:17:49.299523-03:00
YAHOO_FINANCE,^BVSP,2025-07-30,132702.0,134368.0,131883.0,133990.0,133990.0,8655300,2026-07-21 07:17:49.299523-03:00
YAHOO_FINANCE,^BVSP,2025-07-31,133987.0,133987.0,132096.0,133071.0,133071.0,9196800,2026-07-21 07:17:49.299523-03:00
YAHOO_FINANCE,^BVSP,2025-08-01,132920.0,133237.0,132140.0,132437.0,132437.0,8497100,2026-07-21 07:17:49.299523-03:00
YAHOO_FINANCE,^BVSP,2025-08-04,132440.0,133929.0,132440.0,132971.0,132971.0,6136600,2026-07-21 07:17:49.299523-03:00
YAHOO_FINANCE,^BVSP,2025-08-05,132971.0,134233.0,132682.0,133151.0,133151.0,6606300,2026-07-21 07:17:49.299523-03:00
YAHOO_FINANCE,^BVSP,2025-08-06,133169.0,135241.0,133169.0,134538.0,134538.0,8681700,2026-07-21 07:17:49.299523-03:00
YAHOO_FINANCE,^BVSP,2025-08-07,134538.0,137007.0,134534.0,136528.0,136528.0,9501000,2026-07-21 07:17:49.299523-03:00
YAHOO_FINANCE,^BVSP,2025-08-08,136526.0,136761.0,135659.0,135913.0,135913.0,9890600,2026-07-21 07:17:49.299523-03:00
YAHOO_FINANCE,^BVSP,2025-08-11,135913.0,136307.0,135496.0,135623.0,135623.0,6947300,2026-07-21 07:17:49.299523-03:00
YAHOO_FINANCE,^BVSP,2025-08-12,135629.0,138414.0,135629.0,137914.0,137914.0,8342100,2026-07-21 07:17:49.299523-03:00
YAHOO_FINANCE,^BVSP,2025-08-13,137911.0,137913.0,136535.0,136687.0,136687.0,9398500,2026-07-21 07:17:49.299523-03:00
YAHOO_FINANCE,^BVSP,2025-08-14,136681.0,137437.0,135588.0,136356.0,136356.0,9667800,2026-07-21 07:17:49.299523-03:00
YAHOO_FINANCE,^BVSP,2025-08-15,136354.0,136431.0,135583.0,136341.0,136341.0,9291000,2026-07-21 07:17:49.299523-03:00
YAHOO_FINANCE,^BVSP,2025-08-18,136341.0,137902.0,136341.0,137322.0,137322.0,8089900,2026-07-21 07:17:49.299523-03:00
YAHOO_FINANCE,^BVSP,2025-08-19,137321.0,137321.0,133997.0,134432.0,134432.0,8684100,2026-07-21 07:17:49.299523-03:00
YAHOO_FINANCE,^BVSP,2025-08-20,134431.0,134964.0,134122.0,134667.0,134667.0,6845000,2026-07-21 07:17:49.299523-03:00
YAHOO_FINANCE,^BVSP,2025-08-21,134664.0,134837.0,133874.0,134511.0,134511.0,6516300,2026-07-21 07:17:49.299523-03:00
YAHOO_FINANCE,^BVSP,2025-08-22,134512.0,138072.0,134512.0,137968.0,137968.0,9315600,2026-07-21 07:17:49.299523-03:00
YAHOO_FINANCE,^BVSP,2025-08-25,137971.0,138890.0,137971.0,138025.0,138025.0,5991700,2026-07-21 07:17:49.299523-03:00
YAHOO_FINANCE,^BVSP,2025-08-26,138026.0,138037.0,137059.0,137771.0,137771.0,8453400,2026-07-21 07:17:49.299523-03:00
YAHOO_FINANCE,^BVSP,2025-08-27,137773.0,139281.0,137456.0,139206.0,139206.0,6609100,2026-07-21 07:17:49.299523-03:00
YAHOO_FINANCE,^BVSP,2025-08-28,139206.0,142138.0,139206.0,141049.0,141049.0,9294800,2026-07-21 07:17:49.299523-03:00
YAHOO_FINANCE,^BVSP,2025-08-29,141049.0,142379.0,141000.0,141422.0,141422.0,9333200,2026-07-21 07:17:49.299523-03:00
YAHOO_FINANCE,^BVSP,2025-09-01,141423.0,141950.0,140878.0,141125.0,141125.0,3388000,2026-07-21 07:17:49.299523-03:00
YAHOO_FINANCE,^BVSP,2025-09-02,141279.0,141279.0,139625.0,140335.0,140335.0,8785200,2026-07-21 07:17:49.299523-03:00
YAHOO_FINANCE,^BVSP,2025-09-03,140332.0,140496.0,139582.0,139864.0,139864.0,7579800,2026-07-21 07:17:49.299523-03:00
YAHOO_FINANCE,^BVSP,2025-09-04,139832.0,141482.0,139832.0,140993.0,140993.0,8032400,2026-07-21 07:17:49.299523-03:00
YAHOO_FINANCE,^BVSP,2025-09-05,141004.0,143409.0,141004.0,142640.0,142640.0,8379400,2026-07-21 07:17:49.299523-03:00
YAHOO_FINANCE,^BVSP,2025-09-08,142640.0,143089.0,141329.0,141792.0,141792.0,7440900,2026-07-21 07:17:49.299523-03:00
YAHOO_FINANCE,^BVSP,2025-09-09,141794.0,142286.0,141606.0,141618.0,141618.0,7481900,2026-07-21 07:17:49.299523-03:00
YAHOO_FINANCE,^BVSP,2025-09-10,141612.0,143182.0,141612.0,142349.0,142349.0,7138700,2026-07-21 07:17:49.299523-03:00
YAHOO_FINANCE,^BVSP,2025-09-11,142349.0,144013.0,142349.0,143151.0,143151.0,7570400,2026-07-21 07:17:49.299523-03:00
YAHOO_FINANCE,^BVSP,2025-09-12,143151.0,143202.0,142241.0,142272.0,142272.0,6388600,2026-07-21 07:17:49.299523-03:00
YAHOO_FINANCE,^BVSP,2025-09-15,142292.0,144194.0,142292.0,143547.0,143547.0,6614000,2026-07-21 07:17:49.299523-03:00
YAHOO_FINANCE,^BVSP,2025-09-16,143547.0,144584.0,143547.0,144062.0,144062.0,8478200,2026-07-21 07:17:49.299523-03:00
YAHOO_FINANCE,^BVSP,2025-09-17,144059.0,146331.0,143910.0,145594.0,145594.0,9604400,2026-07-21 07:17:49.299523-03:00
YAHOO_FINANCE,^BVSP,2025-09-18,145594.0,145726.0,144993.0,145500.0,145500.0,8372000,2026-07-21 07:17:49.299523-03:00
YAHOO_FINANCE,^BVSP,2025-09-19,145500.0,146399.0,145496.0,145865.0,145865.0,10279800,2026-07-21 07:17:49.299523-03:00
YAHOO_FINANCE,^BVSP,2025-09-22,145864.0,145864.0,144117.0,145109.0,145109.0,9428100,2026-07-21 07:17:49.299523-03:00
YAHOO_FINANCE,^BVSP,2025-09-23,145112.0,147179.0,145107.0,146425.0,146425.0,8143800,2026-07-21 07:17:49.299523-03:00
YAHOO_FINANCE,^BVSP,2025-09-24,146426.0,146585.0,146067.0,146492.0,146492.0,7292900,2026-07-21 07:17:49.299523-03:00
YAHOO_FINANCE,^BVSP,2025-09-25,146492.0,146519.0,145187.0,145306.0,145306.0,8293800,2026-07-21 07:17:49.299523-03:00
YAHOO_FINANCE,^BVSP,2025-09-26,145326.0,146235.0,145146.0,145447.0,145447.0,6338200,2026-07-21 07:17:49.299523-03:00
YAHOO_FINANCE,^BVSP,2025-09-29,145447.0,147558.0,145447.0,146337.0,146337.0,7074100,2026-07-21 07:17:49.299523-03:00
YAHOO_FINANCE,^BVSP,2025-09-30,146337.0,147578.0,145774.0,146237.0,146237.0,9477300,2026-07-21 07:17:49.299523-03:00
YAHOO_FINANCE,^BVSP,2025-10-01,146237.0,146879.0,145193.0,145517.0,145517.0,8340700,2026-07-21 07:17:49.299523-03:00
YAHOO_FINANCE,^BVSP,2025-10-02,145517.0,145621.0,143635.0,143950.0,143950.0,7245600,2026-07-21 07:17:49.299523-03:00
YAHOO_FINANCE,^BVSP,2025-10-03,143950.0,144518.0,143676.0,144201.0,144201.0,6177600,2026-07-21 07:17:49.299523-03:00
YAHOO_FINANCE,^BVSP,2025-10-06,144202.0,144532.0,143376.0,143608.0,143608.0,5981500,2026-07-21 07:17:49.299523-03:00
YAHOO_FINANCE,^BVSP,2025-10-07,143606.0,143606.0,141035.0,141356.0,141356.0,9272700,2026-07-21 07:17:49.299523-03:00
YAHOO_FINANCE,^BVSP,2025-10-08,141356.0,142385.0,141356.0,142145.0,142145.0,7525200,2026-07-21 07:17:49.299523-03:00
YAHOO_FINANCE,^BVSP,2025-10-09,142148.0,143212.0,141603.0,141708.0,141708.0,6821400,2026-07-21 07:17:49.299523-03:00
YAHOO_FINANCE,^BVSP,2025-10-10,141725.0,142274.0,140231.0,140680.0,140680.0,8280800,2026-07-21 07:17:49.299523-03:00
YAHOO_FINANCE,^BVSP,2025-10-13,140682.0,142303.0,140682.0,141783.0,141783.0,5531200,2026-07-21 07:17:49.299523-03:00
YAHOO_FINANCE,^BVSP,2025-10-14,141788.0,142589.0,141334.0,141683.0,141683.0,7122300,2026-07-21 07:17:49.299523-03:00
YAHOO_FINANCE,^BVSP,2025-10-15,141683.0,142905.0,141154.0,142604.0,142604.0,10321000,2026-07-21 07:17:49.299523-03:00
YAHOO_FINANCE,^BVSP,2025-10-16,142604.0,143191.0,141446.0,142200.0,142200.0,7391900,2026-07-21 07:17:49.299523-03:00
YAHOO_FINANCE,^BVSP,2025-10-17,142200.0,143425.0,141248.0,143399.0,143399.0,8875100,2026-07-21 07:17:49.299523-03:00
YAHOO_FINANCE,^BVSP,2025-10-20,143399.0,145216.0,143396.0,144509.0,144509.0,6793400,2026-07-21 07:17:49.299523-03:00
YAHOO_FINANCE,^BVSP,2025-10-21,144509.0,144795.0,143829.0,144085.0,144085.0,6193200,2026-07-21 07:17:49.299523-03:00
YAHOO_FINANCE,^BVSP,2025-10-22,144094.0,145048.0,144039.0,144873.0,144873.0,7025000,2026-07-21 07:17:49.299523-03:00
YAHOO_FINANCE,^BVSP,2025-10-23,144881.0,146358.0,144881.0,145721.0,145721.0,6599600,2026-07-21 07:17:49.299523-03:00
YAHOO_FINANCE,^BVSP,2025-10-24,145721.0,147240.0,145721.0,146172.0,146172.0,6491300,2026-07-21 07:17:49.299523-03:00
YAHOO_FINANCE,^BVSP,2025-10-27,146174.0,147977.0,146174.0,146969.0,146969.0,6445200,2026-07-21 07:17:49.299523-03:00
YAHOO_FINANCE,^BVSP,2025-10-28,146970.0,147811.0,146575.0,147429.0,147429.0,7108000,2026-07-21 07:17:49.299523-03:00
YAHOO_FINANCE,^BVSP,2025-10-29,147430.0,149067.0,147430.0,148633.0,148633.0,7999500,2026-07-21 07:17:49.299523-03:00
YAHOO_FINANCE,^BVSP,2025-10-30,148632.0,149234.0,147547.0,148780.0,148780.0,7300600,2026-07-21 07:17:49.299523-03:00
YAHOO_FINANCE,^BVSP,2025-10-31,148774.0,149636.0,148774.0,149540.0,149540.0,8911000,2026-07-21 07:17:49.299523-03:00
YAHOO_FINANCE,^BVSP,2025-11-03,149551.0,150761.0,149551.0,150454.0,150454.0,7667600,2026-07-21 07:17:49.299523-03:00
YAHOO_FINANCE,^BVSP,2025-11-04,150454.0,150888.0,149979.0,150704.0,150704.0,7541200,2026-07-21 07:17:49.299523-03:00
YAHOO_FINANCE,^BVSP,2025-11-05,150709.0,153583.0,150296.0,153294.0,153294.0,9803000,2026-07-21 07:17:49.299523-03:00
YAHOO_FINANCE,^BVSP,2025-11-06,153297.0,154352.0,153235.0,153339.0,153339.0,9387600,2026-07-21 07:17:49.299523-03:00
YAHOO_FINANCE,^BVSP,2025-11-07,153339.0,154066.0,152368.0,154064.0,154064.0,9474100,2026-07-21 07:17:49.299523-03:00
YAHOO_FINANCE,^BVSP,2025-11-10,154061.0,155601.0,154058.0,155257.0,155257.0,7751600,2026-07-21 07:17:49.299523-03:00
YAHOO_FINANCE,^BVSP,2025-11-11,155257.0,158467.0,155252.0,157749.0,157749.0,12876000,2026-07-21 07:17:49.299523-03:00
YAHOO_FINANCE,^BVSP,2025-11-12,157749.0,158134.0,156560.0,157633.0,157633.0,11226600,2026-07-21 07:17:49.299523-03:00
YAHOO_FINANCE,^BVSP,2025-11-13,157633.0,158319.0,156509.0,157162.0,157162.0,10560800,2026-07-21 07:17:49.299523-03:00
YAHOO_FINANCE,^BVSP,2025-11-14,157162.0,158366.0,156656.0,157739.0,157739.0,7977300,2026-07-21 07:17:49.299523-03:00
YAHOO_FINANCE,^BVSP,2025-11-17,157742.0,157901.0,156568.0,156993.0,156993.0,8419200,2026-07-21 07:17:49.299523-03:00
YAHOO_FINANCE,^BVSP,2025-11-18,156990.0,157040.0,155834.0,156522.0,156522.0,8723000,2026-07-21 07:17:49.299523-03:00
YAHOO_FINANCE,^BVSP,2025-11-19,156522.0,156522.0,155212.0,155381.0,155381.0,8815200,2026-07-21 07:17:49.299523-03:00
YAHOO_FINANCE,^BVSP,2025-11-21,155381.0,155387.0,153571.0,154770.0,154770.0,7848000,2026-07-21 07:17:49.299523-03:00
YAHOO_FINANCE,^BVSP,2025-11-24,154769.0,155832.0,154529.0,155278.0,155278.0,9277600,2026-07-21 07:17:49.299523-03:00
YAHOO_FINANCE,^BVSP,2025-11-25,155278.0,156373.0,154821.0,155910.0,155910.0,6929400,2026-07-21 07:17:49.299523-03:00
YAHOO_FINANCE,^BVSP,2025-11-26,155915.0,158714.0,155914.0,158555.0,158555.0,8596500,2026-07-21 07:17:49.299523-03:00
YAHOO_FINANCE,^BVSP,2025-11-27,158554.0,158864.0,158167.0,158292.0,158292.0,3121400,2026-07-21 07:17:49.299523-03:00
YAHOO_FINANCE,^BVSP,2025-11-28,158358.0,159689.0,158078.0,159072.0,159072.0,8017000,2026-07-21 07:17:49.299523-03:00
YAHOO_FINANCE,^BVSP,2025-12-01,159074.0,159224.0,158030.0,158611.0,158611.0,7504300,2026-07-21 07:17:49.299523-03:00
YAHOO_FINANCE,^BVSP,2025-12-02,158612.0,161092.0,158612.0,161092.0,161092.0,8430000,2026-07-21 07:17:49.299523-03:00
YAHOO_FINANCE,^BVSP,2025-12-03,161094.0,161964.0,161093.0,161755.0,161755.0,8292000,2026-07-21 07:17:49.299523-03:00
YAHOO_FINANCE,^BVSP,2025-12-04,161760.0,164551.0,161759.0,164456.0,164456.0,10592300,2026-07-21 07:17:49.299523-03:00
YAHOO_FINANCE,^BVSP,2025-12-05,164461.0,165036.0,157007.0,157369.0,157369.0,14529000,2026-07-21 07:17:49.299523-03:00
YAHOO_FINANCE,^BVSP,2025-12-08,157369.0,159235.0,157369.0,158187.0,158187.0,9024100,2026-07-21 07:17:49.299523-03:00
YAHOO_FINANCE,^BVSP,2025-12-09,158187.0,158851.0,155188.0,157981.0,157981.0,8703800,2026-07-21 07:17:49.299523-03:00
YAHOO_FINANCE,^BVSP,2025-12-10,157984.0,159691.0,157628.0,159075.0,159075.0,8239900,2026-07-21 07:17:49.299523-03:00
YAHOO_FINANCE,^BVSP,2025-12-11,159072.0,159850.0,158098.0,159189.0,159189.0,7018000,2026-07-21 07:17:49.299523-03:00
YAHOO_FINANCE,^BVSP,2025-12-12,159189.0,161263.0,159189.0,160766.0,160766.0,7671200,2026-07-21 07:17:49.299523-03:00
YAHOO_FINANCE,^BVSP,2025-12-15,160766.0,163073.0,160766.0,162482.0,162482.0,8229000,2026-07-21 07:17:49.299523-03:00
YAHOO_FINANCE,^BVSP,2025-12-16,162482.0,162482.0,158558.0,158578.0,158578.0,9920300,2026-07-21 07:17:49.299523-03:00
YAHOO_FINANCE,^BVSP,2025-12-17,158578.0,158611.0,156351.0,157327.0,157327.0,11344300,2026-07-21 07:17:49.299523-03:00
YAHOO_FINANCE,^BVSP,2025-12-18,157327.0,158496.0,157124.0,157923.0,157923.0,7800100,2026-07-21 07:17:49.299523-03:00
YAHOO_FINANCE,^BVSP,2025-12-19,157928.0,159552.0,157906.0,158473.0,158473.0,9946500,2026-07-21 07:17:49.299523-03:00
YAHOO_FINANCE,^BVSP,2025-12-22,158480.0,158634.0,157306.0,158142.0,158142.0,8424000,2026-07-21 07:17:49.299523-03:00
YAHOO_FINANCE,^BVSP,2025-12-23,158144.0,160456.0,158144.0,160456.0,160456.0,6569800,2026-07-21 07:17:49.299523-03:00
YAHOO_FINANCE,^BVSP,2025-12-26,160456.0,160913.0,159359.0,160897.0,160897.0,4790000,2026-07-21 07:17:49.299523-03:00
YAHOO_FINANCE,^BVSP,2025-12-29,160897.0,161133.0,159702.0,160490.0,160490.0,5605600,2026-07-21 07:17:49.299523-03:00
YAHOO_FINANCE,^BVSP,2025-12-30,160491.0,162075.0,160491.0,161125.0,161125.0,5870100,2026-07-21 07:17:49.299523-03:00
YAHOO_FINANCE,^BVSP,2026-01-02,161124.0,161957.0,160059.0,160539.0,160539.0,7459400,2026-07-21 07:17:49.299523-03:00
YAHOO_FINANCE,^BVSP,2026-01-05,160542.0,162166.0,160215.0,161870.0,161870.0,7985200,2026-07-21 07:17:49.299523-03:00
YAHOO_FINANCE,^BVSP,2026-01-06,161870.0,164135.0,161870.0,163664.0,163664.0,8412600,2026-07-21 07:17:49.299523-03:00
YAHOO_FINANCE,^BVSP,2026-01-07,163661.0,163661.0,161746.0,161975.0,161975.0,8846600,2026-07-21 07:17:49.299523-03:00
YAHOO_FINANCE,^BVSP,2026-01-08,161975.0,162937.0,161748.0,162937.0,162937.0,8607700,2026-07-21 07:17:49.299523-03:00
YAHOO_FINANCE,^BVSP,2026-01-09,162938.0,164263.0,162638.0,163370.0,163370.0,8301300,2026-07-21 07:17:49.299523-03:00
YAHOO_FINANCE,^BVSP,2026-01-12,163370.0,163493.0,162277.0,163150.0,163150.0,6896600,2026-07-21 07:17:49.299523-03:00
YAHOO_FINANCE,^BVSP,2026-01-13,163146.0,163146.0,161765.0,161973.0,161973.0,9668600,2026-07-21 07:17:49.299523-03:00
YAHOO_FINANCE,^BVSP,2026-01-14,161974.0,165147.0,161974.0,165146.0,165146.0,9928900,2026-07-21 07:17:49.299523-03:00
YAHOO_FINANCE,^BVSP,2026-01-15,165180.0,166070.0,164833.0,165568.0,165568.0,9406500,2026-07-21 07:17:49.299523-03:00
YAHOO_FINANCE,^BVSP,2026-01-16,165557.0,165872.0,164100.0,164800.0,164800.0,11489200,2026-07-21 07:17:49.299523-03:00
YAHOO_FINANCE,^BVSP,2026-01-19,164800.0,165155.0,164265.0,164849.0,164849.0,4804300,2026-07-21 07:17:49.299523-03:00
YAHOO_FINANCE,^BVSP,2026-01-20,164846.0,166468.0,163575.0,166277.0,166277.0,8369200,2026-07-21 07:17:49.299523-03:00
YAHOO_FINANCE,^BVSP,2026-01-21,166278.0,171969.0,166278.0,171817.0,171817.0,14067700,2026-07-21 07:17:49.299523-03:00
YAHOO_FINANCE,^BVSP,2026-01-22,171817.0,177742.0,171817.0,175589.0,175589.0,14023500,2026-07-21 07:17:49.299523-03:00
YAHOO_FINANCE,^BVSP,2026-01-23,175590.0,180532.0,175590.0,178859.0,178859.0,11778000,2026-07-21 07:17:49.299523-03:00
YAHOO_FINANCE,^BVSP,2026-01-26,178859.0,179543.0,177694.0,178721.0,178721.0,9569200,2026-07-21 07:17:49.299523-03:00
YAHOO_FINANCE,^BVSP,2026-01-27,178853.0,183360.0,178853.0,181919.0,181919.0,11340800,2026-07-21 07:17:49.299523-03:00
YAHOO_FINANCE,^BVSP,2026-01-28,181921.0,185065.0,181921.0,184691.0,184691.0,11856200,2026-07-21 07:17:49.299523-03:00
YAHOO_FINANCE,^BVSP,2026-01-29,184692.0,186450.0,181567.0,183134.0,183134.0,12945700,2026-07-21 07:17:49.299523-03:00
YAHOO_FINANCE,^BVSP,2026-01-30,183133.0,183620.0,180089.0,181364.0,181364.0,11105300,2026-07-21 07:17:49.299523-03:00
YAHOO_FINANCE,^BVSP,2026-02-02,181369.0,182890.0,181348.0,182793.0,182793.0,8740500,2026-07-21 07:17:49.299523-03:00
YAHOO_FINANCE,^BVSP,2026-02-03,182816.0,187334.0,182816.0,185674.0,185674.0,10758800,2026-07-21 07:17:49.299523-03:00
YAHOO_FINANCE,^BVSP,2026-02-04,185671.0,185671.0,180269.0,181708.0,181708.0,10728100,2026-07-21 07:17:49.299523-03:00
YAHOO_FINANCE,^BVSP,2026-02-05,181709.0,184017.0,181569.0,182127.0,182127.0,9832100,2026-07-21 07:17:49.299523-03:00
YAHOO_FINANCE,^BVSP,2026-02-06,182128.0,183262.0,181391.0,182950.0,182950.0,9896700,2026-07-21 07:17:49.299523-03:00
YAHOO_FINANCE,^BVSP,2026-02-09,182950.0,186460.0,182950.0,186241.0,186241.0,8921800,2026-07-21 07:17:49.299523-03:00
YAHOO_FINANCE,^BVSP,2026-02-10,186241.0,186959.0,185083.0,185929.0,185929.0,10298000,2026-07-21 07:17:49.299523-03:00
YAHOO_FINANCE,^BVSP,2026-02-11,185936.0,190561.0,185936.0,189699.0,189699.0,11642200,2026-07-21 07:17:49.299523-03:00
YAHOO_FINANCE,^BVSP,2026-02-12,189694.0,189990.0,186959.0,187766.0,187766.0,12361300,2026-07-21 07:17:49.299523-03:00
YAHOO_FINANCE,^BVSP,2026-02-13,187766.0,187766.0,183662.0,186464.0,186464.0,11594000,2026-07-21 07:17:49.299523-03:00
YAHOO_FINANCE,^BVSP,2026-02-18,186464.0,187657.0,185001.0,186016.0,186016.0,7790700,2026-07-21 07:17:49.299523-03:00
YAHOO_FINANCE,^BVSP,2026-02-19,186020.0,188687.0,185928.0,188534.0,188534.0,9228700,2026-07-21 07:17:49.299523-03:00
YAHOO_FINANCE,^BVSP,2026-02-20,188531.0,190727.0,186700.0,190534.0,190534.0,9988100,2026-07-21 07:17:49.299523-03:00
YAHOO_FINANCE,^BVSP,2026-02-23,190532.0,191003.0,188526.0,188854.0,188854.0,9901300,2026-07-21 07:17:49.299523-03:00
YAHOO_FINANCE,^BVSP,2026-02-24,188855.0,191781.0,188855.0,191490.0,191490.0,11037300,2026-07-21 07:17:49.299523-03:00
YAHOO_FINANCE,^BVSP,2026-02-25,191491.0,192624.0,190419.0,191248.0,191248.0,9134900,2026-07-21 07:17:49.299523-03:00
YAHOO_FINANCE,^BVSP,2026-02-26,191248.0,191978.0,188977.0,191005.0,191005.0,8797400,2026-07-21 07:17:49.299523-03:00
YAHOO_FINANCE,^BVSP,2026-02-27,191005.0,191005.0,188478.0,188787.0,188787.0,11002300,2026-07-21 07:17:49.299523-03:00
YAHOO_FINANCE,^BVSP,2026-03-02,188786.0,190110.0,186638.0,189307.0,189307.0,9090200,2026-07-21 07:17:49.299523-03:00
YAHOO_FINANCE,^BVSP,2026-03-03,189284.0,189602.0,180518.0,183105.0,183105.0,14367500,2026-07-21 07:17:49.299523-03:00
YAHOO_FINANCE,^BVSP,2026-03-04,183110.0,186306.0,183110.0,185366.0,185366.0,9113300,2026-07-21 07:17:49.299523-03:00
YAHOO_FINANCE,^BVSP,2026-03-05,185365.0,185366.0,179895.0,180464.0,180464.0,10596200,2026-07-21 07:17:49.299523-03:00
YAHOO_FINANCE,^BVSP,2026-03-06,180463.0,181091.0,178557.0,179365.0,179365.0,9918300,2026-07-21 07:17:49.299523-03:00
YAHOO_FINANCE,^BVSP,2026-03-09,179367.0,181952.0,177637.0,180915.0,180915.0,11419300,2026-07-21 07:17:49.299523-03:00
YAHOO_FINANCE,^BVSP,2026-03-10,180921.0,185324.0,180693.0,183447.0,183447.0,10083000,2026-07-21 07:17:49.299523-03:00
YAHOO_FINANCE,^BVSP,2026-03-11,183446.0,185714.0,182021.0,183969.0,183969.0,8956100,2026-07-21 07:17:49.299523-03:00
YAHOO_FINANCE,^BVSP,2026-03-12,183969.0,183992.0,178495.0,179285.0,179285.0,12075300,2026-07-21 07:17:49.299523-03:00
YAHOO_FINANCE,^BVSP,2026-03-13,179285.0,180996.0,177322.0,177653.0,177653.0,9525600,2026-07-21 07:17:49.299523-03:00
YAHOO_FINANCE,^BVSP,2026-03-16,177656.0,181255.0,177656.0,179875.0,179875.0,7370100,2026-07-21 07:17:49.299523-03:00
YAHOO_FINANCE,^BVSP,2026-03-17,179882.0,182800.0,179850.0,180410.0,180410.0,9332600,2026-07-21 07:17:49.299523-03:00
YAHOO_FINANCE,^BVSP,2026-03-18,180409.0,181551.0,179576.0,179640.0,179640.0,9750200,2026-07-21 07:17:49.299523-03:00
YAHOO_FINANCE,^BVSP,2026-03-19,179624.0,181251.0,176296.0,180271.0,180271.0,12560400,2026-07-21 07:17:49.299523-03:00
YAHOO_FINANCE,^BVSP,2026-03-20,180262.0,180305.0,175039.0,176219.0,176219.0,15348900,2026-07-21 07:17:49.299523-03:00
YAHOO_FINANCE,^BVSP,2026-03-23,176221.0,182973.0,176221.0,181932.0,181932.0,9874700,2026-07-21 07:17:49.299523-03:00
YAHOO_FINANCE,^BVSP,2026-03-24,181932.0,182649.0,179915.0,182509.0,182509.0,7563900,2026-07-21 07:17:49.299523-03:00
YAHOO_FINANCE,^BVSP,2026-03-25,182529.0,186401.0,182524.0,185424.0,185424.0,9074000,2026-07-21 07:17:49.299523-03:00
YAHOO_FINANCE,^BVSP,2026-03-26,185424.0,185424.0,182570.0,182733.0,182733.0,7806700,2026-07-21 07:17:49.299523-03:00
YAHOO_FINANCE,^BVSP,2026-03-27,182733.0,183351.0,180976.0,181557.0,181557.0,8073000,2026-07-21 07:17:49.299523-03:00
YAHOO_FINANCE,^BVSP,2026-03-30,181561.0,184414.0,181560.0,182514.0,182514.0,7704600,2026-07-21 07:17:49.299523-03:00
YAHOO_FINANCE,^BVSP,2026-03-31,182515.0,187508.0,182515.0,187462.0,187462.0,11389100,2026-07-21 07:17:49.299523-03:00
YAHOO_FINANCE,^BVSP,2026-04-01,187463.0,189131.0,187256.0,187953.0,187953.0,10556000,2026-07-21 07:17:49.299523-03:00
YAHOO_FINANCE,^BVSP,2026-04-02,187923.0,189251.0,185214.0,188052.0,188052.0,7082900,2026-07-21 07:17:49.299523-03:00
YAHOO_FINANCE,^BVSP,2026-04-06,188054.0,189220.0,187811.0,188162.0,188162.0,5697600,2026-07-21 07:17:49.299523-03:00
YAHOO_FINANCE,^BVSP,2026-04-07,188162.0,188259.0,185885.0,188259.0,188259.0,8753200,2026-07-21 07:17:49.299523-03:00
YAHOO_FINANCE,^BVSP,2026-04-08,188261.0,193759.0,188260.0,192201.0,192201.0,12594000,2026-07-21 07:17:49.299523-03:00
YAHOO_FINANCE,^BVSP,2026-04-09,192206.0,195514.0,192206.0,195129.0,195129.0,9382900,2026-07-21 07:17:49.299523-03:00
YAHOO_FINANCE,^BVSP,2026-04-10,195130.0,197554.0,195129.0,197324.0,197324.0,9661000,2026-07-21 07:17:49.299523-03:00
YAHOO_FINANCE,^BVSP,2026-04-13,197324.0,198173.0,196223.0,198001.0,198001.0,9947000,2026-07-21 07:17:49.299523-03:00
YAHOO_FINANCE,^BVSP,2026-04-14,198002.0,199355.0,198002.0,198657.0,198657.0,9222400,2026-07-21 07:17:49.299523-03:00
YAHOO_FINANCE,^BVSP,2026-04-15,198657.0,199233.0,196966.0,197738.0,197738.0,10709900,2026-07-21 07:17:49.299523-03:00
YAHOO_FINANCE,^BVSP,2026-04-16,197738.0,198587.0,196354.0,196819.0,196819.0,9286300,2026-07-21 07:17:49.299523-03:00
YAHOO_FINANCE,^BVSP,2026-04-17,196819.0,198666.0,195368.0,195734.0,195734.0,12187300,2026-07-21 07:17:49.299523-03:00
YAHOO_FINANCE,^BVSP,2026-04-20,195734.0,196724.0,195282.0,196132.0,196132.0,6767400,2026-07-21 07:17:49.299523-03:00
YAHOO_FINANCE,^BVSP,2026-04-22,196132.0,196132.0,192687.0,192889.0,192889.0,8398100,2026-07-21 07:17:49.299523-03:00
YAHOO_FINANCE,^BVSP,2026-04-23,192889.0,193347.0,190930.0,191378.0,191378.0,7763400,2026-07-21 07:17:49.299523-03:00
YAHOO_FINANCE,^BVSP,2026-04-24,191378.0,191390.0,189963.0,190745.0,190745.0,7223800,2026-07-21 07:17:49.299523-03:00
YAHOO_FINANCE,^BVSP,2026-04-27,190745.0,191340.0,189579.0,189579.0,189579.0,6663800,2026-07-21 07:17:49.299523-03:00
YAHOO_FINANCE,^BVSP,2026-04-28,189579.0,189579.0,187237.0,188619.0,188619.0,7511500,2026-07-21 07:17:49.299523-03:00
YAHOO_FINANCE,^BVSP,2026-04-29,188619.0,188710.0,184504.0,184750.0,184750.0,9054900,2026-07-21 07:17:49.299523-03:00
YAHOO_FINANCE,^BVSP,2026-04-30,184759.0,187921.0,184759.0,187318.0,187318.0,8991200,2026-07-21 07:17:49.299523-03:00
YAHOO_FINANCE,^BVSP,2026-05-04,187318.0,187666.0,185538.0,185600.0,185600.0,7544200,2026-07-21 07:17:49.299523-03:00
YAHOO_FINANCE,^BVSP,2026-05-05,185597.0,187428.0,185364.0,186754.0,186754.0,8631700,2026-07-21 07:17:49.299523-03:00
YAHOO_FINANCE,^BVSP,2026-05-06,186762.0,188674.0,186762.0,187691.0,187691.0,8844600,2026-07-21 07:17:49.299523-03:00
YAHOO_FINANCE,^BVSP,2026-05-07,187690.0,187779.0,182868.0,183218.0,183218.0,9643100,2026-07-21 07:17:49.299523-03:00
YAHOO_FINANCE,^BVSP,2026-05-08,183222.0,185585.0,183217.0,184108.0,184108.0,9214400,2026-07-21 07:17:49.299523-03:00
YAHOO_FINANCE,^BVSP,2026-05-11,184103.0,184530.0,181615.0,181909.0,181909.0,8780300,2026-07-21 07:17:49.299523-03:00
YAHOO_FINANCE,^BVSP,2026-05-12,181897.0,181897.0,179939.0,180342.0,180342.0,9056000,2026-07-21 07:17:49.299523-03:00
YAHOO_FINANCE,^BVSP,2026-05-13,180342.0,180513.0,176787.0,177098.0,177098.0,12621300,2026-07-21 07:17:49.299523-03:00
YAHOO_FINANCE,^BVSP,2026-05-14,177104.0,179476.0,177104.0,178366.0,178366.0,9295700,2026-07-21 07:17:49.299523-03:00
YAHOO_FINANCE,^BVSP,2026-05-15,178341.0,178341.0,175417.0,177284.0,177284.0,9772200,2026-07-21 07:17:49.299523-03:00
YAHOO_FINANCE,^BVSP,2026-05-18,177281.0,177330.0,175811.0,176976.0,176976.0,7367400,2026-07-21 07:17:49.299523-03:00
YAHOO_FINANCE,^BVSP,2026-05-19,176973.0,176973.0,173544.0,174279.0,174279.0,9086100,2026-07-21 07:17:49.299523-03:00
YAHOO_FINANCE,^BVSP,2026-05-20,174279.0,178199.0,174279.0,177356.0,177356.0,9365700,2026-07-21 07:17:49.299523-03:00
YAHOO_FINANCE,^BVSP,2026-05-21,177352.0,178547.0,175805.0,177650.0,177650.0,7354500,2026-07-21 07:17:49.299523-03:00
YAHOO_FINANCE,^BVSP,2026-05-22,177649.0,177649.0,174893.0,176210.0,176210.0,6760900,2026-07-21 07:17:49.299523-03:00
YAHOO_FINANCE,^BVSP,2026-05-25,176210.0,177512.0,176210.0,177359.0,177359.0,2377600,2026-07-21 07:17:49.299523-03:00
YAHOO_FINANCE,^BVSP,2026-05-26,177816.0,177816.0,175516.0,176589.0,176589.0,7402600,2026-07-21 07:17:49.299523-03:00
YAHOO_FINANCE,^BVSP,2026-05-27,176602.0,177640.0,175555.0,175744.0,175744.0,7310400,2026-07-21 07:17:49.299523-03:00
YAHOO_FINANCE,^BVSP,2026-05-28,175744.0,176627.0,174686.0,175063.0,175063.0,7376200,2026-07-21 07:17:49.299523-03:00
YAHOO_FINANCE,^BVSP,2026-05-29,175064.0,175064.0,172686.0,173788.0,173788.0,15551600,2026-07-21 07:17:49.299523-03:00
YAHOO_FINANCE,^BVSP,2026-06-01,173790.0,173975.0,171793.0,172198.0,172198.0,9892300,2026-07-21 07:17:49.299523-03:00
YAHOO_FINANCE,^BVSP,2026-06-02,172199.0,174894.0,172199.0,174198.0,174198.0,7503900,2026-07-21 07:17:49.299523-03:00
YAHOO_FINANCE,^BVSP,2026-06-03,174192.0,174192.0,170008.0,170331.0,170331.0,9974200,2026-07-21 07:17:49.299523-03:00
YAHOO_FINANCE,^BVSP,2026-06-05,170331.0,170457.0,168910.0,169019.0,169019.0,8585100,2026-07-21 07:17:49.299523-03:00
YAHOO_FINANCE,^BVSP,2026-06-08,169042.0,169646.0,168130.0,168669.0,168669.0,7438000,2026-07-21 07:17:49.299523-03:00
YAHOO_FINANCE,^BVSP,2026-06-09,168673.0,170601.0,168406.0,169813.0,169813.0,8440200,2026-07-21 07:17:49.299523-03:00
YAHOO_FINANCE,^BVSP,2026-06-10,169813.0,169813.0,168071.0,168619.0,168619.0,8732300,2026-07-21 07:17:49.299523-03:00
YAHOO_FINANCE,^BVSP,2026-06-11,168619.0,171927.0,168280.0,171497.0,171497.0,10576900,2026-07-21 07:17:49.299523-03:00
YAHOO_FINANCE,^BVSP,2026-06-12,171497.0,172545.0,169993.0,171133.0,171133.0,7013700,2026-07-21 07:17:49.299523-03:00
YAHOO_FINANCE,^BVSP,2026-06-15,171139.0,174228.0,170351.0,170415.0,170415.0,8709200,2026-07-21 07:17:49.299523-03:00
YAHOO_FINANCE,^BVSP,2026-06-16,170416.0,170416.0,169121.0,169649.0,169649.0,8765700,2026-07-21 07:17:49.299523-03:00
YAHOO_FINANCE,^BVSP,2026-06-17,169649.0,171878.0,167916.0,168454.0,168454.0,10732100,2026-07-21 07:17:49.299523-03:00
YAHOO_FINANCE,^BVSP,2026-06-18,168467.0,169542.0,167911.0,168278.0,168278.0,9236700,2026-07-21 07:17:49.299523-03:00
YAHOO_FINANCE,^BVSP,2026-06-19,168279.0,168787.0,167658.0,168576.0,168576.0,4847900,2026-07-21 07:17:49.299523-03:00
YAHOO_FINANCE,^BVSP,2026-06-22,168334.0,170750.0,168326.0,170370.0,170370.0,8544200,2026-07-21 07:17:49.299523-03:00
YAHOO_FINANCE,^BVSP,2026-06-23,170367.0,171720.0,168495.0,171259.0,171259.0,7598800,2026-07-21 07:17:49.299523-03:00
YAHOO_FINANCE,^BVSP,2026-06-24,171256.0,171342.0,169668.0,170507.0,170507.0,9571200,2026-07-21 07:17:49.299523-03:00
YAHOO_FINANCE,^BVSP,2026-06-25,170508.0,173277.0,170508.0,171990.0,171990.0,7620600,2026-07-21 07:17:49.299523-03:00
YAHOO_FINANCE,^BVSP,2026-06-26,171990.0,173964.0,171124.0,173295.0,173295.0,6921000,2026-07-21 07:17:49.299523-03:00
YAHOO_FINANCE,^BVSP,2026-06-29,173294.0,173892.0,172393.0,173205.0,173205.0,4909900,2026-07-21 07:17:49.299523-03:00
YAHOO_FINANCE,^BVSP,2026-06-30,173205.0,173205.0,170539.0,172024.0,172024.0,7692000,2026-07-21 07:17:49.299523-03:00
YAHOO_FINANCE,^BVSP,2026-07-01,172017.0,172098.0,169666.0,171689.0,171689.0,7659700,2026-07-21 07:17:49.299523-03:00
YAHOO_FINANCE,^BVSP,2026-07-02,171698.0,174426.0,171697.0,172788.0,172788.0,6513500,2026-07-21 07:17:49.299523-03:00
YAHOO_FINANCE,^BVSP,2026-07-03,172790.0,174664.0,172790.0,174266.0,174266.0,2949700,2026-07-21 07:17:49.299523-03:00
YAHOO_FINANCE,^BVSP,2026-07-06,174058.0,174058.0,171622.0,172448.0,172448.0,5740300,2026-07-21 07:17:49.299523-03:00
YAHOO_FINANCE,^BVSP,2026-07-07,172439.0,173544.0,171417.0,172021.0,172021.0,6763100,2026-07-21 07:17:49.299523-03:00
YAHOO_FINANCE,^BVSP,2026-07-08,172018.0,172018.0,169972.0,170654.0,170654.0,7237000,2026-07-21 07:17:49.299523-03:00
YAHOO_FINANCE,^BVSP,2026-07-09,170655.0,172933.0,170653.0,172742.0,172742.0,6832100,2026-07-21 07:17:49.299523-03:00
YAHOO_FINANCE,^BVSP,2026-07-10,172761.0,177866.0,172761.0,177866.0,177866.0,8425700,2026-07-21 07:17:49.299523-03:00
YAHOO_FINANCE,^BVSP,2026-07-13,177868.0,178154.0,175567.0,175739.0,175739.0,6119200,2026-07-21 07:17:49.299523-03:00
YAHOO_FINANCE,^BVSP,2026-07-14,175743.0,177179.0,175743.0,176641.0,176641.0,7258300,2026-07-21 07:17:49.299523-03:00
YAHOO_FINANCE,^BVSP,2026-07-15,176663.0,176663.0,175288.0,176011.0,176011.0,7072400,2026-07-21 07:17:49.299523-03:00
YAHOO_FINANCE,^BVSP,2026-07-16,176010.0,176011.0,173537.0,173825.0,173825.0,6135900,2026-07-21 07:17:49.299523-03:00
YAHOO_FINANCE,^BVSP,2026-07-17,173825.0,174505.0,173285.0,173714.0,173714.0,7299200,2026-07-21 07:17:49.299523-03:00
YAHOO_FINANCE,^BVSP,2026-07-20,173714.0,174311.0,173222.0,173371.0,173371.0,5028800,2026-07-21 07:17:49.299523-03:00
